SKU_ID,Categoria,Stock_Actual,Costo_Unitario_USD,Punto_Reorden,Lead_Time_Dias,Bodega_Origen,Ultima_Revision,Categoria_Imputada,Stock_Imputado,Costo_Unitario_Winsorizado,Lead_Time_Dias_Original,Lead_Time_Imputado,Antiguedad_Revision_Dias,Valor_Inventario,Ratio_Stock_Reorden,Alta_Disponibilidad,Registro_Confiable
PROD-1000,Smartphones,1058.0,870.38,259,27.5,Norte,2025-11-17,False,True,False,25-30 días,False,75,920862.04,4.084942084942085,True,False
PROD-1001,Accesorios,476.0,1397.26,169,27.5,Norte,2024-03-05,False,False,False,25-30 días,False,697,665095.76,2.8165680473372783,True,True
PROD-1002,Monitores,1209.0,611.62,214,5.0,Sur,2024-06-21,False,False,False,5,False,589,739448.58,5.649532710280374,True,True
PROD-1003,Smartphones,1825.0,145.94,187,10.0,Sur,2025-01-07,False,False,False,10,False,389,266340.5,9.759358288770054,True,True
PROD-1004,Smartphones,1713.0,77.78,105,5.0,Sur,2024-07-04,False,False,False,5,False,576,133237.14,16.314285714285713,True,True
PROD-1005,Laptops,470.0,1248.94,126,10.0,ZONA_FRANCA,2025-02-24,True,False,False,10,False,341,587001.8,3.7301587301587302,True,False
PROD-1006,Monitores,1651.0,810.87,181,27.5,Norte,2025-04-17,False,False,False,25-30 días,False,289,1338746.37,9.121546961325967,True,True
PROD-1007,Monitores,966.0,1174.1,187,5.0,Norte,2024-07-13,False,False,False,,True,567,1134180.5999999999,5.165775401069519,True,False
PROD-1008,Smartphones,963.0,389.92,219,10.0,Norte,2025-03-07,False,False,False,10,False,330,375492.96,4.397260273972603,True,True
PROD-1009,Tablets,66.0,550.37,123,27.5,Norte,2025-05-18,False,False,False,25-30 días,False,258,36324.42,0.5365853658536586,False,True
PROD-1010,Smartphones,1317.0,0.05,201,27.5,Sur,2024-12-02,False,False,False,25-30 días,False,425,65.85000000000001,6.552238805970149,True,True
PROD-1011,Smartphones,533.0,1444.16,133,5.0,Norte,2026-01-26,False,False,False,5,False,5,769737.28,4.007518796992481,True,True
PROD-1012,Smartphones,344.0,1018.41,267,5.0,Norte,2026-01-26,False,False,False,5,False,5,350333.04,1.2883895131086143,False,True
PROD-1013,Smartphones,1037.0,1403.15,146,5.0,Norte,2025-07-25,False,False,False,,True,190,1455066.55,7.102739726027397,True,False
PROD-1014,Laptops,21.0,434.97,123,0.0,BOD-EXT-99,2025-09-06,True,False,False,Inmediato,False,147,9134.37,0.17073170731707318,False,False
PROD-1015,Monitores,223.0,936.62,164,3.0,Occidente,2024-12-23,False,False,False,3,False,404,208866.26,1.3597560975609757,False,True
PROD-1016,Accesorios,1963.0,1033.82,117,0.0,ZONA_FRANCA,2025-05-19,False,False,False,Inmediato,False,257,2029388.66,16.77777777777778,True,True
PROD-1017,Laptops,1293.0,510.45,143,0.0,Norte,2024-10-10,True,False,False,Inmediato,False,478,660011.85,9.041958041958042,True,False
PROD-1018,Laptops,287.0,1279.76,175,5.0,ZONA_FRANCA,2025-11-03,True,False,False,,True,89,367291.12,1.64,False,False
PROD-1019,Smartphones,1339.0,1423.38,156,10.0,ZONA_FRANCA,2026-01-22,False,False,False,10,False,9,1905905.82,8.583333333333334,True,True
PROD-1020,Laptops,556.0,1333.04,206,5.0,ZONA_FRANCA,2025-11-06,False,False,False,,True,86,741170.24,2.6990291262135924,True,False
PROD-1021,Monitores,115.0,1121.65,255,5.0,BOD-EXT-99,2025-09-03,False,False,False,,True,150,128989.75000000001,0.45098039215686275,False,False
PROD-1022,Tablets,1517.0,452.32,223,27.5,ZONA_FRANCA,2024-05-17,False,False,False,25-30 días,False,624,686169.44,6.802690582959642,True,True
PROD-1023,Laptops,1274.0,458.34,298,27.5,BOD-EXT-99,2026-01-02,True,False,False,25-30 días,False,29,583925.1599999999,4.275167785234899,True,False
PROD-1024,Accesorios,678.0,1446.87,250,27.5,Norte,2025-09-26,False,False,False,25-30 días,False,127,980977.8599999999,2.712,True,True
PROD-1025,Laptops,1019.5,64.91,261,3.0,Norte,2025-11-15,False,True,False,3,False,77,66175.745,3.9061302681992336,True,False
PROD-1026,Laptops,1993.0,1088.27,238,10.0,BOD-EXT-99,2024-12-07,False,False,False,10,False,420,2168922.11,8.373949579831933,True,True
PROD-1027,Tablets,51.0,1074.06,262,10.0,Occidente,2025-12-08,False,False,False,10,False,54,54777.06,0.1946564885496183,False,True
PROD-1028,Laptops,1365.0,952.9,215,27.5,ZONA_FRANCA,2024-10-09,True,False,False,25-30 días,False,479,1300708.5,6.348837209302325,True,False
PROD-1029,Accesorios,728.0,1485.66,192,0.0,Occidente,2025-04-02,False,False,False,Inmediato,False,304,1081560.48,3.7916666666666665,True,True
PROD-1030,Monitores,163.0,502.23,141,3.0,Norte,2024-08-04,False,False,False,3,False,545,81863.49,1.1560283687943262,False,True
PROD-1031,Laptops,1061.0,542.96,127,0.0,Norte,2025-10-19,False,False,False,Inmediato,False,104,576080.56,8.354330708661417,True,True
PROD-1032,Accesorios,1526.0,164.46,222,5.0,Sur,2025-08-13,False,False,False,5,False,171,250965.96000000002,6.873873873873874,True,True
PROD-1033,Tablets,1645.0,692.06,123,10.0,ZONA_FRANCA,2024-09-20,False,False,False,10,False,498,1138438.7,13.373983739837398,True,True
PROD-1034,Laptops,541.0,428.52,235,10.0,Sur,2026-01-10,False,False,False,10,False,21,231829.31999999998,2.302127659574468,True,True
PROD-1035,Monitores,1283.0,547.91,205,0.0,Occidente,2025-04-20,False,False,False,Inmediato,False,286,702968.5299999999,6.258536585365854,True,True
PROD-1036,Accesorios,1059.0,1260.13,217,3.0,Norte,2025-01-06,False,False,False,3,False,390,1334477.6700000002,4.880184331797235,True,True
PROD-1037,Laptops,663.0,1406.45,152,10.0,Sur,2024-05-25,False,False,False,10,False,616,932476.35,4.3618421052631575,True,True
PROD-1038,Laptops,885.0,319.31,299,0.0,Norte,2025-09-05,False,False,False,Inmediato,False,148,282589.35,2.959866220735786,True,True
PROD-1039,Smartphones,1901.0,590.14,231,5.0,ZONA_FRANCA,2025-05-05,False,False,False,,True,271,1121856.14,8.229437229437229,True,False
PROD-1040,Smartphones,191.0,1396.51,199,5.0,Occidente,2025-04-08,False,False,False,,True,298,266733.41,0.9597989949748744,False,False
PROD-1041,Smartphones,1993.0,139.62,104,3.0,BOD-EXT-99,2025-08-13,False,False,False,3,False,171,278262.66000000003,19.16346153846154,True,True
PROD-1042,Tablets,1020.0,183.92,148,0.0,Norte,2025-12-16,False,True,False,Inmediato,False,46,187598.4,6.891891891891892,True,False
PROD-1043,Laptops,1718.0,286.05,197,5.0,BOD-EXT-99,2024-05-16,True,False,False,,True,625,491433.9,8.720812182741117,True,False
PROD-1044,Accesorios,1899.0,913.06,129,3.0,Norte,2025-07-09,False,False,False,3,False,206,1733900.94,14.720930232558139,True,True
PROD-1045,Accesorios,867.0,268.18,171,27.5,ZONA_FRANCA,2024-11-05,False,False,False,25-30 días,False,452,232512.06,5.0701754385964914,True,True
PROD-1046,Laptops,39.0,1453.71,202,3.0,Norte,2025-01-02,True,False,False,3,False,394,56694.69,0.19306930693069307,False,False
PROD-1047,Smartphones,1659.0,697.74,162,5.0,Norte,2025-04-06,False,False,False,5,False,300,1157550.66,10.24074074074074,True,True
PROD-1048,Laptops,92.0,777.2,274,27.5,ZONA_FRANCA,2024-03-27,False,False,False,25-30 días,False,675,71502.40000000001,0.3357664233576642,False,True
PROD-1049,Laptops,55.0,407.65,125,0.0,ZONA_FRANCA,2025-08-09,False,False,False,Inmediato,False,175,22420.75,0.44,False,True
PROD-1050,Smartphones,1058.0,732.89,284,27.5,BOD-EXT-99,2025-10-14,False,True,False,25-30 días,False,109,775397.62,3.7253521126760565,True,False
PROD-1051,Laptops,836.0,1009.77,136,27.5,Norte,2024-03-19,False,False,False,25-30 días,False,683,844167.72,6.147058823529412,True,True
PROD-1052,Smartphones,377.0,1139.21,106,0.0,Occidente,2025-07-14,False,False,False,Inmediato,False,201,429482.17000000004,3.556603773584906,True,True
PROD-1053,Accesorios,1278.0,1143.11,226,0.0,BOD-EXT-99,2025-08-17,False,False,False,Inmediato,False,167,1460894.5799999998,5.654867256637168,True,True
PROD-1054,Smartphones,1845.0,887.94,267,5.0,ZONA_FRANCA,2024-05-28,False,False,False,,True,613,1638249.3,6.910112359550562,True,False
PROD-1055,Accesorios,1944.0,1361.32,191,5.0,Norte,2025-11-07,False,False,False,5,False,85,2646406.08,10.178010471204189,True,True
PROD-1056,Laptops,266.0,1235.24,266,0.0,BOD-EXT-99,2024-04-18,True,False,False,Inmediato,False,653,328573.84,1.0,False,False
PROD-1057,Laptops,1936.0,1147.72,289,10.0,Sur,2025-12-12,False,False,False,10,False,50,2221985.92,6.698961937716263,True,True
PROD-1058,Smartphones,584.0,130.63,202,10.0,Occidente,2025-10-12,False,False,False,10,False,111,76287.92,2.891089108910891,True,True
PROD-1059,Monitores,1875.0,59.97,152,5.0,BOD-EXT-99,2024-10-26,False,False,False,5,False,462,112443.75,12.335526315789474,True,True
PROD-1060,Smartphones,1389.0,358.05,231,3.0,ZONA_FRANCA,2024-11-16,False,False,False,3,False,441,497331.45,6.012987012987013,True,True
PROD-1061,Smartphones,502.0,1012.11,207,3.0,ZONA_FRANCA,2025-05-06,False,False,False,3,False,270,508079.22000000003,2.42512077294686,True,True
PROD-1062,Monitores,665.0,646.24,211,10.0,Occidente,2024-07-04,False,False,False,10,False,576,429749.60000000003,3.1516587677725116,True,True
PROD-1063,Laptops,1237.0,633.49,252,0.0,Sur,2025-02-22,False,False,False,Inmediato,False,343,783627.13,4.908730158730159,True,True
PROD-1064,Smartphones,1663.0,1332.65,106,5.0,BOD-EXT-99,2025-08-02,False,False,False,5,False,182,2216196.95,15.68867924528302,True,True
PROD-1065,Tablets,1833.0,1348.57,255,3.0,BOD-EXT-99,2024-09-16,False,False,False,3,False,502,2471928.81,7.188235294117647,True,True
PROD-1066,Accesorios,1057.0,1368.3,296,3.0,Norte,2026-01-22,False,False,False,3,False,9,1446293.0999999999,3.570945945945946,True,True
PROD-1067,Laptops,1291.0,505.12,166,27.5,Norte,2024-09-25,False,False,False,25-30 días,False,493,652109.92,7.77710843373494,True,True
PROD-1068,Accesorios,60.0,1052.03,207,10.0,ZONA_FRANCA,2025-06-12,False,False,False,10,False,233,63121.799999999996,0.2898550724637681,False,True
PROD-1069,Laptops,200.0,443.87,210,0.0,BOD-EXT-99,2025-04-09,False,False,False,Inmediato,False,297,88774.0,0.9523809523809523,False,True
PROD-1070,Tablets,408.0,326.38,247,5.0,BOD-EXT-99,2025-06-02,False,False,False,5,False,243,133163.04,1.6518218623481782,False,True
PROD-1071,Tablets,1057.0,317.72,182,3.0,BOD-EXT-99,2024-09-10,False,False,False,3,False,508,335830.04000000004,5.8076923076923075,True,True
PROD-1072,Laptops,157.0,546.06,223,27.5,Sur,2025-02-15,False,False,False,25-30 días,False,350,85731.42,0.7040358744394619,False,True
PROD-1073,Tablets,849.0,673.44,238,10.0,Norte,2025-05-10,False,False,False,10,False,266,571750.56,3.5672268907563027,True,True
PROD-1074,Monitores,961.0,1254.88,203,10.0,BOD-EXT-99,2024-05-12,False,True,False,10,False,629,1205939.6800000002,4.733990147783251,True,False
PROD-1075,Tablets,1020.0,223.84,166,5.0,Occidente,2024-04-16,False,True,False,5,False,655,228316.80000000002,6.144578313253012,True,False
PROD-1076,Accesorios,359.0,1115.64,106,3.0,ZONA_FRANCA,2025-07-15,False,False,False,3,False,200,400514.76,3.3867924528301887,True,True
PROD-1077,Accesorios,844.0,820.61,250,5.0,Norte,2025-06-07,False,False,False,5,False,238,692594.84,3.376,True,True
PROD-1078,Smartphones,464.0,467.52,288,5.0,Occidente,2025-03-04,False,False,False,5,False,333,216929.28,1.6111111111111112,False,True
PROD-1079,Accesorios,758.0,764.59,298,5.0,ZONA_FRANCA,2024-12-13,False,False,False,,True,414,579559.22,2.5436241610738257,True,False
PROD-1080,Smartphones,823.0,484.92,209,27.5,Sur,2024-10-05,False,False,False,25-30 días,False,483,399089.16000000003,3.937799043062201,True,True
PROD-1081,Accesorios,987.0,914.32,133,10.0,Norte,2024-11-21,False,True,False,10,False,436,902433.8400000001,7.421052631578948,True,False
PROD-1082,Monitores,920.0,679.07,205,5.0,Norte,2025-05-31,False,False,False,,True,245,624744.4,4.487804878048781,True,False
PROD-1083,Laptops,1510.0,288.39,246,0.0,ZONA_FRANCA,2026-01-24,True,False,False,Inmediato,False,7,435468.89999999997,6.138211382113822,True,False
PROD-1084,Smartphones,1274.0,219.05,157,10.0,Occidente,2025-09-02,False,False,False,10,False,151,279069.7,8.114649681528663,True,True
PROD-1085,Smartphones,1216.0,842.71,108,10.0,Norte,2025-01-05,False,False,False,10,False,391,1024735.3600000001,11.25925925925926,True,True
PROD-1086,Laptops,699.0,1358.5,147,27.5,Sur,2025-07-05,False,False,False,25-30 días,False,210,949591.5,4.755102040816326,True,True
PROD-1087,Laptops,634.0,548.74,214,0.0,ZONA_FRANCA,2025-01-30,False,False,False,Inmediato,False,366,347901.16000000003,2.9626168224299065,True,True
PROD-1088,Accesorios,1877.0,1112.85,140,3.0,Sur,2024-04-02,False,False,False,3,False,669,2088819.4499999997,13.407142857142857,True,True
PROD-1089,Tablets,644.0,1005.06,147,0.0,Norte,2024-07-11,False,False,False,Inmediato,False,569,647258.64,4.380952380952381,True,True
PROD-1090,Laptops,256.0,1400.75,272,3.0,BOD-EXT-99,2025-11-07,True,False,False,3,False,85,358592.0,0.9411764705882353,False,False
PROD-1091,Accesorios,1939.0,1240.42,124,0.0,BOD-EXT-99,2025-12-08,False,False,False,Inmediato,False,54,2405174.3800000004,15.637096774193548,True,True
PROD-1092,Tablets,611.0,871.58,215,5.0,Norte,2024-05-08,False,False,False,5,False,633,532535.38,2.841860465116279,True,True
PROD-1093,Laptops,498.0,1002.69,177,0.0,Sur,2024-11-12,False,False,False,Inmediato,False,445,499339.62000000005,2.8135593220338984,True,True
PROD-1094,Laptops,261.0,1352.66,207,5.0,ZONA_FRANCA,2024-05-22,False,False,False,,True,619,353044.26,1.2608695652173914,False,False
PROD-1095,Laptops,1032.0,629.3,124,5.0,Norte,2025-04-03,False,False,False,,True,303,649437.6,8.32258064516129,True,False
PROD-1096,Tablets,1687.0,523.85,246,27.5,Occidente,2025-09-22,False,False,False,25-30 días,False,131,883734.9500000001,6.857723577235772,True,True
PROD-1097,Accesorios,704.0,65.68,138,3.0,BOD-EXT-99,2024-12-07,False,False,False,3,False,420,46238.72,5.101449275362318,True,True
PROD-1098,Laptops,1019.5,1248.5,218,10.0,ZONA_FRANCA,2025-01-12,False,True,False,10,False,384,1272845.75,4.676605504587156,True,False
PROD-1099,Monitores,394.0,1211.42,178,27.5,Sur,2025-07-18,False,False,False,25-30 días,False,197,477299.48000000004,2.2134831460674156,True,True
PROD-1100,Smartphones,1058.0,201.46,179,5.0,Norte,2025-12-16,False,True,False,,True,46,213144.68000000002,5.910614525139665,True,False
PROD-1101,Tablets,1932.0,886.44,126,5.0,ZONA_FRANCA,2025-07-13,False,False,False,,True,202,1712602.08,15.333333333333334,True,False
PROD-1102,Tablets,1180.0,722.77,203,3.0,Norte,2025-05-16,False,False,False,3,False,260,852868.6,5.812807881773399,True,True
PROD-1103,Accesorios,302.0,222.13,173,5.0,Norte,2024-03-13,False,False,False,,True,689,67083.26,1.745664739884393,False,False
PROD-1104,Tablets,852.0,1471.82,290,5.0,Norte,2026-01-08,False,False,False,,True,23,1253990.64,2.9379310344827587,True,False
PROD-1105,Tablets,1305.0,361.31,167,3.0,Sur,2024-03-16,False,False,False,3,False,686,471509.55,7.81437125748503,True,True
PROD-1106,Laptops,1698.0,147.49,246,5.0,ZONA_FRANCA,2025-02-26,False,False,False,,True,339,250438.02000000002,6.902439024390244,True,False
PROD-1107,Accesorios,108.0,912.53,127,10.0,Norte,2024-12-16,False,False,False,10,False,411,98553.23999999999,0.8503937007874016,False,True
PROD-1108,Laptops,1927.0,1121.36,222,5.0,Norte,2025-05-16,False,False,False,5,False,260,2160860.7199999997,8.68018018018018,True,True
PROD-1109,Smartphones,906.0,97.04,260,27.5,Sur,2025-04-21,False,False,False,25-30 días,False,285,87918.24,3.4846153846153847,True,True
PROD-1110,Laptops,353.0,1005.14,237,10.0,Sur,2024-09-06,True,False,False,10,False,512,354814.42,1.489451476793249,False,False
PROD-1111,Smartphones,465.0,821.82,182,10.0,BOD-EXT-99,2025-11-07,False,False,False,10,False,85,382146.30000000005,2.5549450549450547,True,True
PROD-1112,Laptops,1337.0,199.73,129,5.0,Norte,2024-11-28,True,False,False,5,False,429,267039.01,10.364341085271318,True,False
PROD-1113,Laptops,905.0,300.16,121,27.5,ZONA_FRANCA,2024-06-30,False,False,False,25-30 días,False,580,271644.80000000005,7.479338842975206,True,True
PROD-1114,Smartphones,1662.0,873.56,102,10.0,ZONA_FRANCA,2026-01-01,False,False,False,10,False,30,1451856.72,16.294117647058822,True,True
PROD-1115,Accesorios,557.0,479.72,200,5.0,Occidente,2024-06-08,False,False,False,,True,602,267204.04000000004,2.785,True,False
PROD-1116,Laptops,1223.0,1410.56,204,5.0,Occidente,2024-11-18,False,False,False,5,False,439,1725114.88,5.995098039215686,True,True
PROD-1117,Laptops,1485.0,1237.17,275,27.5,Norte,2025-02-17,False,False,False,25-30 días,False,348,1837197.4500000002,5.4,True,True
PROD-1118,Laptops,1391.0,1476.17,101,0.0,Occidente,2024-12-16,True,False,False,Inmediato,False,411,2053352.4700000002,13.772277227722773,True,False
PROD-1119,Monitores,1747.0,426.52,153,3.0,Occidente,2024-08-22,False,False,False,3,False,527,745130.44,11.418300653594772,True,True
PROD-1120,Laptops,244.0,1456.1,105,5.0,Norte,2025-03-28,True,False,False,,True,309,355288.39999999997,2.323809523809524,True,False
PROD-1121,Monitores,704.0,675.29,206,5.0,BOD-EXT-99,2025-01-01,False,False,False,5,False,395,475404.16,3.4174757281553396,True,True
PROD-1122,Tablets,1344.0,553.9,267,3.0,Norte,2025-02-28,False,False,False,3,False,337,744441.6,5.033707865168539,True,True
PROD-1123,Smartphones,135.0,123.01,222,0.0,Occidente,2024-03-29,False,False,False,Inmediato,False,673,16606.350000000002,0.6081081081081081,False,True
PROD-1124,Monitores,1219.0,126.51,101,10.0,ZONA_FRANCA,2024-11-21,False,False,False,10,False,436,154215.69,12.069306930693068,True,True
PROD-1125,Laptops,1019.5,1053.42,210,10.0,Occidente,2024-04-09,True,True,False,10,False,662,1073961.6900000002,4.854761904761904,True,False
PROD-1126,Tablets,586.0,714.0,101,27.5,Norte,2025-02-01,False,False,False,25-30 días,False,364,418404.0,5.801980198019802,True,True
PROD-1127,Laptops,1241.0,378.46,192,5.0,Norte,2025-10-11,False,False,False,5,False,112,469668.86,6.463541666666667,True,True
PROD-1128,Accesorios,479.0,940.26,282,5.0,Norte,2025-08-09,False,False,False,5,False,175,450384.54,1.698581560283688,False,True
PROD-1129,Accesorios,743.0,416.64,299,27.5,BOD-EXT-99,2025-09-05,False,False,False,25-30 días,False,148,309563.52,2.4849498327759196,True,True
PROD-1130,Accesorios,427.0,887.57,200,3.0,Sur,2025-08-07,False,False,False,3,False,177,378992.39,2.135,True,True
PROD-1131,Monitores,1572.0,570.85,287,10.0,Norte,2025-01-15,False,False,False,10,False,381,897376.2000000001,5.477351916376307,True,True
PROD-1132,Laptops,889.0,1244.15,196,10.0,ZONA_FRANCA,2025-06-23,False,False,False,10,False,222,1106049.35,4.535714285714286,True,True
PROD-1133,Monitores,475.0,1240.01,210,5.0,BOD-EXT-99,2025-05-18,False,False,False,5,False,258,589004.75,2.261904761904762,True,True
PROD-1134,Smartphones,1058.0,742.16,105,5.0,Sur,2025-07-27,False,True,False,5,False,188,785205.2799999999,10.076190476190476,True,False
PROD-1135,Monitores,324.0,558.69,226,27.5,Sur,2025-04-01,False,False,False,25-30 días,False,305,181015.56000000003,1.4336283185840708,False,True
PROD-1136,Laptops,502.0,575.71,203,0.0,Norte,2025-01-19,False,False,False,Inmediato,False,377,289006.42000000004,2.4729064039408866,True,True
PROD-1137,Laptops,1475.0,1218.29,246,3.0,Occidente,2024-06-09,False,False,False,3,False,601,1796977.75,5.995934959349594,True,True
PROD-1138,Smartphones,1801.0,525.86,254,5.0,Norte,2025-02-23,False,False,False,,True,342,947073.86,7.090551181102362,True,False
PROD-1139,Laptops,330.0,353.14,100,0.0,Occidente,2025-08-29,False,False,False,Inmediato,False,155,116536.2,3.3,True,True
PROD-1140,Laptops,1596.0,172.8,132,0.0,Occidente,2025-12-08,True,False,False,Inmediato,False,54,275788.80000000005,12.090909090909092,True,False
PROD-1141,Laptops,1019.5,726.71,139,5.0,Sur,2024-11-16,False,True,False,5,False,441,740880.8450000001,7.33453237410072,True,False
PROD-1142,Accesorios,453.0,749.09,131,5.0,Sur,2024-03-18,False,False,False,5,False,684,339337.77,3.4580152671755724,True,True
PROD-1143,Laptops,1958.0,1269.32,296,5.0,BOD-EXT-99,2025-07-16,True,False,False,5,False,199,2485328.56,6.614864864864865,True,False
PROD-1144,Laptops,79.0,370.8,116,0.0,BOD-EXT-99,2024-12-25,True,False,False,Inmediato,False,402,29293.2,0.6810344827586207,False,False
PROD-1145,Smartphones,787.0,602.44,225,3.0,Sur,2024-05-28,False,False,False,3,False,613,474120.28,3.497777777777778,True,True
PROD-1146,Smartphones,1990.0,1222.19,107,5.0,ZONA_FRANCA,2024-04-09,False,False,False,5,False,662,2432158.1,18.598130841121495,True,True
PROD-1147,Smartphones,1058.0,1244.25,156,10.0,ZONA_FRANCA,2024-05-19,False,True,False,10,False,622,1316416.5,6.782051282051282,True,False
PROD-1148,Laptops,1202.0,607.69,141,3.0,Norte,2024-06-08,False,False,False,3,False,602,730443.3800000001,8.52482269503546,True,True
PROD-1149,Laptops,210.0,715.73,197,10.0,Sur,2025-08-08,True,False,False,10,False,176,150303.30000000002,1.0659898477157361,False,False
PROD-1150,Smartphones,1058.0,489.76,236,3.0,Norte,2024-11-09,False,True,False,3,False,448,518166.08,4.483050847457627,True,False
PROD-1151,Smartphones,1996.0,1402.2,219,5.0,BOD-EXT-99,2024-08-09,False,False,False,5,False,540,2798791.2,9.114155251141552,True,True
PROD-1152,Laptops,1422.0,222.03,186,5.0,Sur,2025-04-06,False,False,False,,True,300,315726.66,7.645161290322581,True,False
PROD-1153,Smartphones,1397.0,1403.94,262,27.5,ZONA_FRANCA,2025-03-31,False,False,False,25-30 días,False,306,1961304.1800000002,5.3320610687022905,True,True
PROD-1154,Monitores,409.0,1041.61,298,5.0,Sur,2025-05-10,False,False,False,5,False,266,426018.48999999993,1.3724832214765101,False,True
PROD-1155,Tablets,250.0,820.78,280,0.0,ZONA_FRANCA,2025-07-02,False,False,False,Inmediato,False,213,205195.0,0.8928571428571429,False,True
PROD-1156,Smartphones,579.0,97.36,153,5.0,Sur,2024-06-17,False,False,False,,True,593,56371.44,3.784313725490196,True,False
PROD-1157,Tablets,219.0,739.61,183,0.0,Norte,2024-05-02,False,False,False,Inmediato,False,639,161974.59,1.1967213114754098,False,True
PROD-1158,Laptops,1943.0,641.23,124,3.0,Norte,2024-10-06,False,False,False,3,False,482,1245909.8900000001,15.669354838709678,True,True
PROD-1159,Accesorios,1578.0,283.77,166,0.0,Norte,2025-05-15,False,False,False,Inmediato,False,261,447789.06,9.506024096385541,True,True
PROD-1160,Smartphones,1751.0,1001.79,289,5.0,ZONA_FRANCA,2025-11-26,False,False,False,,True,66,1754134.29,6.0588235294117645,True,False
PROD-1161,Laptops,811.0,1458.17,282,5.0,BOD-EXT-99,2024-07-07,False,False,False,,True,573,1182575.87,2.875886524822695,True,False
PROD-1162,Laptops,1230.0,865.17,273,5.0,BOD-EXT-99,2025-09-21,True,False,False,5,False,132,1064159.0999999999,4.5054945054945055,True,False
PROD-1163,Accesorios,1749.0,1086.39,251,10.0,Occidente,2024-04-23,False,False,False,10,False,648,1900096.11,6.968127490039841,True,True
PROD-1164,Tablets,1656.0,149.25,145,5.0,Norte,2024-08-10,False,False,False,5,False,539,247158.0,11.420689655172414,True,True
PROD-1165,Laptops,525.0,655.62,121,3.0,Sur,2024-09-07,False,False,False,3,False,511,344200.5,4.338842975206612,True,True
PROD-1166,Laptops,1953.0,218.72,238,0.0,Norte,2025-07-05,True,False,False,Inmediato,False,210,427160.16,8.205882352941176,True,False
PROD-1167,Smartphones,1257.0,938.55,275,10.0,Sur,2025-05-24,False,False,False,10,False,252,1179757.3499999999,4.570909090909091,True,True
PROD-1168,Smartphones,1906.0,1410.8,107,27.5,Sur,2025-12-25,False,False,False,25-30 días,False,37,2688984.8,17.813084112149532,True,True
PROD-1169,Laptops,1970.0,1009.58,138,5.0,Norte,2025-12-20,False,False,False,,True,42,1988872.6,14.27536231884058,True,False
PROD-1170,Laptops,1605.0,161.36,262,10.0,Norte,2024-05-13,True,False,False,10,False,628,258982.80000000002,6.125954198473282,True,False
PROD-1171,Monitores,1529.0,564.27,148,10.0,Occidente,2024-12-23,False,False,False,10,False,404,862768.83,10.33108108108108,True,True
PROD-1172,Smartphones,1797.0,848.46,145,5.0,Sur,2025-12-17,False,False,False,5,False,45,1524682.62,12.393103448275863,True,True
PROD-1173,Accesorios,1340.0,634.65,137,27.5,Norte,2024-11-04,False,False,False,25-30 días,False,453,850431.0,9.781021897810218,True,True
PROD-1174,Laptops,1692.0,1258.78,235,5.0,Occidente,2024-03-25,True,False,False,,True,677,2129855.76,7.2,True,False
PROD-1175,Laptops,1019.5,1231.27,153,3.0,Sur,2025-04-02,False,True,False,3,False,304,1255279.765,6.663398692810458,True,False
PROD-1176,Smartphones,1875.0,937.15,264,3.0,Norte,2025-06-13,False,False,False,3,False,232,1757156.25,7.1022727272727275,True,True
PROD-1177,Smartphones,569.0,591.51,191,10.0,Norte,2025-06-01,False,False,False,10,False,244,336569.19,2.979057591623037,True,True
PROD-1178,Laptops,1224.0,420.24,139,10.0,BOD-EXT-99,2025-04-12,False,False,False,10,False,294,514373.76,8.805755395683454,True,True
PROD-1179,Smartphones,906.0,203.52,133,0.0,BOD-EXT-99,2025-01-14,False,False,False,Inmediato,False,382,184389.12,6.81203007518797,True,True
PROD-1180,Monitores,1889.0,564.6,195,27.5,Sur,2025-08-27,False,False,False,25-30 días,False,157,1066529.4000000001,9.687179487179487,True,True
PROD-1181,Smartphones,918.0,649.1,178,5.0,Sur,2024-12-23,False,False,False,,True,404,595873.8,5.157303370786517,True,False
PROD-1182,Laptops,1266.0,1029.94,226,10.0,Norte,2026-01-31,False,False,False,10,False,0,1303904.04,5.601769911504425,True,True
PROD-1183,Smartphones,993.0,1004.33,116,0.0,BOD-EXT-99,2025-06-29,False,False,False,Inmediato,False,216,997299.6900000001,8.560344827586206,True,True
PROD-1184,Laptops,231.0,151.66,260,27.5,Sur,2024-09-12,False,False,False,25-30 días,False,506,35033.46,0.8884615384615384,False,True
PROD-1185,Monitores,1008.0,623.13,274,5.0,Occidente,2024-06-30,False,False,False,,True,580,628115.04,3.678832116788321,True,False
PROD-1186,Tablets,147.0,313.58,209,3.0,Sur,2026-01-02,False,False,False,3,False,29,46096.259999999995,0.7033492822966507,False,True
PROD-1187,Smartphones,1032.0,277.38,151,0.0,BOD-EXT-99,2024-05-15,False,False,False,Inmediato,False,626,286256.16,6.8344370860927155,True,True
PROD-1188,Smartphones,1134.0,1249.59,217,27.5,ZONA_FRANCA,2024-08-30,False,False,False,25-30 días,False,519,1417035.0599999998,5.225806451612903,True,True
PROD-1189,Laptops,958.0,110.78,108,0.0,BOD-EXT-99,2025-05-02,False,False,False,Inmediato,False,274,106127.24,8.87037037037037,True,True
PROD-1190,Smartphones,1179.0,657.82,132,10.0,Occidente,2024-09-27,False,False,False,10,False,491,775569.78,8.931818181818182,True,True
PROD-1191,Smartphones,985.0,293.9,287,5.0,Norte,2025-12-27,False,False,False,5,False,35,289491.5,3.43205574912892,True,True
PROD-1192,Laptops,439.0,1325.03,212,3.0,Occidente,2025-03-27,False,False,False,3,False,310,581688.17,2.0707547169811322,True,True
PROD-1193,Smartphones,225.0,857.71,248,10.0,ZONA_FRANCA,2025-12-19,False,False,False,10,False,43,192984.75,0.907258064516129,False,True
PROD-1194,Smartphones,1189.0,385.5,285,10.0,ZONA_FRANCA,2025-08-30,False,False,False,10,False,154,458359.5,4.171929824561404,True,True
PROD-1195,Tablets,1224.0,778.52,184,27.5,Sur,2025-11-16,False,False,False,25-30 días,False,76,952908.48,6.6521739130434785,True,True
PROD-1196,Tablets,75.0,1110.66,296,0.0,Sur,2024-06-21,False,False,False,Inmediato,False,589,83299.5,0.2533783783783784,False,True
PROD-1197,Accesorios,166.0,1439.27,109,3.0,BOD-EXT-99,2024-05-29,False,False,False,3,False,612,238918.82,1.5229357798165137,False,True
PROD-1198,Monitores,1158.0,369.65,105,10.0,Norte,2024-11-20,False,False,False,10,False,437,428054.69999999995,11.028571428571428,True,True
PROD-1199,Smartphones,1196.0,1334.96,214,27.5,Occidente,2024-11-26,False,False,False,25-30 días,False,431,1596612.1600000001,5.588785046728972,True,True
PROD-1200,Smartphones,1058.0,1404.74,220,3.0,BOD-EXT-99,2024-08-08,False,True,False,3,False,541,1486214.92,4.8090909090909095,True,False
PROD-1201,Laptops,868.0,1378.81,240,0.0,Norte,2025-12-24,True,False,False,Inmediato,False,38,1196807.0799999998,3.6166666666666667,True,False
PROD-1202,Smartphones,1267.0,971.35,164,10.0,BOD-EXT-99,2025-06-07,False,False,False,10,False,238,1230700.45,7.725609756097561,True,True
PROD-1203,Laptops,1611.0,963.24,119,5.0,ZONA_FRANCA,2026-01-19,False,False,False,,True,12,1551779.6400000001,13.53781512605042,True,False
PROD-1204,Accesorios,257.0,634.66,156,10.0,Sur,2025-10-02,False,False,False,10,False,121,163107.62,1.6474358974358974,False,True
PROD-1205,Monitores,1309.0,1140.98,145,10.0,Sur,2025-09-10,False,False,False,10,False,143,1493542.82,9.027586206896551,True,True
PROD-1206,Laptops,1919.0,820.38,235,3.0,BOD-EXT-99,2024-03-19,True,False,False,3,False,683,1574309.22,8.16595744680851,True,False
PROD-1207,Accesorios,841.0,1032.29,109,3.0,Sur,2024-11-03,False,False,False,3,False,454,868155.89,7.715596330275229,True,True
PROD-1208,Laptops,324.0,671.26,212,3.0,Norte,2025-01-29,False,False,False,3,False,367,217488.24,1.528301886792453,False,True
PROD-1209,Monitores,1983.0,1110.67,294,3.0,BOD-EXT-99,2025-05-30,False,False,False,3,False,246,2202458.6100000003,6.744897959183674,True,True
PROD-1210,Smartphones,1314.0,1245.48,238,27.5,ZONA_FRANCA,2025-12-18,False,False,False,25-30 días,False,44,1636560.72,5.5210084033613445,True,True
PROD-1211,Smartphones,78.0,262.33,111,5.0,BOD-EXT-99,2025-01-22,False,False,False,5,False,374,20461.739999999998,0.7027027027027027,False,True
PROD-1212,Monitores,964.0,1257.75,237,27.5,BOD-EXT-99,2025-04-16,False,False,False,25-30 días,False,290,1212471.0,4.067510548523207,True,True
PROD-1213,Smartphones,1749.0,833.43,252,10.0,Sur,2025-07-09,False,False,False,10,False,206,1457669.0699999998,6.940476190476191,True,True
PROD-1214,Smartphones,1331.0,1274.77,276,27.5,ZONA_FRANCA,2024-08-31,False,False,False,25-30 días,False,518,1696718.8699999999,4.822463768115942,True,True
PROD-1215,Monitores,466.0,675.39,276,0.0,BOD-EXT-99,2025-06-04,False,False,False,Inmediato,False,241,314731.74,1.6884057971014492,False,True
PROD-1216,Accesorios,1468.0,599.61,110,5.0,Sur,2024-05-20,False,False,False,,True,621,880227.48,13.345454545454546,True,False
PROD-1217,Monitores,35.0,1376.84,289,3.0,Occidente,2025-10-10,False,False,False,3,False,113,48189.399999999994,0.12110726643598616,False,True
PROD-1218,Laptops,1148.0,414.2,217,0.0,ZONA_FRANCA,2025-04-05,True,False,False,Inmediato,False,301,475501.6,5.290322580645161,True,False
PROD-1219,Smartphones,1092.0,1274.11,263,5.0,Norte,2025-05-01,False,False,False,,True,275,1391328.1199999999,4.152091254752852,True,False
PROD-1220,Smartphones,1943.0,751.83,138,0.0,Norte,2025-10-28,False,False,False,Inmediato,False,95,1460805.6900000002,14.079710144927537,True,True
PROD-1221,Smartphones,252.0,795.44,152,10.0,Norte,2025-04-13,False,False,False,10,False,293,200450.88,1.6578947368421053,False,True
PROD-1222,Laptops,537.0,497.28,155,3.0,ZONA_FRANCA,2025-02-06,False,False,False,3,False,359,267039.36,3.464516129032258,True,True
PROD-1223,Accesorios,936.0,880.91,203,0.0,BOD-EXT-99,2025-04-19,False,False,False,Inmediato,False,287,824531.76,4.610837438423645,True,True
PROD-1224,Tablets,1813.0,521.56,228,10.0,Sur,2025-08-31,False,False,False,10,False,153,945588.2799999999,7.951754385964913,True,True
PROD-1225,Tablets,1020.0,106.94,155,3.0,ZONA_FRANCA,2024-07-11,False,True,False,3,False,569,109078.8,6.580645161290323,True,False
PROD-1226,Monitores,294.0,444.4,217,5.0,Norte,2024-12-05,False,False,False,5,False,422,130653.59999999999,1.3548387096774193,False,True
PROD-1227,Laptops,763.0,59.25,231,10.0,ZONA_FRANCA,2025-12-13,False,False,False,10,False,49,45207.75,3.303030303030303,True,True
PROD-1228,Laptops,1937.0,1468.61,129,27.5,Sur,2025-07-09,False,False,False,25-30 días,False,206,2844697.57,15.015503875968992,True,True
PROD-1229,Monitores,1260.0,1450.33,111,3.0,Norte,2024-07-17,False,False,False,3,False,563,1827415.7999999998,11.35135135135135,True,True
PROD-1230,Laptops,1949.0,622.98,134,0.0,Occidente,2024-04-10,False,False,False,Inmediato,False,661,1214188.02,14.544776119402986,True,True
PROD-1231,Accesorios,1627.0,1106.14,176,5.0,Norte,2024-07-16,False,False,False,,True,564,1799689.7800000003,9.244318181818182,True,False
PROD-1232,Accesorios,1277.0,551.42,279,0.0,Sur,2025-07-03,False,False,False,Inmediato,False,212,704163.34,4.577060931899641,True,True
PROD-1233,Accesorios,1042.0,1023.09,258,27.5,Sur,2025-11-27,False,False,False,25-30 días,False,65,1066059.78,4.038759689922481,True,True
PROD-1234,Accesorios,959.0,1217.87,201,27.5,Norte,2025-06-14,False,False,False,25-30 días,False,231,1167937.3299999998,4.7711442786069655,True,True
PROD-1235,Accesorios,653.0,1422.8,186,0.0,ZONA_FRANCA,2024-04-09,False,False,False,Inmediato,False,662,929088.4,3.510752688172043,True,True
PROD-1236,Laptops,524.0,630.31,295,5.0,ZONA_FRANCA,2025-03-18,False,False,False,,True,319,330282.43999999994,1.776271186440678,False,False
PROD-1237,Laptops,1558.0,1185.78,151,3.0,Norte,2025-09-17,False,False,False,3,False,136,1847445.24,10.317880794701987,True,True
PROD-1238,Smartphones,1062.0,435.6,179,10.0,Occidente,2024-04-25,False,False,False,10,False,646,462607.2,5.932960893854749,True,True
PROD-1239,Laptops,637.0,1485.98,234,27.5,Occidente,2024-07-15,True,False,False,25-30 días,False,565,946569.26,2.7222222222222223,True,False
PROD-1240,Tablets,438.0,87.37,121,27.5,Norte,2025-11-28,False,False,False,25-30 días,False,64,38268.060000000005,3.6198347107438016,True,True
PROD-1241,Smartphones,1297.0,925.12,174,27.5,Sur,2024-09-05,False,False,False,25-30 días,False,513,1199880.64,7.454022988505747,True,True
PROD-1242,Accesorios,443.0,1006.28,283,5.0,Norte,2025-09-22,False,False,False,,True,131,445782.04,1.5653710247349824,False,False
PROD-1243,Laptops,1617.0,1047.67,157,5.0,ZONA_FRANCA,2025-03-04,False,False,False,5,False,333,1694082.3900000001,10.299363057324841,True,True
PROD-1244,Smartphones,1587.0,224.56,192,5.0,BOD-EXT-99,2025-12-31,False,False,False,,True,31,356376.72000000003,8.265625,True,False
PROD-1245,Laptops,1019.5,1410.87,291,3.0,BOD-EXT-99,2024-09-21,False,True,False,3,False,497,1438381.9649999999,3.5034364261168385,True,False
PROD-1246,Laptops,950.0,312.72,202,3.0,BOD-EXT-99,2025-06-03,False,False,False,3,False,242,297084.0,4.702970297029703,True,True
PROD-1247,Laptops,800.0,952.99,239,3.0,Sur,2025-07-24,False,False,False,3,False,191,762392.0,3.3472803347280333,True,True
PROD-1248,Laptops,1338.0,372.88,106,3.0,Norte,2025-09-12,False,False,False,3,False,141,498913.44,12.622641509433961,True,True
PROD-1249,Smartphones,1304.0,495.46,227,3.0,Norte,2024-04-12,False,False,False,3,False,659,646079.84,5.744493392070485,True,True
PROD-1250,Laptops,1019.5,842.36,154,0.0,ZONA_FRANCA,2024-06-10,False,True,False,Inmediato,False,600,858786.02,6.62012987012987,True,False
PROD-1251,Laptops,1317.0,654.93,205,27.5,BOD-EXT-99,2024-07-20,False,False,False,25-30 días,False,560,862542.8099999999,6.424390243902439,True,True
PROD-1252,Accesorios,771.0,282.33,161,5.0,Occidente,2024-04-24,False,False,False,,True,647,217676.43,4.788819875776397,True,False
PROD-1253,Monitores,404.0,297.86,189,0.0,Norte,2025-07-25,False,False,False,Inmediato,False,190,120335.44,2.1375661375661377,True,True
PROD-1254,Laptops,1574.0,656.31,197,5.0,ZONA_FRANCA,2025-09-05,False,False,False,,True,148,1033031.94,7.98984771573604,True,False
PROD-1255,Smartphones,660.0,1148.06,176,5.0,ZONA_FRANCA,2024-06-12,False,False,False,5,False,598,757719.6,3.75,True,True
PROD-1256,Smartphones,866.0,1352.05,282,10.0,Occidente,2024-12-12,False,False,False,10,False,415,1170875.3,3.0709219858156027,True,True
PROD-1257,Laptops,1446.0,171.99,218,27.5,Occidente,2024-08-30,False,False,False,25-30 días,False,519,248697.54,6.63302752293578,True,True
PROD-1258,Laptops,1390.0,620.0,135,5.0,Occidente,2026-01-16,True,False,False,5,False,15,861800.0,10.296296296296296,True,False
PROD-1259,Smartphones,254.0,195.36,188,0.0,BOD-EXT-99,2025-10-18,False,False,False,Inmediato,False,105,49621.44,1.351063829787234,False,True
PROD-1260,Laptops,685.0,74.06,251,10.0,BOD-EXT-99,2025-04-24,False,False,False,10,False,282,50731.1,2.729083665338645,True,True
PROD-1261,Laptops,1913.0,1009.49,271,5.0,Norte,2025-10-20,False,False,False,5,False,103,1931154.37,7.059040590405904,True,True
PROD-1262,Monitores,1959.0,923.55,244,5.0,Occidente,2025-02-05,False,False,False,,True,360,1809234.45,8.028688524590164,True,False
PROD-1263,Laptops,911.0,286.38,229,10.0,Norte,2024-04-14,False,False,False,10,False,657,260892.18,3.978165938864629,True,True
PROD-1264,Smartphones,976.0,389.03,240,5.0,ZONA_FRANCA,2025-12-28,False,False,False,,True,34,379693.27999999997,4.066666666666666,True,False
PROD-1265,Tablets,1423.0,84.38,258,5.0,Occidente,2025-10-11,False,False,False,5,False,112,120072.73999999999,5.515503875968992,True,True
PROD-1266,Accesorios,1897.0,1260.67,192,0.0,ZONA_FRANCA,2025-03-30,False,False,False,Inmediato,False,307,2391490.99,9.880208333333334,True,True
PROD-1267,Laptops,1127.0,1463.3,213,5.0,Sur,2025-12-10,True,False,False,,True,52,1649139.0999999999,5.291079812206573,True,False
PROD-1268,Smartphones,614.0,246.42,127,10.0,Sur,2025-11-12,False,False,False,10,False,80,151301.88,4.834645669291339,True,True
PROD-1269,Smartphones,1058.0,385.64,287,5.0,Occidente,2024-05-26,False,True,False,5,False,615,408007.12,3.686411149825784,True,False
PROD-1270,Laptops,1106.0,1309.19,254,5.0,ZONA_FRANCA,2025-01-28,False,False,False,,True,368,1447964.1400000001,4.354330708661418,True,False
PROD-1271,Laptops,253.0,1393.37,242,0.0,Sur,2025-06-04,True,False,False,Inmediato,False,241,352522.61,1.0454545454545454,False,False
PROD-1272,Laptops,1713.0,658.46,132,27.5,Occidente,2026-01-01,True,False,False,25-30 días,False,30,1127941.98,12.977272727272727,True,False
PROD-1273,Laptops,1019.5,123.4,119,0.0,ZONA_FRANCA,2025-02-05,True,True,False,Inmediato,False,360,125806.3,8.567226890756302,True,False
PROD-1274,Laptops,893.0,107.12,269,0.0,Occidente,2025-06-13,False,False,False,Inmediato,False,232,95658.16,3.319702602230483,True,True
PROD-1275,Accesorios,987.0,882.23,239,27.5,BOD-EXT-99,2024-06-01,False,True,False,25-30 días,False,609,870761.01,4.129707112970712,True,False
PROD-1276,Laptops,1299.0,619.7,200,0.0,ZONA_FRANCA,2025-12-29,False,False,False,Inmediato,False,33,804990.3,6.495,True,True
PROD-1277,Laptops,840.0,91.55,122,27.5,Sur,2025-06-03,False,False,False,25-30 días,False,242,76902.0,6.885245901639344,True,True
PROD-1278,Laptops,954.0,895.72,299,27.5,Occidente,2025-12-04,False,False,False,25-30 días,False,58,854516.88,3.190635451505017,True,True
PROD-1279,Tablets,1020.0,66.39,211,5.0,Sur,2024-08-21,False,True,False,,True,528,67717.8,4.834123222748815,True,False
PROD-1280,Accesorios,356.0,1191.69,113,5.0,Occidente,2025-11-15,False,False,False,,True,77,424241.64,3.150442477876106,True,False
PROD-1281,Accesorios,964.0,494.33,190,27.5,Norte,2025-04-05,False,False,False,25-30 días,False,301,476534.12,5.073684210526316,True,True
PROD-1282,Laptops,285.0,108.37,252,5.0,Sur,2024-03-25,False,False,False,5,False,677,30885.45,1.130952380952381,False,True
PROD-1283,Smartphones,1788.0,903.11,176,10.0,Sur,2025-10-12,False,False,False,10,False,111,1614760.68,10.159090909090908,True,True
PROD-1284,Tablets,1097.0,626.64,184,5.0,Norte,2024-12-15,False,False,False,5,False,412,687424.08,5.961956521739131,True,True
PROD-1285,Smartphones,1777.0,1462.01,208,27.5,BOD-EXT-99,2025-03-21,False,False,False,25-30 días,False,316,2597991.77,8.54326923076923,True,True
PROD-1286,Laptops,664.0,839.09,130,10.0,Sur,2025-09-09,False,False,False,10,False,144,557155.76,5.107692307692307,True,True
PROD-1287,Monitores,0.0,449.1,221,5.0,ZONA_FRANCA,2024-04-04,False,False,False,,True,667,0.0,0.0,False,False
PROD-1288,Laptops,273.0,1078.69,206,10.0,Occidente,2024-03-13,False,False,False,10,False,689,294482.37,1.325242718446602,False,True
PROD-1289,Laptops,738.0,443.66,153,27.5,Norte,2024-04-24,True,False,False,25-30 días,False,647,327421.08,4.823529411764706,True,False
PROD-1290,Laptops,90.0,1361.15,232,5.0,ZONA_FRANCA,2026-01-14,False,False,False,,True,17,122503.50000000001,0.3879310344827586,False,False
PROD-1291,Smartphones,419.0,593.35,240,10.0,ZONA_FRANCA,2025-02-15,False,False,False,10,False,350,248613.65000000002,1.7458333333333333,False,True
PROD-1292,Laptops,736.0,847.31,255,10.0,ZONA_FRANCA,2025-08-30,False,False,False,10,False,154,623620.1599999999,2.8862745098039215,True,True
PROD-1293,Tablets,1775.0,123.33,142,5.0,ZONA_FRANCA,2024-09-13,False,False,False,5,False,505,218910.75,12.5,True,True
PROD-1294,Tablets,1307.0,667.88,188,10.0,Norte,2025-02-06,False,False,False,10,False,359,872919.16,6.952127659574468,True,True
PROD-1295,Accesorios,1866.0,1256.93,214,27.5,Norte,2025-03-06,False,False,False,25-30 días,False,331,2345431.38,8.719626168224298,True,True
PROD-1296,Laptops,913.0,1218.19,198,3.0,BOD-EXT-99,2024-08-22,False,False,False,3,False,527,1112207.47,4.611111111111111,True,True
PROD-1297,Smartphones,322.0,375.26,146,3.0,Sur,2026-01-20,False,False,False,3,False,11,120833.72,2.2054794520547945,True,True
PROD-1298,Monitores,1642.0,377.81,170,3.0,ZONA_FRANCA,2025-11-18,False,False,False,3,False,74,620364.02,9.658823529411764,True,True
PROD-1299,Laptops,1129.0,1235.09,265,27.5,Sur,2025-07-04,True,False,False,25-30 días,False,211,1394416.6099999999,4.260377358490566,True,False
PROD-1300,Laptops,1019.5,1399.08,166,3.0,Sur,2024-03-12,False,True,False,3,False,690,1426362.0599999998,6.141566265060241,True,False
PROD-1301,Laptops,1621.0,188.27,161,5.0,ZONA_FRANCA,2024-05-01,False,False,False,5,False,640,305185.67000000004,10.06832298136646,True,True
PROD-1302,Smartphones,55.0,702.59,208,27.5,Norte,2025-04-24,False,False,False,25-30 días,False,282,38642.450000000004,0.2644230769230769,False,True
PROD-1303,Laptops,1393.0,539.31,266,5.0,Sur,2025-07-21,False,False,False,,True,194,751258.83,5.2368421052631575,True,False
PROD-1304,Tablets,1631.0,1312.5,136,27.5,Occidente,2026-01-02,False,False,False,25-30 días,False,29,2140687.5,11.992647058823529,True,True
PROD-1305,Monitores,961.0,171.11,218,27.5,Sur,2026-01-23,False,True,False,25-30 días,False,8,164436.71000000002,4.408256880733945,True,False
PROD-1306,Accesorios,299.0,356.13,185,10.0,BOD-EXT-99,2025-03-29,False,False,False,10,False,308,106482.87,1.6162162162162161,False,True
PROD-1307,Tablets,1236.0,1141.08,225,10.0,ZONA_FRANCA,2024-11-13,False,False,False,10,False,444,1410374.88,5.493333333333333,True,True
PROD-1308,Laptops,1012.0,124.38,235,10.0,Norte,2025-03-28,True,False,False,10,False,309,125872.56,4.306382978723405,True,False
PROD-1309,Laptops,394.0,764.18,151,0.0,Sur,2024-03-26,False,False,False,Inmediato,False,676,301086.92,2.609271523178808,True,True
PROD-1310,Laptops,901.0,691.06,190,5.0,Norte,2024-12-02,True,False,False,5,False,425,622645.0599999999,4.742105263157895,True,False
PROD-1311,Smartphones,1058.0,534.88,132,27.5,Occidente,2024-06-20,False,True,False,25-30 días,False,590,565903.04,8.015151515151516,True,False
PROD-1312,Accesorios,1057.0,622.13,180,27.5,Occidente,2024-03-12,False,False,False,25-30 días,False,690,657591.41,5.872222222222222,True,True
PROD-1313,Smartphones,1425.0,818.41,141,10.0,Norte,2025-11-02,False,False,False,10,False,90,1166234.25,10.106382978723405,True,True
PROD-1314,Smartphones,1748.0,283.98,211,27.5,BOD-EXT-99,2024-11-02,False,False,False,25-30 días,False,455,496397.04000000004,8.28436018957346,True,True
PROD-1315,Laptops,1795.0,879.39,225,5.0,Norte,2024-11-14,True,False,False,,True,443,1578505.05,7.977777777777778,True,False
PROD-1316,Smartphones,1358.0,1217.88,254,27.5,BOD-EXT-99,2025-11-14,False,False,False,25-30 días,False,78,1653881.04,5.346456692913386,True,True
PROD-1317,Laptops,1145.0,1152.23,235,3.0,Sur,2024-10-14,False,False,False,3,False,474,1319303.35,4.872340425531915,True,True
PROD-1318,Smartphones,1349.0,273.15,250,5.0,ZONA_FRANCA,2025-10-21,False,False,False,,True,102,368479.35,5.396,True,False
PROD-1319,Laptops,1658.0,266.41,205,5.0,Norte,2024-05-19,False,False,False,,True,622,441707.78,8.08780487804878,True,False
PROD-1320,Laptops,1335.0,438.85,224,27.5,Occidente,2024-11-02,True,False,False,25-30 días,False,455,585864.75,5.959821428571429,True,False
PROD-1321,Monitores,1250.0,573.56,212,0.0,Norte,2025-03-24,False,False,False,Inmediato,False,313,716949.9999999999,5.89622641509434,True,True
PROD-1322,Accesorios,1193.0,642.26,163,10.0,Norte,2025-05-30,False,False,False,10,False,246,766216.1799999999,7.319018404907975,True,True
PROD-1323,Tablets,470.0,1035.56,222,5.0,BOD-EXT-99,2025-06-12,False,False,False,5,False,233,486713.19999999995,2.1171171171171173,True,True
PROD-1324,Laptops,1756.0,132.19,213,5.0,ZONA_FRANCA,2024-06-17,False,False,False,5,False,593,232125.63999999998,8.244131455399062,True,True
PROD-1325,Laptops,1019.5,100.28,119,3.0,Occidente,2024-04-28,False,True,False,3,False,643,102235.46,8.567226890756302,True,False
PROD-1326,Smartphones,1058.0,618.27,115,5.0,Occidente,2025-06-11,False,True,False,5,False,234,654129.66,9.2,True,False
PROD-1327,Smartphones,933.0,1060.89,244,5.0,BOD-EXT-99,2025-01-10,False,False,False,5,False,386,989810.3700000001,3.8237704918032787,True,True
PROD-1328,Laptops,1606.0,330.48,118,10.0,ZONA_FRANCA,2024-05-31,True,False,False,10,False,610,530750.88,13.610169491525424,True,False
PROD-1329,Laptops,1610.0,980.18,219,10.0,Occidente,2025-12-25,True,False,False,10,False,37,1578089.7999999998,7.351598173515982,True,False
PROD-1330,Laptops,669.0,426.75,235,0.0,ZONA_FRANCA,2025-08-24,False,False,False,Inmediato,False,160,285495.75,2.8468085106382977,True,True
PROD-1331,Laptops,1022.0,1334.82,265,3.0,Occidente,2024-10-27,False,False,False,3,False,461,1364186.04,3.8566037735849057,True,True
PROD-1332,Accesorios,808.0,1348.75,137,5.0,Sur,2024-11-09,False,False,False,5,False,448,1089790.0,5.897810218978102,True,True
PROD-1333,Smartphones,1266.0,481.07,280,0.0,BOD-EXT-99,2025-10-07,False,False,False,Inmediato,False,116,609034.62,4.521428571428571,True,True
PROD-1334,Laptops,1553.0,383.49,192,3.0,ZONA_FRANCA,2025-06-05,False,False,False,3,False,240,595559.97,8.088541666666666,True,True
PROD-1335,Laptops,1019.5,646.39,204,5.0,Norte,2026-01-06,True,True,False,,True,25,658994.605,4.997549019607843,True,False
PROD-1336,Monitores,95.0,398.77,199,5.0,Sur,2024-04-24,False,False,False,5,False,647,37883.15,0.47738693467336685,False,True
PROD-1337,Smartphones,864.0,1024.96,189,5.0,Norte,2024-07-19,False,False,False,5,False,561,885565.4400000001,4.571428571428571,True,True
PROD-1338,Accesorios,1412.0,1247.79,258,10.0,BOD-EXT-99,2025-04-09,False,False,False,10,False,297,1761879.48,5.4728682170542635,True,True
PROD-1339,Accesorios,530.0,1025.98,143,27.5,Occidente,2025-08-31,False,False,False,25-30 días,False,153,543769.4,3.7062937062937062,True,True
PROD-1340,Smartphones,1534.0,1245.31,287,3.0,Norte,2024-04-20,False,False,False,3,False,651,1910305.5399999998,5.344947735191638,True,True
PROD-1341,Accesorios,432.0,625.64,175,5.0,Sur,2024-10-21,False,False,False,5,False,467,270276.48,2.4685714285714284,True,True
PROD-1342,Smartphones,1199.0,276.66,244,3.0,ZONA_FRANCA,2025-12-14,False,False,False,3,False,48,331715.34,4.913934426229508,True,True
PROD-1343,Tablets,622.0,1120.03,178,0.0,Norte,2024-04-18,False,False,False,Inmediato,False,653,696658.66,3.49438202247191,True,True
PROD-1344,Smartphones,580.0,572.69,172,0.0,Norte,2025-12-17,False,False,False,Inmediato,False,45,332160.2,3.372093023255814,True,True
PROD-1345,Smartphones,611.0,1023.34,266,27.5,Norte,2024-03-28,False,False,False,25-30 días,False,674,625260.74,2.2969924812030076,True,True
PROD-1346,Smartphones,937.0,442.43,269,5.0,BOD-EXT-99,2025-04-22,False,False,False,5,False,284,414556.91000000003,3.483271375464684,True,True
PROD-1347,Accesorios,1496.0,167.78,275,10.0,Norte,2024-05-14,False,False,False,10,False,627,250998.88,5.44,True,True
PROD-1348,Laptops,599.0,1489.24,239,5.0,Norte,2025-11-11,True,False,False,5,False,81,892054.76,2.506276150627615,True,False
PROD-1349,Smartphones,918.0,276.49,195,3.0,ZONA_FRANCA,2025-12-19,False,False,False,3,False,43,253817.82,4.707692307692308,True,True
PROD-1350,Accesorios,987.0,1483.21,188,5.0,Occidente,2025-05-04,False,True,False,,True,272,1463928.27,5.25,True,False
PROD-1351,Laptops,1050.0,1467.06,202,0.0,Sur,2025-01-03,False,False,False,Inmediato,False,393,1540413.0,5.198019801980198,True,True
PROD-1352,Laptops,390.0,1201.04,245,3.0,Sur,2024-06-16,False,False,False,3,False,594,468405.6,1.5918367346938775,False,True
PROD-1353,Laptops,870.0,1006.16,105,27.5,Sur,2025-12-05,True,False,False,25-30 días,False,57,875359.2,8.285714285714286,True,False
PROD-1354,Laptops,719.0,887.82,221,0.0,BOD-EXT-99,2024-07-16,True,False,False,Inmediato,False,564,638342.5800000001,3.253393665158371,True,False
PROD-1355,Smartphones,1293.0,1305.85,270,10.0,Occidente,2026-01-31,False,False,False,10,False,0,1688464.0499999998,4.788888888888889,True,True
PROD-1356,Tablets,1776.0,469.69,215,0.0,Norte,2025-06-30,False,False,False,Inmediato,False,215,834169.44,8.26046511627907,True,True
PROD-1357,Laptops,212.0,728.14,262,5.0,Sur,2025-03-21,True,False,False,,True,316,154365.68,0.8091603053435115,False,False
PROD-1358,Laptops,1527.0,948.12,281,5.0,Norte,2025-06-18,False,False,False,5,False,227,1447779.24,5.434163701067615,True,True
PROD-1359,Smartphones,948.0,646.23,161,5.0,Occidente,2024-10-16,False,False,False,,True,472,612626.04,5.888198757763975,True,False
PROD-1360,Accesorios,649.0,669.86,296,5.0,BOD-EXT-99,2024-10-05,False,False,False,,True,483,434739.14,2.1925675675675675,True,False
PROD-1361,Laptops,1553.0,528.91,243,5.0,Occidente,2024-04-01,False,False,False,5,False,670,821397.23,6.390946502057613,True,True
PROD-1362,Laptops,1191.0,868.14,235,0.0,ZONA_FRANCA,2025-04-20,False,False,False,Inmediato,False,286,1033954.74,5.068085106382979,True,True
PROD-1363,Tablets,1075.0,1283.33,188,27.5,Sur,2024-09-08,False,False,False,25-30 días,False,510,1379579.75,5.718085106382978,True,True
PROD-1364,Smartphones,1140.0,342.22,195,5.0,BOD-EXT-99,2024-07-03,False,False,False,5,False,577,390130.80000000005,5.846153846153846,True,True
PROD-1365,Smartphones,955.0,1404.93,225,5.0,ZONA_FRANCA,2024-10-31,False,False,False,5,False,457,1341708.1500000001,4.2444444444444445,True,True
PROD-1366,Laptops,1019.5,1049.18,189,10.0,Sur,2025-10-29,False,True,False,10,False,94,1069639.01,5.394179894179894,True,False
PROD-1367,Tablets,693.0,1243.75,185,0.0,Occidente,2024-09-26,False,False,False,Inmediato,False,492,861918.75,3.745945945945946,True,True
PROD-1368,Smartphones,1714.0,856.48,258,5.0,Occidente,2025-09-04,False,False,False,5,False,149,1468006.72,6.6434108527131785,True,True
PROD-1369,Smartphones,302.0,1180.3,237,27.5,Norte,2026-01-09,False,False,False,25-30 días,False,22,356450.6,1.2742616033755274,False,True
PROD-1370,Accesorios,1872.0,73.49,283,3.0,Norte,2025-07-01,False,False,False,3,False,214,137573.28,6.614840989399293,True,True
PROD-1371,Laptops,22.0,1236.65,220,0.0,Occidente,2024-12-29,True,False,False,Inmediato,False,398,27206.300000000003,0.1,False,False
PROD-1372,Tablets,1326.0,108.2,175,10.0,Occidente,2024-12-18,False,False,False,10,False,409,143473.2,7.577142857142857,True,True
PROD-1373,Laptops,1864.0,1340.37,191,5.0,Norte,2025-09-23,True,False,False,,True,130,2498449.6799999997,9.75916230366492,True,False
PROD-1374,Laptops,1043.0,1488.35,169,5.0,Norte,2025-09-06,False,False,False,5,False,147,1552349.0499999998,6.171597633136095,True,True
PROD-1375,Accesorios,987.0,476.4,247,27.5,ZONA_FRANCA,2025-01-16,False,True,False,25-30 días,False,380,470206.8,3.9959514170040484,True,False
PROD-1376,Accesorios,657.0,354.96,232,0.0,Norte,2025-10-15,False,False,False,Inmediato,False,108,233208.71999999997,2.831896551724138,True,True
PROD-1377,Laptops,1754.0,1159.78,122,27.5,Norte,2024-07-29,False,False,False,25-30 días,False,551,2034254.1199999999,14.37704918032787,True,True
PROD-1378,Tablets,905.0,416.89,236,27.5,Occidente,2025-10-03,False,False,False,25-30 días,False,120,377285.45,3.8347457627118646,True,True
PROD-1379,Laptops,109.0,1305.07,157,5.0,Occidente,2025-04-12,False,False,False,,True,294,142252.63,0.6942675159235668,False,False
PROD-1380,Laptops,1685.0,199.12,286,10.0,ZONA_FRANCA,2025-10-04,True,False,False,10,False,119,335517.2,5.891608391608392,True,False
PROD-1381,Laptops,1535.0,232.64,281,0.0,BOD-EXT-99,2024-11-02,False,False,False,Inmediato,False,455,357102.39999999997,5.462633451957295,True,True
PROD-1382,Accesorios,16.0,1469.77,145,5.0,BOD-EXT-99,2024-08-20,False,False,False,5,False,529,23516.32,0.1103448275862069,False,True
PROD-1383,Monitores,7.0,1027.07,121,10.0,BOD-EXT-99,2025-08-16,False,False,False,10,False,168,7189.49,0.05785123966942149,False,True
PROD-1384,Monitores,291.0,1277.99,291,5.0,Norte,2025-09-11,False,False,False,5,False,142,371895.09,1.0,False,True
PROD-1385,Laptops,1103.0,520.28,107,3.0,Norte,2025-12-26,True,False,False,3,False,36,573868.84,10.30841121495327,True,False
PROD-1386,Smartphones,1145.0,1030.9,222,27.5,BOD-EXT-99,2024-03-05,False,False,False,25-30 días,False,697,1180380.5,5.157657657657658,True,True
PROD-1387,Smartphones,1182.0,911.65,119,3.0,Sur,2025-05-16,False,False,False,3,False,260,1077570.3,9.932773109243698,True,True
PROD-1388,Laptops,1444.0,924.57,278,27.5,ZONA_FRANCA,2025-06-15,False,False,False,25-30 días,False,230,1335079.08,5.194244604316546,True,True
PROD-1389,Laptops,1771.0,1039.67,177,5.0,BOD-EXT-99,2025-05-23,False,False,False,,True,253,1841255.57,10.005649717514125,True,False
PROD-1390,Smartphones,65.0,884.27,138,10.0,Sur,2025-03-09,False,False,False,10,False,328,57477.549999999996,0.47101449275362317,False,True
PROD-1391,Smartphones,611.0,672.14,136,5.0,BOD-EXT-99,2025-04-10,False,False,False,5,False,296,410677.54,4.492647058823529,True,True
PROD-1392,Laptops,1415.0,450.09,277,5.0,Norte,2026-01-22,True,False,False,,True,9,636877.35,5.108303249097473,True,False
PROD-1393,Laptops,1818.0,1164.44,261,5.0,Norte,2024-11-12,True,False,False,5,False,445,2116951.92,6.9655172413793105,True,False
PROD-1394,Smartphones,966.0,378.1,174,10.0,BOD-EXT-99,2025-06-16,False,False,False,10,False,229,365244.60000000003,5.551724137931035,True,True
PROD-1395,Accesorios,260.0,1053.91,217,0.0,Sur,2024-08-14,False,False,False,Inmediato,False,535,274016.60000000003,1.1981566820276497,False,True
PROD-1396,Laptops,157.0,388.33,203,3.0,ZONA_FRANCA,2025-11-15,True,False,False,3,False,77,60967.81,0.7733990147783252,False,False
PROD-1397,Laptops,582.0,956.73,260,3.0,Sur,2024-12-03,False,False,False,3,False,424,556816.86,2.2384615384615385,True,True
PROD-1398,Laptops,606.0,1133.26,130,5.0,ZONA_FRANCA,2025-07-23,True,False,False,5,False,192,686755.5599999999,4.661538461538462,True,False
PROD-1399,Laptops,1373.0,367.14,222,5.0,BOD-EXT-99,2024-12-27,False,False,False,5,False,400,504083.22,6.184684684684685,True,True
PROD-1400,Laptops,1019.5,136.92,153,5.0,ZONA_FRANCA,2025-10-15,True,True,False,5,False,108,139589.93999999997,6.663398692810458,True,False
PROD-1401,Accesorios,1881.0,239.91,271,10.0,Occidente,2025-05-14,False,False,False,10,False,262,451270.71,6.940959409594096,True,True
PROD-1402,Smartphones,1629.0,928.7,133,0.0,Norte,2025-03-09,False,False,False,Inmediato,False,328,1512852.3,12.24812030075188,True,True
PROD-1403,Laptops,186.0,1281.7,298,3.0,Norte,2025-02-03,False,False,False,3,False,362,238396.2,0.6241610738255033,False,True
PROD-1404,Laptops,297.0,115.25,221,5.0,Norte,2025-01-19,True,False,False,,True,377,34229.25,1.3438914027149322,False,False
PROD-1405,Accesorios,579.0,1114.52,212,27.5,Occidente,2025-02-25,False,False,False,25-30 días,False,340,645307.08,2.731132075471698,True,True
PROD-1406,Laptops,1490.0,544.91,161,10.0,Norte,2025-05-18,False,False,False,10,False,258,811915.8999999999,9.254658385093167,True,True
PROD-1407,Laptops,1953.0,743.87,122,3.0,BOD-EXT-99,2025-03-03,True,False,False,3,False,334,1452778.11,16.008196721311474,True,False
PROD-1408,Accesorios,1221.0,1396.85,145,0.0,ZONA_FRANCA,2025-11-08,False,False,False,Inmediato,False,84,1705553.8499999999,8.420689655172414,True,True
PROD-1409,Laptops,313.0,531.36,155,10.0,ZONA_FRANCA,2024-08-28,False,False,False,10,False,521,166315.68,2.0193548387096776,True,True
PROD-1410,Smartphones,235.0,724.74,234,5.0,Sur,2024-07-10,False,False,False,,True,570,170313.9,1.0042735042735043,False,False
PROD-1411,Laptops,98.0,69.84,217,3.0,Sur,2025-03-30,True,False,False,3,False,307,6844.320000000001,0.45161290322580644,False,False
PROD-1412,Laptops,1057.0,168.32,288,10.0,ZONA_FRANCA,2025-05-15,False,False,False,10,False,261,177914.24,3.670138888888889,True,True
PROD-1413,Laptops,405.0,424.96,230,3.0,BOD-EXT-99,2024-05-11,False,False,False,3,False,630,172108.8,1.7608695652173914,False,True
PROD-1414,Smartphones,1716.0,90.39,265,3.0,ZONA_FRANCA,2024-03-23,False,False,False,3,False,679,155109.24,6.475471698113208,True,True
PROD-1415,Laptops,749.0,965.49,261,0.0,Sur,2024-11-06,False,False,False,Inmediato,False,451,723152.01,2.8697318007662833,True,True
PROD-1416,Monitores,1134.0,668.28,212,27.5,Norte,2025-05-26,False,False,False,25-30 días,False,250,757829.52,5.349056603773585,True,True
PROD-1417,Tablets,962.0,844.81,143,0.0,Norte,2025-03-14,False,False,False,Inmediato,False,323,812707.22,6.7272727272727275,True,True
PROD-1418,Laptops,1473.0,303.24,227,3.0,Sur,2025-06-17,True,False,False,3,False,228,446672.52,6.488986784140969,True,False
PROD-1419,Laptops,430.0,479.1,207,10.0,BOD-EXT-99,2024-05-06,False,False,False,10,False,635,206013.0,2.077294685990338,True,True
PROD-1420,Tablets,1636.0,1012.55,257,5.0,Norte,2024-06-15,False,False,False,,True,595,1656531.7999999998,6.365758754863813,True,False
PROD-1421,Tablets,1551.0,1449.69,116,0.0,Norte,2025-04-10,False,False,False,Inmediato,False,296,2248469.19,13.370689655172415,True,True
PROD-1422,Laptops,290.0,123.1,158,27.5,Norte,2025-06-09,False,False,False,25-30 días,False,236,35699.0,1.8354430379746836,False,True
PROD-1423,Smartphones,1960.0,1341.06,237,3.0,Occidente,2024-05-17,False,False,False,3,False,624,2628477.6,8.270042194092827,True,True
PROD-1424,Laptops,1816.0,886.48,198,5.0,Occidente,2025-06-29,True,False,False,,True,216,1609847.68,9.171717171717171,True,False
PROD-1425,Monitores,961.0,867.68,183,0.0,Norte,2025-05-31,False,True,False,Inmediato,False,245,833840.48,5.251366120218579,True,False
PROD-1426,Laptops,784.0,775.4,245,0.0,BOD-EXT-99,2024-11-10,False,False,False,Inmediato,False,447,607913.6,3.2,True,True
PROD-1427,Accesorios,1153.0,150.62,144,0.0,ZONA_FRANCA,2025-03-19,False,False,False,Inmediato,False,318,173664.86000000002,8.006944444444445,True,True
PROD-1428,Laptops,1675.0,180.32,207,0.0,BOD-EXT-99,2024-11-26,False,False,False,Inmediato,False,431,302036.0,8.091787439613526,True,True
PROD-1429,Accesorios,1639.0,921.32,286,5.0,Occidente,2024-12-24,False,False,False,,True,403,1510043.48,5.730769230769231,True,False
PROD-1430,Laptops,260.0,544.39,161,10.0,Sur,2025-12-26,False,False,False,10,False,36,141541.4,1.6149068322981366,False,True
PROD-1431,Laptops,211.0,1380.04,158,27.5,Occidente,2024-07-05,False,False,False,25-30 días,False,575,291188.44,1.3354430379746836,False,True
PROD-1432,Monitores,1392.0,639.56,276,27.5,ZONA_FRANCA,2025-02-24,False,False,False,25-30 días,False,341,890267.5199999999,5.043478260869565,True,True
PROD-1433,Laptops,355.0,257.76,290,3.0,Norte,2025-01-08,True,False,False,3,False,388,91504.8,1.2241379310344827,False,False
PROD-1434,Accesorios,291.0,1086.34,259,5.0,Occidente,2025-12-29,False,False,False,5,False,33,316124.94,1.1235521235521235,False,True
PROD-1435,Laptops,1289.0,475.36,237,10.0,BOD-EXT-99,2025-12-24,True,False,False,10,False,38,612739.04,5.438818565400844,True,False
PROD-1436,Laptops,193.0,811.93,110,3.0,BOD-EXT-99,2024-07-02,True,False,False,3,False,578,156702.49,1.7545454545454546,False,False
PROD-1437,Laptops,439.0,1061.86,201,3.0,Norte,2025-07-07,True,False,False,3,False,208,466156.54,2.18407960199005,True,False
PROD-1438,Smartphones,1058.0,1355.38,169,0.0,Norte,2025-09-02,False,True,False,Inmediato,False,151,1433992.04,6.260355029585799,True,False
PROD-1439,Smartphones,510.0,1198.68,222,5.0,Norte,2025-02-01,False,False,False,5,False,364,611326.8,2.2972972972972974,True,True
PROD-1440,Laptops,1019.5,1030.72,289,5.0,Norte,2025-07-17,False,True,False,5,False,198,1050819.04,3.527681660899654,True,False
PROD-1441,Laptops,543.0,1035.47,274,10.0,ZONA_FRANCA,2024-06-10,True,False,False,10,False,600,562260.21,1.9817518248175183,False,False
PROD-1442,Laptops,1402.0,1421.59,133,5.0,Sur,2025-11-14,False,False,False,5,False,78,1993069.18,10.541353383458647,True,True
PROD-1443,Laptops,1776.0,478.94,200,3.0,BOD-EXT-99,2024-10-12,True,False,False,3,False,476,850597.44,8.88,True,False
PROD-1444,Accesorios,1643.0,51.61,244,5.0,BOD-EXT-99,2024-11-24,False,False,False,5,False,433,84795.23,6.733606557377049,True,True
PROD-1445,Smartphones,83.0,444.33,203,5.0,ZONA_FRANCA,2025-12-31,False,False,False,5,False,31,36879.39,0.4088669950738916,False,True
PROD-1446,Smartphones,897.0,365.94,281,27.5,Norte,2025-11-06,False,False,False,25-30 días,False,86,328248.18,3.192170818505338,True,True
PROD-1447,Laptops,22.0,1009.66,139,3.0,Norte,2024-07-30,False,False,False,3,False,550,22212.52,0.15827338129496402,False,True
PROD-1448,Smartphones,348.0,968.88,118,5.0,ZONA_FRANCA,2025-01-04,False,False,False,,True,392,337170.24,2.9491525423728815,True,False
PROD-1449,Laptops,1378.0,910.52,166,5.0,Sur,2024-05-29,False,False,False,5,False,612,1254696.56,8.301204819277109,True,True
PROD-1450,Laptops,1019.5,73.55,181,5.0,Norte,2025-06-02,False,True,False,5,False,243,74984.22499999999,5.632596685082873,True,False
PROD-1451,Laptops,79.0,1106.73,280,0.0,Sur,2025-06-14,False,False,False,Inmediato,False,231,87431.67,0.28214285714285714,False,True
PROD-1452,Laptops,1761.0,519.12,163,5.0,Occidente,2024-07-01,False,False,False,5,False,579,914170.3200000001,10.803680981595091,True,True
PROD-1453,Laptops,1951.0,1014.33,182,5.0,Sur,2025-07-24,False,False,False,5,False,191,1978957.83,10.719780219780219,True,True
PROD-1454,Monitores,215.0,857.04,146,27.5,Norte,2024-08-10,False,False,False,25-30 días,False,539,184263.6,1.4726027397260273,False,True
PROD-1455,Smartphones,1510.0,546.96,105,3.0,Occidente,2025-05-07,False,False,False,3,False,269,825909.6000000001,14.380952380952381,True,True
PROD-1456,Laptops,1935.0,245.14,115,10.0,Norte,2025-11-16,False,False,False,10,False,76,474345.89999999997,16.82608695652174,True,True
PROD-1457,Laptops,742.0,186.91,299,3.0,BOD-EXT-99,2025-08-18,True,False,False,3,False,166,138687.22,2.4816053511705687,True,False
PROD-1458,Smartphones,1262.0,1255.7,245,0.0,Norte,2025-04-23,False,False,False,Inmediato,False,283,1584693.4000000001,5.151020408163265,True,True
PROD-1459,Smartphones,113.0,1381.68,279,3.0,Occidente,2025-11-04,False,False,False,3,False,88,156129.84,0.4050179211469534,False,True
PROD-1460,Tablets,44.0,992.19,275,5.0,Sur,2024-08-06,False,False,False,5,False,543,43656.36,0.16,False,True
PROD-1461,Monitores,1755.0,199.98,270,0.0,BOD-EXT-99,2024-04-23,False,False,False,Inmediato,False,648,350964.89999999997,6.5,True,True
PROD-1462,Laptops,1083.0,632.94,138,3.0,Norte,2025-08-29,False,False,False,3,False,155,685474.02,7.8478260869565215,True,True
PROD-1463,Laptops,771.0,1106.96,276,0.0,Norte,2025-05-27,False,False,False,Inmediato,False,249,853466.16,2.7934782608695654,True,True
PROD-1464,Accesorios,187.0,1180.74,212,10.0,Norte,2025-10-29,False,False,False,10,False,94,220798.38,0.8820754716981132,False,True
PROD-1465,Smartphones,1910.0,221.42,239,3.0,Norte,2026-01-15,False,False,False,3,False,16,422912.19999999995,7.99163179916318,True,True
PROD-1466,Laptops,998.0,50.04,237,5.0,ZONA_FRANCA,2025-10-07,True,False,False,,True,116,49939.92,4.210970464135021,True,False
PROD-1467,Laptops,1626.0,1082.6,170,5.0,Norte,2025-03-05,False,False,False,5,False,332,1760307.5999999999,9.564705882352941,True,True
PROD-1468,Monitores,913.0,567.06,209,0.0,Occidente,2024-08-28,False,False,False,Inmediato,False,521,517725.77999999997,4.368421052631579,True,True
PROD-1469,Accesorios,486.0,419.0,154,5.0,Norte,2025-11-13,False,False,False,,True,79,203634.0,3.155844155844156,True,False
PROD-1470,Monitores,1553.0,68.7,228,5.0,Norte,2024-04-26,False,False,False,,True,645,106691.1,6.81140350877193,True,False
PROD-1471,Laptops,1929.0,833.43,148,27.5,Norte,2024-11-26,True,False,False,25-30 días,False,431,1607686.47,13.033783783783784,True,False
PROD-1472,Smartphones,77.0,1284.17,263,0.0,Sur,2025-07-13,False,False,False,Inmediato,False,202,98881.09000000001,0.29277566539923955,False,True
PROD-1473,Accesorios,41.0,1438.57,120,5.0,Occidente,2025-10-08,False,False,False,,True,115,58981.369999999995,0.3416666666666667,False,False
PROD-1474,Smartphones,492.0,870.33,136,27.5,Occidente,2025-06-26,False,False,False,25-30 días,False,219,428202.36000000004,3.6176470588235294,True,True
PROD-1475,Laptops,1019.5,795.97,215,5.0,BOD-EXT-99,2025-05-24,True,True,False,,True,252,811491.415,4.741860465116279,True,False
PROD-1476,Laptops,795.0,173.33,123,5.0,ZONA_FRANCA,2025-08-16,False,False,False,5,False,168,137797.35,6.463414634146342,True,True
PROD-1477,Laptops,1631.0,845.87,154,10.0,Norte,2025-03-22,True,False,False,10,False,315,1379613.97,10.590909090909092,True,False
PROD-1478,Laptops,1801.0,600.97,124,27.5,Occidente,2025-01-25,False,False,False,25-30 días,False,371,1082346.97,14.524193548387096,True,True
PROD-1479,Accesorios,339.0,930.35,234,10.0,Sur,2024-06-28,False,False,False,10,False,582,315388.65,1.4487179487179487,False,True
PROD-1480,Accesorios,1834.0,613.65,226,0.0,Norte,2025-08-29,False,False,False,Inmediato,False,155,1125434.0999999999,8.11504424778761,True,True
PROD-1481,Laptops,1019.5,398.43,192,5.0,Occidente,2024-05-28,False,True,False,5,False,613,406199.385,5.309895833333333,True,False
PROD-1482,Monitores,203.0,187.7,193,27.5,Sur,2026-01-19,False,False,False,25-30 días,False,12,38103.1,1.0518134715025906,False,True
PROD-1483,Laptops,1033.0,506.63,170,0.0,Norte,2024-09-11,False,False,False,Inmediato,False,507,523348.79,6.076470588235294,True,True
PROD-1484,Monitores,1490.0,190.14,298,5.0,ZONA_FRANCA,2024-10-24,False,False,False,,True,464,283308.6,5.0,True,False
PROD-1485,Laptops,1903.0,306.5,221,3.0,Occidente,2025-06-26,False,False,False,3,False,219,583269.5,8.610859728506787,True,True
PROD-1486,Smartphones,591.0,1481.64,123,0.0,Occidente,2026-01-17,False,False,False,Inmediato,False,14,875649.2400000001,4.804878048780488,True,True
PROD-1487,Accesorios,639.0,693.95,110,10.0,Sur,2025-10-07,False,False,False,10,False,116,443434.05000000005,5.8090909090909095,True,True
PROD-1488,Laptops,1226.0,821.21,172,5.0,BOD-EXT-99,2025-03-07,False,False,False,5,False,330,1006803.4600000001,7.127906976744186,True,True
PROD-1489,Monitores,1900.0,1316.75,111,5.0,Norte,2025-12-07,False,False,False,5,False,55,2501825.0,17.117117117117118,True,True
PROD-1490,Laptops,1029.0,1493.57,134,0.0,ZONA_FRANCA,2025-02-15,True,False,False,Inmediato,False,350,1536883.53,7.67910447761194,True,False
PROD-1491,Monitores,1436.0,894.94,290,5.0,Norte,2025-09-22,False,False,False,,True,131,1285133.84,4.951724137931034,True,False
PROD-1492,Laptops,406.0,1228.09,295,3.0,Occidente,2025-06-20,False,False,False,3,False,225,498604.54,1.376271186440678,False,True
PROD-1493,Laptops,932.0,524.06,284,10.0,Norte,2025-03-30,False,False,False,10,False,307,488423.9199999999,3.2816901408450705,True,True
PROD-1494,Monitores,1072.0,493.33,240,0.0,Norte,2024-10-14,False,False,False,Inmediato,False,474,528849.76,4.466666666666667,True,True
PROD-1495,Smartphones,98.0,633.92,122,0.0,ZONA_FRANCA,2025-06-24,False,False,False,Inmediato,False,221,62124.159999999996,0.8032786885245902,False,True
PROD-1496,Smartphones,1302.0,1025.14,182,5.0,Norte,2025-08-12,False,False,False,5,False,172,1334732.28,7.153846153846154,True,True
PROD-1497,Accesorios,1129.0,1039.18,266,10.0,Norte,2025-02-26,False,False,False,10,False,339,1173234.22,4.2443609022556394,True,True
PROD-1498,Laptops,139.0,507.1,187,3.0,Sur,2024-09-13,False,False,False,3,False,505,70486.90000000001,0.7433155080213903,False,True
PROD-1499,Accesorios,832.0,243.15,179,5.0,Norte,2025-08-28,False,False,False,5,False,156,202300.80000000002,4.648044692737431,True,True
PROD-1500,Smartphones,1058.0,2339.8424999999997,196,0.0,ZONA_FRANCA,2025-09-03,False,True,True,Inmediato,False,150,2475553.3649999998,5.3979591836734695,True,False
PROD-1501,Monitores,349.0,236.07,239,5.0,Norte,2024-03-06,False,False,False,5,False,696,82388.43,1.4602510460251046,False,True
PROD-1502,Monitores,558.0,888.81,133,5.0,Norte,2025-08-07,False,False,False,5,False,177,495955.98,4.195488721804511,True,True
PROD-1503,Laptops,1745.0,1055.46,298,27.5,Sur,2024-08-17,True,False,False,25-30 días,False,532,1841777.7,5.855704697986577,True,False
PROD-1504,Smartphones,1588.0,1065.89,174,5.0,Norte,2025-10-12,False,False,False,5,False,111,1692633.32,9.126436781609195,True,True
PROD-1505,Laptops,1525.0,1142.53,258,5.0,Norte,2024-03-20,False,False,False,,True,682,1742358.25,5.910852713178294,True,False
PROD-1506,Laptops,1332.0,1315.65,227,5.0,Norte,2025-09-16,True,False,False,5,False,137,1752445.8,5.86784140969163,True,False
PROD-1507,Smartphones,1353.0,774.94,289,5.0,ZONA_FRANCA,2025-06-13,False,False,False,,True,232,1048493.8200000001,4.681660899653979,True,False
PROD-1508,Laptops,769.0,1108.86,240,10.0,Occidente,2025-03-06,True,False,False,10,False,331,852713.34,3.2041666666666666,True,False
PROD-1509,Tablets,769.0,947.8,130,5.0,Norte,2024-08-08,False,False,False,5,False,541,728858.2,5.915384615384616,True,True
PROD-1510,Laptops,369.0,320.63,229,3.0,Norte,2025-03-31,False,False,False,3,False,306,118312.47,1.611353711790393,False,True
PROD-1511,Tablets,73.0,87.25,202,5.0,Norte,2025-08-24,False,False,False,,True,160,6369.25,0.3613861386138614,False,False
PROD-1512,Smartphones,371.0,462.59,114,5.0,Norte,2024-12-26,False,False,False,,True,401,171620.88999999998,3.254385964912281,True,False
PROD-1513,Laptops,1458.0,692.4,156,0.0,Norte,2024-06-21,False,False,False,Inmediato,False,589,1009519.2,9.346153846153847,True,True
PROD-1514,Tablets,1547.0,944.8,174,10.0,ZONA_FRANCA,2025-04-29,False,False,False,10,False,277,1461605.5999999999,8.89080459770115,True,True
PROD-1515,Smartphones,717.0,1282.44,133,5.0,Sur,2025-03-18,False,False,False,5,False,319,919509.48,5.390977443609023,True,True
PROD-1516,Laptops,1994.0,334.56,202,3.0,ZONA_FRANCA,2024-08-17,True,False,False,3,False,532,667112.64,9.871287128712872,True,False
PROD-1517,Laptops,1499.0,232.05,295,0.0,Norte,2024-09-22,False,False,False,Inmediato,False,496,347842.95,5.081355932203389,True,True
PROD-1518,Laptops,1714.0,1447.05,174,10.0,BOD-EXT-99,2025-02-03,True,False,False,10,False,362,2480243.6999999997,9.850574712643677,True,False
PROD-1519,Tablets,1994.0,206.66,128,5.0,Norte,2025-01-25,False,False,False,,True,371,412080.04,15.578125,True,False
PROD-1520,Laptops,459.0,743.81,293,3.0,BOD-EXT-99,2024-04-17,True,False,False,3,False,654,341408.79,1.5665529010238908,False,False
PROD-1521,Smartphones,1156.0,899.07,115,5.0,Norte,2025-12-27,False,False,False,5,False,35,1039324.92,10.052173913043479,True,True
PROD-1522,Laptops,335.0,834.99,266,27.5,Norte,2025-04-04,False,False,False,25-30 días,False,302,279721.65,1.2593984962406015,False,True
PROD-1523,Smartphones,1547.0,174.75,176,27.5,Norte,2024-11-20,False,False,False,25-30 días,False,437,270338.25,8.789772727272727,True,True
PROD-1524,Tablets,691.0,132.69,136,10.0,Norte,2025-12-31,False,False,False,10,False,31,91688.79,5.080882352941177,True,True
PROD-1525,Smartphones,1058.0,202.95,180,3.0,ZONA_FRANCA,2025-07-30,False,True,False,3,False,185,214721.09999999998,5.877777777777778,True,False
PROD-1526,Smartphones,1861.0,899.1,248,0.0,Occidente,2025-08-11,False,False,False,Inmediato,False,173,1673225.1,7.504032258064516,True,True
PROD-1527,Tablets,1396.0,839.3,271,3.0,Norte,2024-07-15,False,False,False,3,False,565,1171662.8,5.1512915129151295,True,True
PROD-1528,Tablets,850.0,388.92,223,5.0,Norte,2024-03-30,False,False,False,,True,672,330582.0,3.811659192825112,True,False
PROD-1529,Tablets,1959.0,974.77,118,27.5,BOD-EXT-99,2025-05-27,False,False,False,25-30 días,False,249,1909574.43,16.60169491525424,True,True
PROD-1530,Laptops,191.0,1239.1,298,10.0,Norte,2025-04-28,False,False,False,10,False,278,236668.09999999998,0.6409395973154363,False,True
PROD-1531,Laptops,1970.0,110.29,201,5.0,BOD-EXT-99,2024-03-20,True,False,False,5,False,682,217271.30000000002,9.800995024875622,True,False
PROD-1532,Laptops,122.0,772.29,235,3.0,Norte,2024-03-08,False,False,False,3,False,694,94219.37999999999,0.5191489361702127,False,True
PROD-1533,Laptops,621.0,1049.5,176,27.5,Sur,2026-01-30,False,False,False,25-30 días,False,1,651739.5,3.528409090909091,True,True
PROD-1534,Smartphones,113.0,415.85,293,0.0,BOD-EXT-99,2025-07-22,False,False,False,Inmediato,False,193,46991.05,0.3856655290102389,False,True
PROD-1535,Laptops,414.0,496.27,140,10.0,Norte,2025-08-19,False,False,False,10,False,165,205455.78,2.9571428571428573,True,True
PROD-1536,Laptops,446.0,939.77,297,5.0,Norte,2025-10-14,True,False,False,5,False,109,419137.42,1.5016835016835017,False,False
PROD-1537,Smartphones,649.0,1352.01,160,3.0,Norte,2025-01-17,False,False,False,3,False,379,877454.49,4.05625,True,True
PROD-1538,Monitores,652.0,1224.39,125,0.0,Sur,2024-06-28,False,False,False,Inmediato,False,582,798302.28,5.216,True,True
PROD-1539,Tablets,1890.0,895.54,170,5.0,Occidente,2024-03-27,False,False,False,5,False,675,1692570.5999999999,11.117647058823529,True,True
PROD-1540,Smartphones,1741.0,1108.82,202,5.0,Sur,2025-04-22,False,False,False,,True,284,1930455.6199999999,8.618811881188119,True,False
PROD-1541,Tablets,132.0,578.99,169,27.5,ZONA_FRANCA,2024-12-07,False,False,False,25-30 días,False,420,76426.68000000001,0.7810650887573964,False,True
PROD-1542,Smartphones,578.0,979.4,206,5.0,Norte,2025-10-11,False,False,False,,True,112,566093.2,2.8058252427184467,True,False
PROD-1543,Tablets,1681.0,725.96,256,27.5,Sur,2025-06-18,False,False,False,25-30 días,False,227,1220338.76,6.56640625,True,True
PROD-1544,Laptops,495.0,325.41,206,0.0,Occidente,2024-10-18,False,False,False,Inmediato,False,470,161077.95,2.4029126213592233,True,True
PROD-1545,Laptops,1537.0,1067.52,202,5.0,Norte,2024-08-22,True,False,False,,True,527,1640778.24,7.608910891089109,True,False
PROD-1546,Monitores,573.0,856.87,293,27.5,Norte,2024-09-23,False,False,False,25-30 días,False,495,490986.51,1.9556313993174061,False,True
PROD-1547,Accesorios,543.0,570.0,118,10.0,BOD-EXT-99,2026-01-01,False,False,False,10,False,30,309510.0,4.601694915254237,True,True
PROD-1548,Tablets,693.0,1371.44,167,0.0,Sur,2025-08-23,False,False,False,Inmediato,False,161,950407.92,4.149700598802395,True,True
PROD-1549,Smartphones,1718.0,80.35,285,27.5,Occidente,2025-01-19,False,False,False,25-30 días,False,377,138041.3,6.028070175438597,True,True
PROD-1550,Laptops,1019.5,507.87,169,3.0,Sur,2024-11-12,False,True,False,3,False,445,517773.465,6.0325443786982245,True,False
PROD-1551,Accesorios,1409.0,132.48,212,27.5,ZONA_FRANCA,2024-12-01,False,False,False,25-30 días,False,426,186664.31999999998,6.64622641509434,True,True
PROD-1552,Monitores,1898.0,1161.46,156,5.0,Norte,2024-03-07,False,False,False,,True,695,2204451.08,12.166666666666666,True,False
PROD-1553,Accesorios,54.0,1068.06,264,10.0,Norte,2024-09-15,False,False,False,10,False,503,57675.24,0.20454545454545456,False,True
PROD-1554,Laptops,1019.5,530.46,160,5.0,Occidente,2024-08-23,False,True,False,5,False,526,540803.9700000001,6.371875,True,False
PROD-1555,Laptops,342.0,1029.71,191,5.0,Sur,2024-03-19,True,False,False,5,False,683,352160.82,1.7905759162303665,False,False
PROD-1556,Laptops,374.0,624.11,129,27.5,Norte,2024-08-18,True,False,False,25-30 días,False,531,233417.14,2.89922480620155,True,False
PROD-1557,Laptops,521.0,1146.57,298,5.0,Sur,2024-06-29,False,False,False,5,False,581,597362.97,1.7483221476510067,False,True
PROD-1558,Laptops,1070.0,708.57,252,27.5,Norte,2024-08-30,True,False,False,25-30 días,False,519,758169.9,4.246031746031746,True,False
PROD-1559,Laptops,191.0,647.81,226,10.0,ZONA_FRANCA,2025-12-29,False,False,False,10,False,33,123731.70999999999,0.8451327433628318,False,True
PROD-1560,Accesorios,738.0,1405.36,292,5.0,Sur,2024-03-12,False,False,False,5,False,690,1037155.6799999999,2.5273972602739727,True,True
PROD-1561,Smartphones,664.0,413.77,214,5.0,ZONA_FRANCA,2024-09-29,False,False,False,,True,489,274743.27999999997,3.102803738317757,True,False
PROD-1562,Smartphones,708.0,224.65,105,5.0,BOD-EXT-99,2024-05-22,False,False,False,,True,619,159052.2,6.742857142857143,True,False
PROD-1563,Smartphones,725.0,897.59,117,3.0,BOD-EXT-99,2024-12-05,False,False,False,3,False,422,650752.75,6.196581196581197,True,True
PROD-1564,Accesorios,28.0,1455.52,109,27.5,Occidente,2024-10-21,False,False,False,25-30 días,False,467,40754.56,0.25688073394495414,False,True
PROD-1565,Tablets,805.0,597.87,191,5.0,ZONA_FRANCA,2026-01-08,False,False,False,5,False,23,481285.35,4.214659685863874,True,True
PROD-1566,Tablets,1389.0,139.95,238,5.0,Norte,2025-06-30,False,False,False,,True,215,194390.55,5.836134453781512,True,False
PROD-1567,Laptops,981.0,541.99,292,10.0,Occidente,2025-12-08,True,False,False,10,False,54,531692.1900000001,3.3595890410958904,True,False
PROD-1568,Smartphones,794.0,783.6,176,10.0,Sur,2026-01-06,False,False,False,10,False,25,622178.4,4.511363636363637,True,True
PROD-1569,Smartphones,36.0,284.79,200,3.0,Sur,2025-04-26,False,False,False,3,False,280,10252.44,0.18,False,True
PROD-1570,Laptops,357.0,1004.25,183,10.0,Norte,2025-03-11,False,False,False,10,False,326,358517.25,1.9508196721311475,False,True
PROD-1571,Smartphones,1618.0,1496.74,292,10.0,Norte,2025-07-30,False,False,False,10,False,185,2421725.32,5.541095890410959,True,True
PROD-1572,Laptops,97.0,705.02,151,5.0,Norte,2024-09-24,False,False,False,5,False,494,68386.94,0.6423841059602649,False,True
PROD-1573,Tablets,181.0,564.36,294,27.5,Sur,2026-01-20,False,False,False,25-30 días,False,11,102149.16,0.6156462585034014,False,True
PROD-1574,Smartphones,1900.0,631.02,130,0.0,Norte,2024-05-01,False,False,False,Inmediato,False,640,1198938.0,14.615384615384615,True,True
PROD-1575,Laptops,1019.5,216.96,244,10.0,Norte,2024-11-24,False,True,False,10,False,433,221190.72,4.17827868852459,True,False
PROD-1576,Monitores,315.0,1330.75,282,10.0,ZONA_FRANCA,2025-07-08,False,False,False,10,False,207,419186.25,1.1170212765957446,False,True
PROD-1577,Laptops,1624.0,651.5,209,0.0,Sur,2025-09-21,False,False,False,Inmediato,False,132,1058036.0,7.770334928229665,True,True
PROD-1578,Tablets,385.0,611.55,192,10.0,BOD-EXT-99,2025-02-27,False,False,False,10,False,338,235446.74999999997,2.0052083333333335,True,True
PROD-1579,Tablets,348.0,1006.55,263,5.0,ZONA_FRANCA,2025-07-20,False,False,False,5,False,195,350279.39999999997,1.3231939163498099,False,True
PROD-1580,Laptops,1184.0,690.95,253,5.0,Norte,2025-05-15,False,False,False,5,False,261,818084.8,4.679841897233201,True,True
PROD-1581,Laptops,1364.0,989.94,152,0.0,BOD-EXT-99,2025-04-25,False,False,False,Inmediato,False,281,1350278.1600000001,8.973684210526315,True,True
PROD-1582,Accesorios,512.0,139.1,244,5.0,ZONA_FRANCA,2025-01-28,False,False,False,,True,368,71219.2,2.098360655737705,True,False
PROD-1583,Tablets,1234.0,1229.9,185,10.0,Norte,2025-10-21,False,False,False,10,False,102,1517696.6,6.6702702702702705,True,True
PROD-1584,Laptops,722.0,1413.73,252,5.0,Norte,2024-05-10,False,False,False,,True,631,1020713.06,2.865079365079365,True,False
PROD-1585,Smartphones,1987.0,990.71,101,10.0,BOD-EXT-99,2025-08-02,False,False,False,10,False,182,1968540.77,19.673267326732674,True,True
PROD-1586,Laptops,1293.0,1434.12,185,27.5,Occidente,2024-12-05,False,False,False,25-30 días,False,422,1854317.16,6.989189189189189,True,True
PROD-1587,Smartphones,1523.0,269.58,232,10.0,Sur,2026-01-23,False,False,False,10,False,8,410570.33999999997,6.564655172413793,True,True
PROD-1588,Accesorios,941.0,742.25,103,5.0,BOD-EXT-99,2024-07-24,False,False,False,5,False,556,698457.25,9.135922330097088,True,True
PROD-1589,Monitores,1196.0,922.62,263,3.0,Norte,2025-06-02,False,False,False,3,False,243,1103453.52,4.547528517110266,True,True
PROD-1590,Laptops,309.0,893.52,105,3.0,Sur,2024-05-18,False,False,False,3,False,623,276097.68,2.942857142857143,True,True
PROD-1591,Laptops,870.0,632.12,248,3.0,ZONA_FRANCA,2024-07-14,True,False,False,3,False,566,549944.4,3.5080645161290325,True,False
PROD-1592,Monitores,912.0,540.22,217,3.0,Norte,2025-01-04,False,False,False,3,False,392,492680.64,4.202764976958525,True,True
PROD-1593,Accesorios,1777.0,233.89,188,5.0,Norte,2024-08-23,False,False,False,,True,526,415622.52999999997,9.452127659574469,True,False
PROD-1594,Accesorios,1563.0,618.03,253,5.0,Norte,2025-12-26,False,False,False,,True,36,965980.89,6.177865612648222,True,False
PROD-1595,Accesorios,1590.0,285.86,282,10.0,ZONA_FRANCA,2025-08-07,False,False,False,10,False,177,454517.4,5.638297872340425,True,True
PROD-1596,Monitores,166.0,1114.83,266,5.0,Norte,2024-05-03,False,False,False,,True,638,185061.78,0.6240601503759399,False,False
PROD-1597,Smartphones,327.0,352.8,260,10.0,Norte,2024-05-13,False,False,False,10,False,628,115365.6,1.2576923076923077,False,True
PROD-1598,Accesorios,68.0,134.92,113,27.5,Occidente,2025-11-21,False,False,False,25-30 días,False,71,9174.56,0.6017699115044248,False,True
PROD-1599,Laptops,139.0,850.93,155,10.0,Norte,2025-02-14,False,False,False,10,False,351,118279.26999999999,0.896774193548387,False,True
PROD-1600,Monitores,961.0,913.08,180,3.0,Sur,2024-05-19,False,True,False,3,False,622,877469.88,5.338888888888889,True,False
PROD-1601,Laptops,319.0,1314.27,248,0.0,Norte,2025-09-05,True,False,False,Inmediato,False,148,419252.13,1.2862903225806452,False,False
PROD-1602,Accesorios,1751.0,886.62,145,0.0,Norte,2024-03-06,False,False,False,Inmediato,False,696,1552471.62,12.075862068965517,True,True
PROD-1603,Laptops,601.0,550.95,243,5.0,BOD-EXT-99,2025-10-19,False,False,False,5,False,104,331120.95,2.4732510288065845,True,True
PROD-1604,Smartphones,1832.0,1214.37,115,5.0,Sur,2024-04-13,False,False,False,5,False,658,2224725.84,15.930434782608696,True,True
PROD-1605,Smartphones,1461.0,833.4,219,10.0,ZONA_FRANCA,2025-06-25,False,False,False,10,False,220,1217597.4,6.671232876712328,True,True
PROD-1606,Smartphones,719.0,164.96,183,0.0,Norte,2025-01-23,False,False,False,Inmediato,False,373,118606.24,3.92896174863388,True,True
PROD-1607,Laptops,730.0,870.48,256,3.0,BOD-EXT-99,2024-09-01,True,False,False,3,False,517,635450.4,2.8515625,True,False
PROD-1608,Accesorios,1666.0,1366.63,107,5.0,BOD-EXT-99,2025-05-17,False,False,False,,True,259,2276805.58,15.570093457943925,True,False
PROD-1609,Laptops,1261.0,624.65,187,3.0,ZONA_FRANCA,2025-04-08,True,False,False,3,False,298,787683.65,6.74331550802139,True,False
PROD-1610,Monitores,1199.0,479.67,230,3.0,BOD-EXT-99,2025-12-21,False,False,False,3,False,41,575124.3300000001,5.21304347826087,True,True
PROD-1611,Tablets,472.0,258.03,118,10.0,Sur,2024-09-27,False,False,False,10,False,491,121790.15999999999,4.0,True,True
PROD-1612,Accesorios,471.0,269.6,196,10.0,ZONA_FRANCA,2024-11-19,False,False,False,10,False,438,126981.6,2.4030612244897958,True,True
PROD-1613,Tablets,732.0,677.52,165,27.5,BOD-EXT-99,2025-12-16,False,False,False,25-30 días,False,46,495944.64,4.4363636363636365,True,True
PROD-1614,Laptops,885.0,913.74,178,3.0,ZONA_FRANCA,2025-11-08,False,False,False,3,False,84,808659.9,4.97191011235955,True,True
PROD-1615,Smartphones,1638.0,166.89,185,3.0,ZONA_FRANCA,2024-03-17,False,False,False,3,False,685,273365.81999999995,8.854054054054053,True,True
PROD-1616,Laptops,437.0,1412.37,223,10.0,Norte,2025-12-05,False,False,False,10,False,57,617205.69,1.9596412556053813,False,True
PROD-1617,Laptops,1800.0,1144.94,249,10.0,Norte,2025-07-07,True,False,False,10,False,208,2060892.0,7.228915662650603,True,False
PROD-1618,Smartphones,795.0,900.6,145,27.5,Norte,2025-05-29,False,False,False,25-30 días,False,247,715977.0,5.482758620689655,True,True
PROD-1619,Smartphones,1953.0,1251.24,212,27.5,BOD-EXT-99,2025-07-05,False,False,False,25-30 días,False,210,2443671.72,9.212264150943396,True,True
PROD-1620,Accesorios,1698.0,166.27,190,5.0,Norte,2025-12-24,False,False,False,5,False,38,282326.46,8.936842105263159,True,True
PROD-1621,Tablets,635.0,741.42,240,0.0,Sur,2025-05-25,False,False,False,Inmediato,False,251,470801.69999999995,2.6458333333333335,True,True
PROD-1622,Smartphones,1517.0,963.64,132,3.0,BOD-EXT-99,2024-04-29,False,False,False,3,False,642,1461841.88,11.492424242424242,True,True
PROD-1623,Tablets,1195.0,1251.55,232,3.0,Norte,2024-12-15,False,False,False,3,False,412,1495602.25,5.150862068965517,True,True
PROD-1624,Monitores,961.0,1186.03,176,27.5,ZONA_FRANCA,2024-11-12,False,True,False,25-30 días,False,445,1139774.83,5.4602272727272725,True,False
PROD-1625,Tablets,1020.0,451.75,254,27.5,BOD-EXT-99,2025-12-11,False,True,False,25-30 días,False,51,460785.0,4.015748031496063,True,False
PROD-1626,Monitores,729.0,1414.28,220,5.0,ZONA_FRANCA,2025-01-23,False,False,False,5,False,373,1031010.12,3.3136363636363635,True,True
PROD-1627,Laptops,1206.0,230.3,227,0.0,ZONA_FRANCA,2024-08-24,False,False,False,Inmediato,False,525,277741.8,5.312775330396476,True,True
PROD-1628,Smartphones,1877.0,1318.94,177,5.0,ZONA_FRANCA,2025-08-29,False,False,False,5,False,155,2475650.38,10.6045197740113,True,True
PROD-1629,Smartphones,251.0,1457.86,251,0.0,Occidente,2024-08-08,False,False,False,Inmediato,False,541,365922.86,1.0,False,True
PROD-1630,Laptops,596.0,306.87,166,5.0,Norte,2025-11-03,False,False,False,,True,89,182894.52,3.5903614457831323,True,False
PROD-1631,Accesorios,612.0,1097.0,214,3.0,Sur,2024-03-24,False,False,False,3,False,678,671364.0,2.8598130841121496,True,True
PROD-1632,Monitores,1709.0,108.41,162,5.0,Sur,2025-02-15,False,False,False,5,False,350,185272.69,10.549382716049383,True,True
PROD-1633,Laptops,205.0,637.86,212,27.5,Norte,2025-11-24,False,False,False,25-30 días,False,68,130761.3,0.9669811320754716,False,True
PROD-1634,Tablets,547.0,798.61,193,5.0,Occidente,2025-08-22,False,False,False,5,False,162,436839.67,2.8341968911917097,True,True
PROD-1635,Tablets,611.0,891.94,147,5.0,BOD-EXT-99,2025-06-04,False,False,False,,True,241,544975.3400000001,4.156462585034014,True,False
PROD-1636,Laptops,184.0,1407.11,290,5.0,BOD-EXT-99,2024-09-24,False,False,False,5,False,494,258908.24,0.6344827586206897,False,True
PROD-1637,Smartphones,1318.0,1024.76,111,3.0,Sur,2025-01-14,False,False,False,3,False,382,1350633.68,11.873873873873874,True,True
PROD-1638,Tablets,719.0,747.85,255,5.0,Norte,2025-12-11,False,False,False,,True,51,537704.15,2.819607843137255,True,False
PROD-1639,Laptops,162.0,1224.03,271,27.5,ZONA_FRANCA,2024-04-18,True,False,False,25-30 días,False,653,198292.86,0.5977859778597786,False,False
PROD-1640,Laptops,412.0,1428.27,270,27.5,Norte,2025-11-30,False,False,False,25-30 días,False,62,588447.24,1.525925925925926,False,True
PROD-1641,Laptops,232.0,82.0,244,10.0,Norte,2024-09-10,False,False,False,10,False,508,19024.0,0.9508196721311475,False,True
PROD-1642,Laptops,1436.0,1474.66,139,5.0,Sur,2025-04-15,True,False,False,,True,291,2117611.7600000002,10.33093525179856,True,False
PROD-1643,Laptops,1380.0,174.89,276,10.0,Occidente,2025-11-02,False,False,False,10,False,90,241348.19999999998,5.0,True,True
PROD-1644,Laptops,37.0,1230.86,184,10.0,Norte,2024-04-08,True,False,False,10,False,663,45541.82,0.20108695652173914,False,False
PROD-1645,Monitores,1017.0,456.49,156,3.0,Sur,2024-12-04,False,False,False,3,False,423,464250.33,6.519230769230769,True,True
PROD-1646,Monitores,410.0,241.66,186,5.0,BOD-EXT-99,2024-04-03,False,False,False,5,False,668,99080.6,2.204301075268817,True,True
PROD-1647,Laptops,1674.0,687.79,183,27.5,Norte,2025-02-01,False,False,False,25-30 días,False,364,1151360.46,9.147540983606557,True,True
PROD-1648,Laptops,1326.0,983.74,291,27.5,Sur,2025-09-04,True,False,False,25-30 días,False,149,1304439.24,4.556701030927835,True,False
PROD-1649,Monitores,464.0,602.38,284,5.0,BOD-EXT-99,2025-05-06,False,False,False,5,False,270,279504.32,1.6338028169014085,False,True
PROD-1650,Smartphones,1058.0,129.12,220,27.5,BOD-EXT-99,2024-06-30,False,True,False,25-30 días,False,580,136608.96,4.8090909090909095,True,False
PROD-1651,Laptops,652.0,919.22,173,5.0,ZONA_FRANCA,2025-10-08,True,False,False,5,False,115,599331.4400000001,3.76878612716763,True,False
PROD-1652,Smartphones,1603.0,1358.48,206,5.0,Occidente,2024-09-03,False,False,False,,True,515,2177643.44,7.781553398058253,True,False
PROD-1653,Monitores,961.0,605.66,223,3.0,ZONA_FRANCA,2024-06-24,False,True,False,3,False,586,582039.26,4.309417040358745,True,False
PROD-1654,Laptops,1003.0,363.68,297,3.0,Sur,2025-06-05,False,False,False,3,False,240,364771.04,3.377104377104377,True,True
PROD-1655,Monitores,1780.0,691.74,199,3.0,Norte,2026-01-02,False,False,False,3,False,29,1231297.2,8.944723618090451,True,True
PROD-1656,Smartphones,1254.0,120.13,142,5.0,ZONA_FRANCA,2025-09-11,False,False,False,5,False,142,150643.02,8.830985915492958,True,True
PROD-1657,Smartphones,1084.0,1239.71,218,5.0,Norte,2025-03-12,False,False,False,5,False,325,1343845.6400000001,4.972477064220183,True,True
PROD-1658,Accesorios,311.0,1248.19,122,0.0,BOD-EXT-99,2024-03-08,False,False,False,Inmediato,False,694,388187.09,2.5491803278688523,True,True
PROD-1659,Tablets,1849.0,902.6,254,27.5,Sur,2026-01-16,False,False,False,25-30 días,False,15,1668907.4000000001,7.2795275590551185,True,True
PROD-1660,Laptops,1234.0,562.0,285,27.5,Occidente,2025-10-13,True,False,False,25-30 días,False,110,693508.0,4.329824561403509,True,False
PROD-1661,Smartphones,464.0,1209.69,136,0.0,Norte,2025-10-17,False,False,False,Inmediato,False,106,561296.16,3.411764705882353,True,True
PROD-1662,Monitores,398.0,854.3,233,0.0,Sur,2025-01-18,False,False,False,Inmediato,False,378,340011.39999999997,1.7081545064377683,False,True
PROD-1663,Laptops,1873.0,1247.6,164,3.0,Norte,2025-08-23,False,False,False,3,False,161,2336754.8,11.420731707317072,True,True
PROD-1664,Laptops,1456.0,965.62,233,0.0,ZONA_FRANCA,2025-04-24,False,False,False,Inmediato,False,282,1405942.72,6.24892703862661,True,True
PROD-1665,Monitores,1197.0,1187.39,277,5.0,Sur,2025-05-08,False,False,False,5,False,268,1421305.83,4.32129963898917,True,True
PROD-1666,Laptops,1805.0,917.92,121,10.0,ZONA_FRANCA,2024-10-05,False,False,False,10,False,483,1656845.5999999999,14.917355371900827,True,True
PROD-1667,Accesorios,823.0,650.5,204,5.0,Norte,2024-04-05,False,False,False,5,False,666,535361.5,4.034313725490196,True,True
PROD-1668,Monitores,1378.0,1439.02,187,0.0,Sur,2025-11-20,False,False,False,Inmediato,False,72,1982969.56,7.3689839572192515,True,True
PROD-1669,Smartphones,1704.0,834.62,252,27.5,Norte,2025-07-19,False,False,False,25-30 días,False,196,1422192.48,6.761904761904762,True,True
PROD-1670,Laptops,872.0,927.38,224,5.0,Norte,2025-06-03,False,False,False,5,False,242,808675.36,3.892857142857143,True,True
PROD-1671,Laptops,986.0,369.71,178,27.5,ZONA_FRANCA,2024-06-13,False,False,False,25-30 días,False,597,364534.06,5.53932584269663,True,True
PROD-1672,Laptops,1366.0,957.19,189,5.0,ZONA_FRANCA,2025-05-18,False,False,False,5,False,258,1307521.54,7.227513227513228,True,True
PROD-1673,Laptops,263.0,878.83,299,27.5,Norte,2025-09-05,False,False,False,25-30 días,False,148,231132.29,0.8795986622073578,False,True
PROD-1674,Accesorios,1947.0,318.02,150,5.0,Norte,2025-01-07,False,False,False,,True,389,619184.94,12.98,True,False
PROD-1675,Monitores,961.0,136.4,275,5.0,BOD-EXT-99,2024-12-12,False,True,False,5,False,415,131080.4,3.4945454545454546,True,False
PROD-1676,Accesorios,987.0,926.32,201,27.5,Occidente,2024-12-02,False,False,False,25-30 días,False,425,914277.8400000001,4.91044776119403,True,True
PROD-1677,Laptops,1606.0,1157.35,297,10.0,Norte,2025-06-29,True,False,False,10,False,216,1858704.0999999999,5.407407407407407,True,False
PROD-1678,Tablets,1728.0,808.93,205,3.0,ZONA_FRANCA,2025-11-07,False,False,False,3,False,85,1397831.0399999998,8.429268292682927,True,True
PROD-1679,Tablets,964.0,378.82,292,5.0,Sur,2025-06-30,False,False,False,5,False,215,365182.48,3.3013698630136985,True,True
PROD-1680,Laptops,1043.0,1016.46,159,10.0,Norte,2024-12-05,True,False,False,10,False,422,1060167.78,6.559748427672956,True,False
PROD-1681,Monitores,1074.0,166.15,145,3.0,BOD-EXT-99,2025-03-18,False,False,False,3,False,319,178445.1,7.406896551724138,True,True
PROD-1682,Smartphones,647.0,690.66,135,5.0,Occidente,2025-10-06,False,False,False,5,False,117,446857.01999999996,4.792592592592593,True,True
PROD-1683,Accesorios,1354.0,286.88,285,10.0,Sur,2024-12-13,False,False,False,10,False,414,388435.52,4.750877192982456,True,True
PROD-1684,Laptops,1105.0,317.47,265,10.0,Norte,2024-06-12,False,False,False,10,False,598,350804.35000000003,4.169811320754717,True,True
PROD-1685,Laptops,993.0,343.33,110,5.0,BOD-EXT-99,2025-12-23,False,False,False,,True,39,340926.69,9.027272727272727,True,False
PROD-1686,Laptops,1879.0,610.73,111,10.0,Norte,2025-08-24,False,False,False,10,False,160,1147561.67,16.92792792792793,True,True
PROD-1687,Monitores,963.0,124.17,269,5.0,BOD-EXT-99,2024-08-13,False,False,False,,True,536,119575.71,3.579925650557621,True,False
PROD-1688,Smartphones,176.0,626.8,138,0.0,Norte,2024-12-08,False,False,False,Inmediato,False,419,110316.79999999999,1.2753623188405796,False,True
PROD-1689,Tablets,1778.0,791.98,298,27.5,Norte,2024-04-08,False,False,False,25-30 días,False,663,1408140.44,5.966442953020135,True,True
PROD-1690,Tablets,1442.0,750.78,238,3.0,BOD-EXT-99,2025-10-29,False,False,False,3,False,94,1082624.76,6.0588235294117645,True,True
PROD-1691,Laptops,771.0,605.04,135,27.5,Occidente,2024-11-16,False,False,False,25-30 días,False,441,466485.83999999997,5.711111111111111,True,True
PROD-1692,Monitores,1973.0,1266.76,151,27.5,BOD-EXT-99,2024-07-23,False,False,False,25-30 días,False,557,2499317.48,13.066225165562914,True,True
PROD-1693,Accesorios,820.0,260.72,130,5.0,Norte,2024-04-22,False,False,False,,True,649,213790.40000000002,6.3076923076923075,True,False
PROD-1694,Tablets,1745.0,783.26,132,27.5,Sur,2024-10-23,False,False,False,25-30 días,False,465,1366788.7,13.219696969696969,True,True
PROD-1695,Accesorios,137.0,139.96,240,10.0,Sur,2025-04-19,False,False,False,10,False,287,19174.52,0.5708333333333333,False,True
PROD-1696,Smartphones,1030.0,153.18,245,5.0,BOD-EXT-99,2024-03-27,False,False,False,,True,675,157775.4,4.204081632653061,True,False
PROD-1697,Tablets,890.0,882.11,268,27.5,BOD-EXT-99,2024-12-16,False,False,False,25-30 días,False,411,785077.9,3.3208955223880596,True,True
PROD-1698,Tablets,475.0,870.73,157,5.0,Norte,2024-12-28,False,False,False,,True,399,413596.75,3.0254777070063694,True,False
PROD-1699,Smartphones,285.0,1323.15,283,0.0,Norte,2024-08-22,False,False,False,Inmediato,False,527,377097.75,1.0070671378091873,False,True
PROD-1700,Tablets,1020.0,858.92,251,5.0,Norte,2026-01-14,False,True,False,,True,17,876098.3999999999,4.063745019920319,True,False
PROD-1701,Laptops,1028.0,1441.7,227,5.0,Occidente,2025-09-18,True,False,False,5,False,135,1482067.6,4.52863436123348,True,False
PROD-1702,Laptops,111.0,120.61,130,10.0,Sur,2024-10-25,False,False,False,10,False,463,13387.71,0.8538461538461538,False,True
PROD-1703,Laptops,543.0,192.11,154,3.0,ZONA_FRANCA,2025-05-29,True,False,False,3,False,247,104315.73000000001,3.5259740259740258,True,False
PROD-1704,Monitores,1888.0,113.9,109,5.0,ZONA_FRANCA,2026-01-31,False,False,False,5,False,0,215043.2,17.321100917431192,True,True
PROD-1705,Monitores,9.0,318.65,287,5.0,Norte,2025-01-16,False,False,False,5,False,380,2867.85,0.0313588850174216,False,True
PROD-1706,Accesorios,1851.0,834.84,229,5.0,Norte,2024-09-10,False,False,False,5,False,508,1545288.84,8.08296943231441,True,True
PROD-1707,Laptops,355.0,986.08,114,27.5,ZONA_FRANCA,2024-10-29,True,False,False,25-30 días,False,459,350058.4,3.1140350877192984,True,False
PROD-1708,Laptops,613.0,116.1,102,5.0,Norte,2024-09-14,True,False,False,,True,504,71169.3,6.009803921568627,True,False
PROD-1709,Laptops,1082.0,1421.66,142,5.0,Sur,2024-10-13,True,False,False,,True,475,1538236.12,7.619718309859155,True,False
PROD-1710,Smartphones,1049.0,1271.14,258,27.5,Occidente,2024-07-24,False,False,False,25-30 días,False,556,1333425.86,4.065891472868217,True,True
PROD-1711,Tablets,491.0,480.09,297,10.0,Occidente,2025-12-31,False,False,False,10,False,31,235724.18999999997,1.6531986531986531,False,True
PROD-1712,Laptops,1287.0,161.92,166,27.5,Norte,2025-10-06,False,False,False,25-30 días,False,117,208391.03999999998,7.753012048192771,True,True
PROD-1713,Accesorios,947.0,296.34,155,27.5,Sur,2025-08-01,False,False,False,25-30 días,False,183,280633.98,6.109677419354838,True,True
PROD-1714,Laptops,1090.0,234.07,162,27.5,Norte,2025-07-25,True,False,False,25-30 días,False,190,255136.3,6.728395061728395,True,False
PROD-1715,Laptops,817.0,228.76,114,10.0,Norte,2025-11-19,True,False,False,10,False,73,186896.91999999998,7.166666666666667,True,False
PROD-1716,Smartphones,381.0,801.91,208,10.0,Norte,2024-05-19,False,False,False,10,False,622,305527.70999999996,1.8317307692307692,False,True
PROD-1717,Accesorios,689.0,406.48,215,0.0,Norte,2025-10-21,False,False,False,Inmediato,False,102,280064.72000000003,3.2046511627906975,True,True
PROD-1718,Laptops,1323.0,569.3,191,0.0,Norte,2024-06-25,True,False,False,Inmediato,False,585,753183.8999999999,6.9267015706806285,True,False
PROD-1719,Accesorios,132.0,1484.78,237,0.0,Norte,2024-12-08,False,False,False,Inmediato,False,419,195990.96,0.5569620253164557,False,True
PROD-1720,Tablets,1156.0,1042.26,265,0.0,Sur,2024-10-16,False,False,False,Inmediato,False,472,1204852.56,4.362264150943396,True,True
PROD-1721,Smartphones,1119.0,1426.02,146,5.0,Norte,2025-10-10,False,False,False,,True,113,1595716.38,7.664383561643835,True,False
PROD-1722,Accesorios,780.0,256.71,156,5.0,Sur,2025-01-18,False,False,False,5,False,378,200233.8,5.0,True,True
PROD-1723,Laptops,1601.0,604.1,149,5.0,BOD-EXT-99,2025-03-25,False,False,False,5,False,312,967164.1000000001,10.74496644295302,True,True
PROD-1724,Laptops,1086.0,854.36,170,0.0,Norte,2025-03-08,False,False,False,Inmediato,False,329,927834.96,6.3882352941176475,True,True
PROD-1725,Monitores,961.0,161.3,242,0.0,ZONA_FRANCA,2025-02-27,False,True,False,Inmediato,False,338,155009.30000000002,3.9710743801652892,True,False
PROD-1726,Smartphones,425.0,56.07,245,3.0,ZONA_FRANCA,2025-06-08,False,False,False,3,False,237,23829.75,1.7346938775510203,False,True
PROD-1727,Smartphones,1276.0,1022.13,181,5.0,BOD-EXT-99,2025-08-12,False,False,False,5,False,172,1304237.88,7.0497237569060776,True,True
PROD-1728,Monitores,920.0,980.64,215,3.0,Norte,2025-11-14,False,False,False,3,False,78,902188.7999999999,4.27906976744186,True,True
PROD-1729,Accesorios,969.0,645.64,204,3.0,Norte,2024-10-25,False,False,False,3,False,463,625625.16,4.75,True,True
PROD-1730,Smartphones,1091.0,759.98,187,27.5,ZONA_FRANCA,2024-06-06,False,False,False,25-30 días,False,604,829138.18,5.834224598930481,True,True
PROD-1731,Laptops,1786.0,652.39,101,5.0,Norte,2024-09-18,False,False,False,,True,500,1165168.54,17.683168316831683,True,False
PROD-1732,Laptops,110.0,84.81,203,10.0,ZONA_FRANCA,2024-07-19,False,False,False,10,False,561,9329.1,0.541871921182266,False,True
PROD-1733,Laptops,147.0,536.29,183,5.0,Norte,2025-04-22,True,False,False,5,False,284,78834.62999999999,0.8032786885245902,False,False
PROD-1734,Tablets,1233.0,306.77,142,0.0,ZONA_FRANCA,2025-06-23,False,False,False,Inmediato,False,222,378247.41,8.683098591549296,True,True
PROD-1735,Smartphones,609.0,192.72,253,0.0,Norte,2024-06-18,False,False,False,Inmediato,False,592,117366.48,2.4071146245059287,True,True
PROD-1736,Accesorios,1725.0,1437.24,170,10.0,BOD-EXT-99,2025-05-11,False,False,False,10,False,265,2479239.0,10.147058823529411,True,True
PROD-1737,Monitores,1020.0,919.07,265,5.0,Sur,2024-04-05,False,False,False,5,False,666,937451.4,3.849056603773585,True,True
PROD-1738,Monitores,1960.0,1106.55,193,0.0,Norte,2025-01-24,False,False,False,Inmediato,False,372,2168838.0,10.155440414507773,True,True
PROD-1739,Accesorios,348.0,507.28,141,0.0,Sur,2025-06-13,False,False,False,Inmediato,False,232,176533.44,2.4680851063829787,True,True
PROD-1740,Smartphones,1683.0,620.06,232,27.5,Sur,2025-06-10,False,False,False,25-30 días,False,235,1043560.9799999999,7.254310344827586,True,True
PROD-1741,Laptops,1532.0,393.54,238,3.0,Norte,2024-04-01,False,False,False,3,False,670,602903.28,6.436974789915967,True,True
PROD-1742,Tablets,24.0,190.6,164,0.0,BOD-EXT-99,2025-03-24,False,False,False,Inmediato,False,313,4574.4,0.14634146341463414,False,True
PROD-1743,Monitores,551.0,309.6,133,5.0,Sur,2025-01-17,False,False,False,,True,379,170589.6,4.142857142857143,True,False
PROD-1744,Smartphones,786.0,1206.4,219,5.0,Occidente,2024-05-28,False,False,False,5,False,613,948230.4,3.589041095890411,True,True
PROD-1745,Tablets,1478.0,1032.44,100,5.0,Sur,2024-07-18,False,False,False,,True,562,1525946.32,14.78,True,False
PROD-1746,Smartphones,449.0,843.05,229,10.0,Norte,2024-12-08,False,False,False,10,False,419,378529.44999999995,1.960698689956332,False,True
PROD-1747,Smartphones,1546.0,738.88,247,27.5,Sur,2025-12-11,False,False,False,25-30 días,False,51,1142308.48,6.2591093117408905,True,True
PROD-1748,Laptops,87.0,1387.53,160,5.0,Norte,2024-04-29,False,False,False,5,False,642,120715.11,0.54375,False,True
PROD-1749,Tablets,1744.0,155.47,248,27.5,Norte,2024-09-10,False,False,False,25-30 días,False,508,271139.68,7.032258064516129,True,True
PROD-1750,Laptops,1019.5,456.87,187,3.0,Occidente,2025-07-11,True,True,False,3,False,204,465778.965,5.451871657754011,True,False
PROD-1751,Monitores,922.0,557.41,167,0.0,Sur,2025-05-20,False,False,False,Inmediato,False,256,513932.01999999996,5.520958083832335,True,True
PROD-1752,Tablets,1592.0,1184.52,226,5.0,Sur,2025-07-31,False,False,False,5,False,184,1885755.84,7.04424778761062,True,True
PROD-1753,Tablets,1835.0,1489.15,239,10.0,ZONA_FRANCA,2025-09-09,False,False,False,10,False,144,2732590.25,7.677824267782427,True,True
PROD-1754,Tablets,1978.0,398.97,121,3.0,ZONA_FRANCA,2024-03-13,False,False,False,3,False,689,789162.66,16.34710743801653,True,True
PROD-1755,Laptops,1850.0,1317.75,247,3.0,Norte,2026-01-18,False,False,False,3,False,13,2437837.5,7.489878542510121,True,True
PROD-1756,Tablets,1399.0,1254.4,181,27.5,Norte,2025-05-31,False,False,False,25-30 días,False,245,1754905.6,7.7292817679558015,True,True
PROD-1757,Smartphones,496.0,375.75,228,3.0,Occidente,2025-07-29,False,False,False,3,False,186,186372.0,2.175438596491228,True,True
PROD-1758,Laptops,871.0,629.03,129,5.0,ZONA_FRANCA,2025-03-01,False,False,False,5,False,336,547885.13,6.751937984496124,True,True
PROD-1759,Smartphones,530.0,644.03,225,27.5,Sur,2025-05-18,False,False,False,25-30 días,False,258,341335.89999999997,2.3555555555555556,True,True
PROD-1760,Accesorios,1322.0,1468.42,196,3.0,Norte,2025-12-23,False,False,False,3,False,39,1941251.24,6.744897959183674,True,True
PROD-1761,Tablets,1906.0,312.29,123,10.0,Occidente,2024-06-10,False,False,False,10,False,600,595224.74,15.495934959349594,True,True
PROD-1762,Monitores,1953.0,1208.78,113,5.0,BOD-EXT-99,2024-05-05,False,False,False,,True,636,2360747.34,17.283185840707965,True,False
PROD-1763,Tablets,653.0,534.58,135,5.0,Sur,2024-12-10,False,False,False,5,False,417,349080.74000000005,4.837037037037037,True,True
PROD-1764,Monitores,1575.0,1109.76,296,10.0,Sur,2025-02-15,False,False,False,10,False,350,1747872.0,5.320945945945946,True,True
PROD-1765,Smartphones,587.0,659.02,123,10.0,BOD-EXT-99,2026-01-23,False,False,False,10,False,8,386844.74,4.772357723577236,True,True
PROD-1766,Monitores,959.0,888.62,287,27.5,Norte,2025-02-16,False,False,False,25-30 días,False,349,852186.58,3.341463414634146,True,True
PROD-1767,Laptops,590.0,1257.29,194,0.0,Norte,2025-11-09,True,False,False,Inmediato,False,83,741801.1,3.0412371134020617,True,False
PROD-1768,Accesorios,1811.0,1216.04,154,27.5,ZONA_FRANCA,2024-08-17,False,False,False,25-30 días,False,532,2202248.44,11.75974025974026,True,True
PROD-1769,Laptops,1155.0,1306.31,123,5.0,ZONA_FRANCA,2025-02-08,False,False,False,5,False,357,1508788.05,9.390243902439025,True,True
PROD-1770,Monitores,635.0,136.45,251,5.0,Sur,2025-01-19,False,False,False,5,False,377,86645.75,2.5298804780876494,True,True
PROD-1771,Monitores,1801.0,1053.47,281,27.5,Sur,2025-08-13,False,False,False,25-30 días,False,171,1897299.47,6.409252669039146,True,True
PROD-1772,Laptops,137.0,252.98,125,0.0,ZONA_FRANCA,2026-01-07,False,False,False,Inmediato,False,24,34658.26,1.096,False,True
PROD-1773,Accesorios,1569.0,652.94,293,27.5,BOD-EXT-99,2025-01-04,False,False,False,25-30 días,False,392,1024462.8600000001,5.354948805460751,True,True
PROD-1774,Tablets,1637.0,845.45,179,5.0,ZONA_FRANCA,2025-10-21,False,False,False,5,False,102,1384001.6500000001,9.145251396648044,True,True
PROD-1775,Monitores,961.0,633.97,265,0.0,Sur,2025-06-10,False,True,False,Inmediato,False,235,609245.17,3.6264150943396225,True,False
PROD-1776,Laptops,934.0,803.44,164,5.0,Occidente,2024-12-18,False,False,False,5,False,409,750412.9600000001,5.695121951219512,True,True
PROD-1777,Laptops,497.0,1494.96,174,0.0,Sur,2024-08-01,True,False,False,Inmediato,False,548,742995.12,2.8563218390804597,True,False
PROD-1778,Laptops,1381.0,246.07,278,0.0,Occidente,2025-03-06,True,False,False,Inmediato,False,331,339822.67,4.967625899280575,True,False
PROD-1779,Smartphones,825.0,1029.41,262,27.5,Occidente,2024-04-08,False,False,False,25-30 días,False,663,849263.2500000001,3.148854961832061,True,True
PROD-1780,Laptops,567.0,624.2,142,27.5,Sur,2024-08-18,False,False,False,25-30 días,False,531,353921.4,3.992957746478873,True,True
PROD-1781,Smartphones,1315.0,242.86,128,27.5,Norte,2024-04-23,False,False,False,25-30 días,False,648,319360.9,10.2734375,True,True
PROD-1782,Laptops,1193.0,280.17,264,0.0,ZONA_FRANCA,2026-01-03,True,False,False,Inmediato,False,28,334242.81,4.518939393939394,True,False
PROD-1783,Accesorios,852.0,1426.45,180,0.0,Norte,2024-08-07,False,False,False,Inmediato,False,542,1215335.4000000001,4.733333333333333,True,True
PROD-1784,Tablets,112.0,1325.42,285,5.0,Sur,2026-01-13,False,False,False,5,False,18,148447.04,0.3929824561403509,False,True
PROD-1785,Laptops,1924.0,1365.21,153,10.0,Occidente,2025-09-06,False,False,False,10,False,147,2626664.04,12.57516339869281,True,True
PROD-1786,Smartphones,219.0,1487.72,138,27.5,Sur,2024-10-18,False,False,False,25-30 días,False,470,325810.68,1.5869565217391304,False,True
PROD-1787,Laptops,581.0,352.06,141,5.0,ZONA_FRANCA,2024-09-28,True,False,False,,True,490,204546.86000000002,4.120567375886525,True,False
PROD-1788,Laptops,855.0,565.39,255,5.0,BOD-EXT-99,2025-04-24,True,False,False,5,False,282,483408.45,3.3529411764705883,True,False
PROD-1789,Smartphones,1964.0,1020.37,128,5.0,Occidente,2024-03-28,False,False,False,5,False,674,2004006.68,15.34375,True,True
PROD-1790,Laptops,1591.0,751.51,270,3.0,Norte,2025-10-11,False,False,False,3,False,112,1195652.41,5.892592592592592,True,True
PROD-1791,Laptops,154.0,656.66,230,27.5,Norte,2024-11-03,True,False,False,25-30 días,False,454,101125.64,0.6695652173913044,False,False
PROD-1792,Monitores,531.0,568.83,237,5.0,Norte,2024-04-10,False,False,False,5,False,661,302048.73000000004,2.240506329113924,True,True
PROD-1793,Accesorios,1529.0,910.98,286,3.0,BOD-EXT-99,2025-03-08,False,False,False,3,False,329,1392888.42,5.346153846153846,True,True
PROD-1794,Laptops,790.0,884.61,241,5.0,Norte,2025-05-22,False,False,False,,True,254,698841.9,3.2780082987551866,True,False
PROD-1795,Smartphones,1786.0,284.11,274,5.0,Occidente,2024-06-12,False,False,False,,True,598,507420.46,6.518248175182482,True,False
PROD-1796,Monitores,1201.0,734.02,141,27.5,BOD-EXT-99,2024-12-29,False,False,False,25-30 días,False,398,881558.02,8.5177304964539,True,True
PROD-1797,Smartphones,1669.0,852.53,193,0.0,Occidente,2024-06-01,False,False,False,Inmediato,False,609,1422872.57,8.647668393782384,True,True
PROD-1798,Laptops,1592.0,876.92,259,3.0,BOD-EXT-99,2024-09-11,False,False,False,3,False,507,1396056.64,6.146718146718147,True,True
PROD-1799,Smartphones,824.0,354.66,131,0.0,BOD-EXT-99,2024-04-28,False,False,False,Inmediato,False,643,292239.84,6.290076335877862,True,True
PROD-1800,Laptops,1019.5,1126.29,269,5.0,Norte,2024-10-23,False,True,False,,True,465,1148252.655,3.7899628252788102,True,False
PROD-1801,Laptops,1414.0,86.54,259,5.0,Occidente,2024-12-21,False,False,False,,True,406,122367.56000000001,5.45945945945946,True,False
PROD-1802,Laptops,639.0,564.51,125,10.0,BOD-EXT-99,2024-06-02,False,False,False,10,False,608,360721.89,5.112,True,True
PROD-1803,Laptops,1960.0,1181.31,214,10.0,Norte,2025-10-26,False,False,False,10,False,97,2315367.6,9.158878504672897,True,True
PROD-1804,Laptops,1372.0,867.64,228,10.0,Sur,2025-04-17,False,False,False,10,False,289,1190402.08,6.017543859649122,True,True
PROD-1805,Accesorios,1951.0,428.69,155,10.0,ZONA_FRANCA,2024-04-15,False,False,False,10,False,656,836374.19,12.587096774193549,True,True
PROD-1806,Laptops,621.0,1057.68,221,5.0,BOD-EXT-99,2025-08-29,True,False,False,5,False,155,656819.28,2.8099547511312215,True,False
PROD-1807,Laptops,1121.0,872.72,205,10.0,Norte,2025-08-23,False,False,False,10,False,161,978319.12,5.46829268292683,True,True
PROD-1808,Laptops,1445.0,1204.55,229,5.0,Norte,2024-05-18,False,False,False,5,False,623,1740574.75,6.310043668122271,True,True
PROD-1809,Monitores,893.0,1115.79,180,5.0,Norte,2024-03-06,False,False,False,5,False,696,996400.47,4.961111111111111,True,True
PROD-1810,Smartphones,1399.0,934.66,257,27.5,BOD-EXT-99,2025-10-27,False,False,False,25-30 días,False,96,1307589.3399999999,5.443579766536965,True,True
PROD-1811,Smartphones,845.0,757.86,219,5.0,Norte,2025-01-20,False,False,False,5,False,376,640391.7,3.858447488584475,True,True
PROD-1812,Laptops,1286.0,243.11,298,5.0,Sur,2024-07-14,False,False,False,5,False,566,312639.46,4.315436241610739,True,True
PROD-1813,Accesorios,114.0,428.93,151,10.0,Norte,2024-11-08,False,False,False,10,False,449,48898.020000000004,0.7549668874172185,False,True
PROD-1814,Accesorios,1055.0,657.69,190,5.0,ZONA_FRANCA,2025-10-07,False,False,False,5,False,116,693862.9500000001,5.552631578947368,True,True
PROD-1815,Monitores,1703.0,918.98,236,0.0,ZONA_FRANCA,2024-06-06,False,False,False,Inmediato,False,604,1565022.94,7.216101694915254,True,True
PROD-1816,Laptops,1888.0,794.88,121,10.0,Norte,2024-09-13,False,False,False,10,False,505,1500733.44,15.603305785123966,True,True
PROD-1817,Smartphones,320.0,467.87,133,3.0,Sur,2025-07-27,False,False,False,3,False,188,149718.4,2.406015037593985,True,True
PROD-1818,Accesorios,1830.0,59.37,209,10.0,ZONA_FRANCA,2024-10-13,False,False,False,10,False,475,108647.09999999999,8.75598086124402,True,True
PROD-1819,Laptops,802.0,769.55,148,5.0,BOD-EXT-99,2025-03-15,False,False,False,5,False,322,617179.1,5.418918918918919,True,True
PROD-1820,Smartphones,333.0,464.16,228,0.0,Occidente,2024-06-15,False,False,False,Inmediato,False,595,154565.28,1.4605263157894737,False,True
PROD-1821,Accesorios,1881.0,1115.18,172,10.0,Occidente,2025-08-05,False,False,False,10,False,179,2097653.58,10.936046511627907,True,True
PROD-1822,Laptops,374.0,84.72,183,0.0,Occidente,2025-08-04,False,False,False,Inmediato,False,180,31685.28,2.0437158469945356,True,True
PROD-1823,Smartphones,578.0,898.0,152,3.0,BOD-EXT-99,2024-03-10,False,False,False,3,False,692,519044.0,3.8026315789473686,True,True
PROD-1824,Laptops,844.0,1415.14,199,5.0,Norte,2025-04-20,True,False,False,,True,286,1194378.1600000001,4.241206030150754,True,False
PROD-1825,Accesorios,987.0,302.89,223,3.0,BOD-EXT-99,2024-10-14,False,True,False,3,False,474,298952.43,4.426008968609866,True,False
PROD-1826,Smartphones,547.0,733.89,267,5.0,Norte,2024-05-24,False,False,False,,True,617,401437.83,2.048689138576779,True,False
PROD-1827,Tablets,542.0,182.56,144,27.5,Occidente,2024-05-01,False,False,False,25-30 días,False,640,98947.52,3.763888888888889,True,True
PROD-1828,Smartphones,1637.0,957.24,295,5.0,Norte,2025-05-15,False,False,False,,True,261,1567001.8800000001,5.549152542372881,True,False
PROD-1829,Laptops,522.0,848.27,236,27.5,Norte,2024-08-27,True,False,False,25-30 días,False,522,442796.94,2.211864406779661,True,False
PROD-1830,Monitores,1654.0,640.68,204,10.0,Norte,2025-08-23,False,False,False,10,False,161,1059684.72,8.107843137254902,True,True
PROD-1831,Monitores,126.0,806.0,249,27.5,Occidente,2024-10-02,False,False,False,25-30 días,False,486,101556.0,0.5060240963855421,False,True
PROD-1832,Smartphones,478.0,1350.03,245,0.0,BOD-EXT-99,2025-08-04,False,False,False,Inmediato,False,180,645314.34,1.9510204081632654,False,True
PROD-1833,Accesorios,1583.0,334.63,205,27.5,Norte,2024-10-20,False,False,False,25-30 días,False,468,529719.29,7.721951219512195,True,True
PROD-1834,Laptops,915.0,82.72,142,0.0,Norte,2026-01-11,False,False,False,Inmediato,False,20,75688.8,6.443661971830986,True,True
PROD-1835,Accesorios,1467.0,1299.41,266,5.0,BOD-EXT-99,2025-05-02,False,False,False,,True,274,1906234.4700000002,5.515037593984962,True,False
PROD-1836,Smartphones,147.0,886.82,233,5.0,Occidente,2025-05-17,False,False,False,,True,259,130362.54000000001,0.630901287553648,False,False
PROD-1837,Monitores,802.0,1341.45,147,5.0,Sur,2025-03-05,False,False,False,,True,332,1075842.9000000001,5.45578231292517,True,False
PROD-1838,Accesorios,1487.0,915.57,225,27.5,Occidente,2024-10-23,False,False,False,25-30 días,False,465,1361452.59,6.608888888888889,True,True
PROD-1839,Monitores,1030.0,1224.73,106,5.0,Occidente,2025-10-08,False,False,False,,True,115,1261471.9,9.716981132075471,True,False
PROD-1840,Smartphones,47.0,673.03,296,27.5,BOD-EXT-99,2024-12-15,False,False,False,25-30 días,False,412,31632.41,0.15878378378378377,False,True
PROD-1841,Laptops,1853.0,1137.3,115,27.5,BOD-EXT-99,2024-08-13,True,False,False,25-30 días,False,536,2107416.9,16.11304347826087,True,False
PROD-1842,Laptops,384.0,1373.91,228,5.0,ZONA_FRANCA,2025-05-20,False,False,False,5,False,256,527581.4400000001,1.6842105263157894,False,True
PROD-1843,Smartphones,586.0,879.58,214,5.0,ZONA_FRANCA,2025-08-17,False,False,False,5,False,167,515433.88,2.7383177570093458,True,True
PROD-1844,Monitores,537.0,312.14,136,27.5,BOD-EXT-99,2024-08-17,False,False,False,25-30 días,False,532,167619.18,3.948529411764706,True,True
PROD-1845,Monitores,293.0,439.76,264,0.0,BOD-EXT-99,2024-06-13,False,False,False,Inmediato,False,597,128849.68,1.1098484848484849,False,True
PROD-1846,Tablets,1267.0,338.03,224,10.0,Sur,2026-01-17,False,False,False,10,False,14,428284.00999999995,5.65625,True,True
PROD-1847,Tablets,1929.0,407.94,180,3.0,Sur,2025-12-13,False,False,False,3,False,49,786916.26,10.716666666666667,True,True
PROD-1848,Smartphones,520.0,494.3,291,5.0,Occidente,2025-04-03,False,False,False,5,False,303,257036.0,1.7869415807560138,False,True
PROD-1849,Laptops,560.0,854.94,161,27.5,Norte,2024-10-02,False,False,False,25-30 días,False,486,478766.4,3.4782608695652173,True,True
PROD-1850,Smartphones,1058.0,902.59,171,3.0,Sur,2024-12-12,False,True,False,3,False,415,954940.2200000001,6.187134502923977,True,False
PROD-1851,Tablets,1677.0,668.42,288,5.0,Occidente,2025-04-02,False,False,False,5,False,304,1120940.3399999999,5.822916666666667,True,True
PROD-1852,Monitores,1804.0,942.36,224,10.0,Norte,2025-07-20,False,False,False,10,False,195,1700017.44,8.053571428571429,True,True
PROD-1853,Smartphones,909.0,168.28,260,0.0,ZONA_FRANCA,2025-01-09,False,False,False,Inmediato,False,387,152966.52,3.496153846153846,True,True
PROD-1854,Smartphones,481.0,177.29,165,27.5,Norte,2024-11-03,False,False,False,25-30 días,False,454,85276.48999999999,2.915151515151515,True,True
PROD-1855,Monitores,1127.0,299.15,129,10.0,Occidente,2024-04-14,False,False,False,10,False,657,337142.05,8.736434108527131,True,True
PROD-1856,Smartphones,1041.0,801.21,119,5.0,BOD-EXT-99,2025-03-28,False,False,False,5,False,309,834059.61,8.747899159663865,True,True
PROD-1857,Smartphones,1851.0,360.29,287,27.5,Norte,2025-09-27,False,False,False,25-30 días,False,126,666896.79,6.449477351916376,True,True
PROD-1858,Tablets,833.0,460.76,181,3.0,ZONA_FRANCA,2025-08-10,False,False,False,3,False,174,383813.08,4.602209944751381,True,True
PROD-1859,Smartphones,1628.0,630.45,206,5.0,Norte,2025-09-20,False,False,False,,True,133,1026372.6000000001,7.902912621359223,True,False
PROD-1860,Accesorios,1699.0,1227.21,251,0.0,Occidente,2025-11-27,False,False,False,Inmediato,False,65,2085029.79,6.768924302788845,True,True
PROD-1861,Laptops,731.0,70.1,231,5.0,Sur,2025-01-04,False,False,False,5,False,392,51243.1,3.1645021645021645,True,True
PROD-1862,Tablets,830.0,991.6,136,0.0,ZONA_FRANCA,2025-02-01,False,False,False,Inmediato,False,364,823028.0,6.102941176470588,True,True
PROD-1863,Tablets,396.0,1019.87,231,27.5,Norte,2025-04-28,False,False,False,25-30 días,False,278,403868.52,1.7142857142857142,False,True
PROD-1864,Accesorios,1733.0,1208.05,176,5.0,Sur,2025-02-03,False,False,False,,True,362,2093550.65,9.846590909090908,True,False
PROD-1865,Laptops,1227.0,1402.49,188,10.0,Norte,2025-08-14,False,False,False,10,False,170,1720855.23,6.526595744680851,True,True
PROD-1866,Monitores,1941.0,79.2,245,0.0,Occidente,2025-12-12,False,False,False,Inmediato,False,50,153727.2,7.922448979591837,True,True
PROD-1867,Laptops,1017.0,272.99,187,3.0,Occidente,2025-03-10,False,False,False,3,False,327,277630.83,5.438502673796791,True,True
PROD-1868,Smartphones,1527.0,1334.95,293,5.0,ZONA_FRANCA,2024-04-07,False,False,False,5,False,664,2038468.6500000001,5.21160409556314,True,True
PROD-1869,Laptops,961.0,714.85,275,3.0,Norte,2024-06-19,False,False,False,3,False,591,686970.85,3.4945454545454546,True,True
PROD-1870,Monitores,723.0,868.66,132,0.0,Norte,2025-09-09,False,False,False,Inmediato,False,144,628041.1799999999,5.4772727272727275,True,True
PROD-1871,Laptops,1764.0,1011.39,157,5.0,BOD-EXT-99,2025-05-03,True,False,False,,True,273,1784091.96,11.235668789808917,True,False
PROD-1872,Tablets,1151.0,1034.65,127,10.0,ZONA_FRANCA,2025-08-30,False,False,False,10,False,154,1190882.1500000001,9.062992125984252,True,True
PROD-1873,Laptops,1400.0,1401.02,134,10.0,BOD-EXT-99,2024-09-11,False,False,False,10,False,507,1961428.0,10.447761194029852,True,True
PROD-1874,Tablets,256.0,1495.58,224,3.0,ZONA_FRANCA,2025-02-03,False,False,False,3,False,362,382868.48,1.1428571428571428,False,True
PROD-1875,Smartphones,1058.0,1094.23,237,27.5,Norte,2025-03-13,False,True,False,25-30 días,False,324,1157695.34,4.4641350210970465,True,False
PROD-1876,Tablets,728.0,466.47,164,27.5,Norte,2024-04-17,False,False,False,25-30 días,False,654,339590.16000000003,4.439024390243903,True,True
PROD-1877,Tablets,1020.0,1325.64,141,5.0,Norte,2025-04-09,False,True,False,,True,297,1352152.8,7.23404255319149,True,False
PROD-1878,Monitores,425.0,121.37,184,10.0,Occidente,2024-09-25,False,False,False,10,False,493,51582.25,2.3097826086956523,True,True
PROD-1879,Monitores,1270.0,385.07,236,3.0,BOD-EXT-99,2024-08-04,False,False,False,3,False,545,489038.89999999997,5.38135593220339,True,True
PROD-1880,Monitores,434.0,1351.21,287,3.0,Sur,2025-04-03,False,False,False,3,False,303,586425.14,1.5121951219512195,False,True
PROD-1881,Laptops,854.0,421.48,210,3.0,Occidente,2024-10-22,False,False,False,3,False,466,359943.92000000004,4.066666666666666,True,True
PROD-1882,Smartphones,508.0,369.94,114,0.0,Occidente,2025-06-07,False,False,False,Inmediato,False,238,187929.52,4.456140350877193,True,True
PROD-1883,Laptops,1917.0,250.28,284,5.0,BOD-EXT-99,2024-04-22,True,False,False,,True,649,479786.76,6.75,True,False
PROD-1884,Laptops,1077.0,1295.71,168,27.5,ZONA_FRANCA,2024-09-02,True,False,False,25-30 días,False,516,1395479.67,6.410714285714286,True,False
PROD-1885,Monitores,1183.0,775.08,204,27.5,Occidente,2025-08-09,False,False,False,25-30 días,False,175,916919.64,5.799019607843137,True,True
PROD-1886,Laptops,417.0,1028.6,249,0.0,Norte,2024-12-18,False,False,False,Inmediato,False,409,428926.19999999995,1.6746987951807228,False,True
PROD-1887,Laptops,797.0,396.65,163,5.0,Occidente,2025-02-02,False,False,False,5,False,363,316130.05,4.889570552147239,True,True
PROD-1888,Accesorios,208.0,1149.16,140,0.0,Norte,2026-01-09,False,False,False,Inmediato,False,22,239025.28000000003,1.4857142857142858,False,True
PROD-1889,Laptops,232.0,1152.01,170,5.0,Norte,2025-03-20,False,False,False,,True,317,267266.32,1.3647058823529412,False,False
PROD-1890,Smartphones,1599.0,503.27,155,3.0,ZONA_FRANCA,2024-08-25,False,False,False,3,False,524,804728.73,10.316129032258065,True,True
PROD-1891,Smartphones,1848.0,645.49,250,0.0,Norte,2025-05-01,False,False,False,Inmediato,False,275,1192865.52,7.392,True,True
PROD-1892,Laptops,1019.5,354.05,124,3.0,Occidente,2024-06-07,False,True,False,3,False,603,360953.97500000003,8.221774193548388,True,False
PROD-1893,Monitores,964.0,1466.01,204,5.0,ZONA_FRANCA,2024-05-22,False,False,False,,True,619,1413233.64,4.7254901960784315,True,False
PROD-1894,Accesorios,562.0,986.12,233,5.0,ZONA_FRANCA,2025-06-17,False,False,False,,True,228,554199.4400000001,2.412017167381974,True,False
PROD-1895,Accesorios,1865.0,1405.09,218,10.0,Norte,2024-04-08,False,False,False,10,False,663,2620492.8499999996,8.555045871559633,True,True
PROD-1896,Laptops,637.0,489.91,261,3.0,Norte,2025-10-16,False,False,False,3,False,107,312072.67000000004,2.4406130268199235,True,True
PROD-1897,Accesorios,562.0,1183.74,290,27.5,Sur,2025-08-09,False,False,False,25-30 días,False,175,665261.88,1.9379310344827587,False,True
PROD-1898,Smartphones,1731.0,1160.5,108,0.0,Sur,2025-03-18,False,False,False,Inmediato,False,319,2008825.5,16.02777777777778,True,True
PROD-1899,Smartphones,1760.0,1052.9,159,5.0,ZONA_FRANCA,2025-04-21,False,False,False,,True,285,1853104.0000000002,11.069182389937106,True,False
PROD-1900,Monitores,961.0,1450.18,224,3.0,BOD-EXT-99,2025-03-09,False,True,False,3,False,328,1393622.98,4.290178571428571,True,False
PROD-1901,Accesorios,1497.0,620.66,148,5.0,BOD-EXT-99,2024-04-15,False,False,False,5,False,656,929128.0199999999,10.114864864864865,True,True
PROD-1902,Laptops,1880.0,239.54,150,10.0,Sur,2025-02-10,False,False,False,10,False,355,450335.2,12.533333333333333,True,True
PROD-1903,Smartphones,1102.0,1023.98,287,5.0,Occidente,2026-01-18,False,False,False,5,False,13,1128425.96,3.8397212543554007,True,True
PROD-1904,Smartphones,524.0,1107.5,169,5.0,Norte,2025-05-02,False,False,False,,True,274,580330.0,3.100591715976331,True,False
PROD-1905,Tablets,1860.0,883.84,136,5.0,ZONA_FRANCA,2025-11-22,False,False,False,5,False,70,1643942.4000000001,13.676470588235293,True,True
PROD-1906,Tablets,962.0,349.89,130,5.0,Norte,2025-07-21,False,False,False,5,False,194,336594.18,7.4,True,True
PROD-1907,Smartphones,619.0,781.46,268,10.0,Sur,2024-08-27,False,False,False,10,False,522,483723.74000000005,2.3097014925373136,True,True
PROD-1908,Smartphones,218.0,502.68,161,10.0,Norte,2025-10-18,False,False,False,10,False,105,109584.24,1.3540372670807452,False,True
PROD-1909,Laptops,1233.0,669.83,192,10.0,ZONA_FRANCA,2025-07-20,False,False,False,10,False,195,825900.39,6.421875,True,True
PROD-1910,Smartphones,873.0,985.57,285,10.0,Sur,2025-09-09,False,False,False,10,False,144,860402.61,3.0631578947368423,True,True
PROD-1911,Monitores,1075.0,1130.56,113,5.0,Occidente,2025-02-16,False,False,False,5,False,349,1215352.0,9.513274336283185,True,True
PROD-1912,Monitores,1479.0,386.73,263,27.5,ZONA_FRANCA,2024-12-04,False,False,False,25-30 días,False,423,571973.67,5.623574144486692,True,True
PROD-1913,Tablets,1708.0,637.72,263,27.5,ZONA_FRANCA,2024-10-18,False,False,False,25-30 días,False,470,1089225.76,6.494296577946768,True,True
PROD-1914,Accesorios,1544.0,440.28,178,10.0,BOD-EXT-99,2024-03-17,False,False,False,10,False,685,679792.32,8.674157303370787,True,True
PROD-1915,Laptops,196.0,338.02,107,0.0,Norte,2025-06-30,False,False,False,Inmediato,False,215,66251.92,1.8317757009345794,False,True
PROD-1916,Tablets,1510.0,1185.91,253,3.0,ZONA_FRANCA,2025-10-31,False,False,False,3,False,92,1790724.1,5.968379446640316,True,True
PROD-1917,Accesorios,1889.0,1368.42,135,5.0,Norte,2025-05-17,False,False,False,,True,259,2584945.3800000004,13.992592592592592,True,False
PROD-1918,Accesorios,879.0,586.84,147,0.0,Sur,2024-07-06,False,False,False,Inmediato,False,574,515832.36000000004,5.979591836734694,True,True
PROD-1919,Laptops,176.0,1139.35,184,5.0,Occidente,2024-08-09,True,False,False,,True,540,200525.59999999998,0.9565217391304348,False,False
PROD-1920,Monitores,214.0,1350.64,127,0.0,Occidente,2025-04-22,False,False,False,Inmediato,False,284,289036.96,1.68503937007874,False,True
PROD-1921,Smartphones,1345.0,1276.88,295,0.0,ZONA_FRANCA,2024-10-05,False,False,False,Inmediato,False,483,1717403.6,4.559322033898305,True,True
PROD-1922,Laptops,1407.0,315.08,289,27.5,ZONA_FRANCA,2025-01-25,False,False,False,25-30 días,False,371,443317.56,4.868512110726644,True,True
PROD-1923,Smartphones,595.0,1436.62,150,3.0,Sur,2025-11-23,False,False,False,3,False,69,854788.8999999999,3.966666666666667,True,True
PROD-1924,Laptops,1368.0,596.18,203,0.0,BOD-EXT-99,2025-01-18,False,False,False,Inmediato,False,378,815574.2399999999,6.738916256157635,True,True
PROD-1925,Smartphones,1058.0,541.9,269,10.0,BOD-EXT-99,2025-04-28,False,True,False,10,False,278,573330.2,3.933085501858736,True,False
PROD-1926,Monitores,1423.0,140.53,200,5.0,BOD-EXT-99,2025-04-05,False,False,False,,True,301,199974.19,7.115,True,False
PROD-1927,Accesorios,1337.0,754.95,128,27.5,Norte,2025-05-22,False,False,False,25-30 días,False,254,1009368.15,10.4453125,True,True
PROD-1928,Laptops,1849.0,208.07,226,5.0,BOD-EXT-99,2024-03-19,False,False,False,,True,683,384721.43,8.18141592920354,True,False
PROD-1929,Laptops,1199.0,410.38,181,10.0,Occidente,2024-03-11,False,False,False,10,False,691,492045.62,6.624309392265193,True,True
PROD-1930,Smartphones,931.0,509.57,109,10.0,Norte,2025-05-13,False,False,False,10,False,263,474409.67,8.541284403669724,True,True
PROD-1931,Accesorios,1104.0,1222.8,205,0.0,Sur,2024-03-08,False,False,False,Inmediato,False,694,1349971.2,5.385365853658537,True,True
PROD-1932,Laptops,537.0,1319.46,266,10.0,Occidente,2024-12-04,False,False,False,10,False,423,708550.02,2.018796992481203,True,True
PROD-1933,Laptops,425.0,488.58,100,3.0,Occidente,2025-07-03,False,False,False,3,False,212,207646.5,4.25,True,True
PROD-1934,Laptops,1771.0,1295.11,138,10.0,Norte,2024-04-01,True,False,False,10,False,670,2293639.8099999996,12.833333333333334,True,False
PROD-1935,Laptops,935.0,1292.98,120,0.0,Sur,2025-10-24,False,False,False,Inmediato,False,99,1208936.3,7.791666666666667,True,True
PROD-1936,Laptops,1191.0,1158.74,164,5.0,Sur,2025-10-12,False,False,False,,True,111,1380059.34,7.262195121951219,True,False
PROD-1937,Monitores,139.0,262.71,114,10.0,Norte,2025-03-30,False,False,False,10,False,307,36516.689999999995,1.219298245614035,False,True
PROD-1938,Laptops,1390.0,1050.97,231,27.5,Norte,2024-03-25,False,False,False,25-30 días,False,677,1460848.3,6.017316017316017,True,True
PROD-1939,Tablets,930.0,1420.28,287,27.5,BOD-EXT-99,2024-10-14,False,False,False,25-30 días,False,474,1320860.4,3.240418118466899,True,True
PROD-1940,Accesorios,1648.0,1039.68,160,27.5,BOD-EXT-99,2024-08-02,False,False,False,25-30 días,False,547,1713392.6400000001,10.3,True,True
PROD-1941,Monitores,1665.0,530.84,247,5.0,BOD-EXT-99,2025-10-12,False,False,False,,True,111,883848.6000000001,6.7408906882591095,True,False
PROD-1942,Laptops,1019.5,775.84,237,5.0,BOD-EXT-99,2025-11-06,True,True,False,5,False,86,790968.88,4.301687763713081,True,False
PROD-1943,Monitores,892.0,986.3,186,27.5,BOD-EXT-99,2025-08-02,False,False,False,25-30 días,False,182,879779.6,4.795698924731183,True,True
PROD-1944,Monitores,287.0,790.33,204,27.5,Norte,2024-06-14,False,False,False,25-30 días,False,596,226824.71000000002,1.4068627450980393,False,True
PROD-1945,Smartphones,1287.0,223.93,133,5.0,Sur,2025-08-20,False,False,False,5,False,164,288197.91000000003,9.676691729323307,True,True
PROD-1946,Monitores,1048.0,502.49,223,5.0,Norte,2025-11-03,False,False,False,,True,89,526609.52,4.699551569506727,True,False
PROD-1947,Laptops,845.0,1213.47,209,27.5,Occidente,2024-11-03,True,False,False,25-30 días,False,454,1025382.15,4.043062200956938,True,False
PROD-1948,Laptops,1624.0,1299.06,275,0.0,BOD-EXT-99,2025-06-08,False,False,False,Inmediato,False,237,2109673.44,5.905454545454545,True,True
PROD-1949,Monitores,880.0,249.09,132,5.0,Norte,2024-08-16,False,False,False,,True,533,219199.2,6.666666666666667,True,False
PROD-1950,Smartphones,1058.0,1430.96,197,27.5,Norte,2024-03-24,False,True,False,25-30 días,False,678,1513955.68,5.370558375634518,True,False
PROD-1951,Accesorios,238.0,526.79,160,27.5,Norte,2025-12-05,False,False,False,25-30 días,False,57,125376.01999999999,1.4875,False,True
PROD-1952,Monitores,673.0,1010.35,109,5.0,Norte,2024-08-08,False,False,False,5,False,541,679965.55,6.174311926605505,True,True
PROD-1953,Accesorios,1903.0,1140.15,281,0.0,Norte,2024-05-24,False,False,False,Inmediato,False,617,2169705.45,6.772241992882562,True,True
PROD-1954,Smartphones,1039.0,1227.32,183,5.0,Occidente,2024-12-26,False,False,False,,True,401,1275185.48,5.6775956284153,True,False
PROD-1955,Smartphones,432.0,1421.34,164,10.0,BOD-EXT-99,2024-03-24,False,False,False,10,False,678,614018.88,2.6341463414634148,True,True
PROD-1956,Accesorios,885.0,503.73,176,3.0,Norte,2024-04-06,False,False,False,3,False,665,445801.05,5.028409090909091,True,True
PROD-1957,Laptops,105.0,1294.83,100,0.0,Norte,2024-08-31,False,False,False,Inmediato,False,518,135957.15,1.05,False,True
PROD-1958,Tablets,1020.0,240.95,232,10.0,Sur,2025-07-19,False,False,False,10,False,196,245769.0,4.396551724137931,True,True
PROD-1959,Smartphones,1908.0,1072.31,179,0.0,Norte,2025-12-17,False,False,False,Inmediato,False,45,2045967.48,10.659217877094973,True,True
PROD-1960,Laptops,1633.0,1125.87,114,10.0,Norte,2024-08-20,False,False,False,10,False,529,1838545.7099999997,14.324561403508772,True,True
PROD-1961,Laptops,73.0,1032.7,127,10.0,Norte,2024-12-31,False,False,False,10,False,396,75387.1,0.5748031496062992,False,True
PROD-1962,Laptops,1998.0,415.86,122,0.0,Norte,2024-04-07,False,False,False,Inmediato,False,664,830888.28,16.37704918032787,True,True
PROD-1963,Smartphones,917.0,1315.91,208,5.0,Norte,2025-11-19,False,False,False,5,False,73,1206689.47,4.408653846153846,True,True
PROD-1964,Smartphones,804.0,294.84,206,0.0,Sur,2024-12-12,False,False,False,Inmediato,False,415,237051.36,3.9029126213592233,True,True
PROD-1965,Laptops,589.0,127.77,244,0.0,Norte,2024-04-15,False,False,False,Inmediato,False,656,75256.53,2.4139344262295084,True,True
PROD-1966,Monitores,1552.0,1090.32,212,10.0,Sur,2024-05-28,False,False,False,10,False,613,1692176.64,7.320754716981132,True,True
PROD-1967,Laptops,391.0,739.44,197,3.0,ZONA_FRANCA,2025-03-03,False,False,False,3,False,334,289121.04000000004,1.984771573604061,False,True
PROD-1968,Laptops,1894.0,1281.19,240,10.0,Norte,2024-05-09,False,False,False,10,False,632,2426573.8600000003,7.891666666666667,True,True
PROD-1969,Smartphones,1788.0,605.93,241,27.5,BOD-EXT-99,2024-03-15,False,False,False,25-30 días,False,687,1083402.8399999999,7.419087136929461,True,True
PROD-1970,Laptops,1779.0,294.0,238,0.0,BOD-EXT-99,2024-07-06,True,False,False,Inmediato,False,574,523026.0,7.474789915966387,True,False
PROD-1971,Smartphones,482.0,1262.84,127,5.0,Norte,2025-04-11,False,False,False,,True,295,608688.88,3.795275590551181,True,False
PROD-1972,Laptops,1286.0,845.92,141,0.0,BOD-EXT-99,2025-11-09,False,False,False,Inmediato,False,83,1087853.1199999999,9.120567375886525,True,True
PROD-1973,Smartphones,898.0,324.33,198,5.0,Norte,2026-01-17,False,False,False,5,False,14,291248.33999999997,4.5353535353535355,True,True
PROD-1974,Accesorios,1969.0,1094.56,160,5.0,Norte,2025-09-20,False,False,False,,True,133,2155188.6399999997,12.30625,True,False
PROD-1975,Tablets,1020.0,791.11,222,10.0,Occidente,2024-10-11,False,True,False,10,False,477,806932.2000000001,4.594594594594595,True,False
PROD-1976,Laptops,409.0,926.25,163,5.0,Occidente,2024-05-09,True,False,False,5,False,632,378836.25,2.5092024539877302,True,False
PROD-1977,Laptops,500.0,718.3,130,0.0,Sur,2025-03-19,True,False,False,Inmediato,False,318,359150.0,3.8461538461538463,True,False
PROD-1978,Laptops,342.0,1251.63,180,10.0,Norte,2025-01-05,True,False,False,10,False,391,428057.46,1.9,False,False
PROD-1979,Laptops,1737.0,1252.87,109,10.0,BOD-EXT-99,2024-10-10,False,False,False,10,False,478,2176235.19,15.935779816513762,True,True
PROD-1980,Accesorios,794.0,1078.61,107,27.5,Norte,2024-05-02,False,False,False,25-30 días,False,639,856416.34,7.420560747663552,True,True
PROD-1981,Laptops,1088.0,202.83,248,27.5,ZONA_FRANCA,2025-01-29,True,False,False,25-30 días,False,367,220679.04,4.387096774193548,True,False
PROD-1982,Accesorios,595.0,1266.34,158,3.0,Occidente,2025-01-30,False,False,False,3,False,366,753472.2999999999,3.7658227848101267,True,True
PROD-1983,Monitores,1416.0,1022.97,277,27.5,BOD-EXT-99,2025-04-19,False,False,False,25-30 días,False,287,1448525.52,5.111913357400722,True,True
PROD-1984,Laptops,1327.0,1060.69,296,5.0,Occidente,2025-01-19,True,False,False,,True,377,1407535.6300000001,4.483108108108108,True,False
PROD-1985,Tablets,91.0,576.33,297,10.0,Norte,2024-03-11,False,False,False,10,False,691,52446.030000000006,0.3063973063973064,False,True
PROD-1986,Accesorios,450.0,1324.96,129,27.5,BOD-EXT-99,2024-10-26,False,False,False,25-30 días,False,462,596232.0,3.488372093023256,True,True
PROD-1987,Accesorios,789.0,1101.79,244,3.0,Sur,2024-06-17,False,False,False,3,False,593,869312.3099999999,3.2336065573770494,True,True
PROD-1988,Tablets,1632.0,213.26,119,0.0,Norte,2026-01-19,False,False,False,Inmediato,False,12,348040.32,13.714285714285714,True,True
PROD-1989,Laptops,1515.0,641.28,147,5.0,Sur,2024-08-14,True,False,False,,True,535,971539.2,10.306122448979592,True,False
PROD-1990,Tablets,1996.0,1335.25,229,27.5,BOD-EXT-99,2025-08-17,False,False,False,25-30 días,False,167,2665159.0,8.716157205240174,True,True
PROD-1991,Accesorios,1480.0,118.44,136,10.0,Occidente,2025-05-07,False,False,False,10,False,269,175291.19999999998,10.882352941176471,True,True
PROD-1992,Tablets,545.0,1444.05,228,0.0,ZONA_FRANCA,2025-11-23,False,False,False,Inmediato,False,69,787007.25,2.3903508771929824,True,True
PROD-1993,Accesorios,1854.0,1034.79,231,10.0,Norte,2025-03-20,False,False,False,10,False,317,1918500.66,8.025974025974026,True,True
PROD-1994,Accesorios,230.0,965.5,199,0.0,Occidente,2025-01-21,False,False,False,Inmediato,False,375,222065.0,1.1557788944723617,False,True
PROD-1995,Monitores,373.0,442.31,153,5.0,Sur,2025-11-04,False,False,False,,True,88,164981.63,2.4379084967320264,True,False
PROD-1996,Laptops,219.0,410.75,221,10.0,Norte,2025-05-20,False,False,False,10,False,256,89954.25,0.9909502262443439,False,True
PROD-1997,Accesorios,103.0,1415.98,124,27.5,BOD-EXT-99,2025-06-29,False,False,False,25-30 días,False,216,145845.94,0.8306451612903226,False,True
PROD-1998,Laptops,1700.0,482.5,230,27.5,Occidente,2024-11-08,True,False,False,25-30 días,False,449,820250.0,7.391304347826087,True,False
PROD-1999,Smartphones,611.0,1174.48,108,3.0,ZONA_FRANCA,2024-08-06,False,False,False,3,False,543,717607.28,5.657407407407407,True,True
PROD-2000,Laptops,1019.5,620.03,133,0.0,BOD-EXT-99,2025-09-13,False,True,False,Inmediato,False,140,632120.585,7.665413533834586,True,False
PROD-2001,Smartphones,1917.0,251.92,142,3.0,Sur,2025-08-24,False,False,False,3,False,160,482930.63999999996,13.5,True,True
PROD-2002,Laptops,32.0,65.54,173,5.0,BOD-EXT-99,2025-12-31,False,False,False,5,False,31,2097.28,0.18497109826589594,False,True
PROD-2003,Laptops,1399.0,839.17,193,27.5,BOD-EXT-99,2025-09-02,False,False,False,25-30 días,False,151,1173998.8299999998,7.248704663212435,True,True
PROD-2004,Laptops,1248.0,1464.88,121,0.0,Norte,2025-05-17,False,False,False,Inmediato,False,259,1828170.2400000002,10.314049586776859,True,True
PROD-2005,Monitores,929.0,585.25,169,5.0,Norte,2025-04-28,False,False,False,,True,278,543697.25,5.497041420118343,True,False
PROD-2006,Accesorios,1609.0,567.93,229,3.0,Sur,2025-04-22,False,False,False,3,False,284,913799.3699999999,7.026200873362446,True,True
PROD-2007,Monitores,1348.0,548.93,193,5.0,Norte,2024-06-01,False,False,False,,True,609,739957.6399999999,6.984455958549223,True,False
PROD-2008,Accesorios,582.0,804.79,293,5.0,Norte,2024-08-08,False,False,False,,True,541,468387.77999999997,1.9863481228668942,False,False
PROD-2009,Laptops,1481.0,688.96,131,5.0,Norte,2024-06-09,True,False,False,,True,601,1020349.76,11.305343511450381,True,False
PROD-2010,Monitores,736.0,1325.88,205,3.0,Norte,2025-09-06,False,False,False,3,False,147,975847.68,3.5902439024390245,True,True
PROD-2011,Monitores,347.0,783.01,243,5.0,Norte,2024-04-16,False,False,False,5,False,655,271704.47,1.4279835390946503,False,True
PROD-2012,Laptops,1093.0,786.25,100,3.0,Norte,2025-11-26,False,False,False,3,False,66,859371.25,10.93,True,True
PROD-2013,Smartphones,883.0,250.64,171,10.0,Norte,2024-07-11,False,False,False,10,False,569,221315.12,5.16374269005848,True,True
PROD-2014,Monitores,1410.0,1474.97,275,27.5,BOD-EXT-99,2025-04-28,False,False,False,25-30 días,False,278,2079707.7,5.127272727272727,True,True
PROD-2015,Laptops,1802.0,412.46,149,3.0,Norte,2024-11-15,False,False,False,3,False,442,743252.9199999999,12.093959731543624,True,True
PROD-2016,Tablets,235.0,156.38,240,3.0,BOD-EXT-99,2024-12-29,False,False,False,3,False,398,36749.299999999996,0.9791666666666666,False,True
PROD-2017,Smartphones,214.0,1011.56,114,5.0,Sur,2025-09-26,False,False,False,5,False,127,216473.84,1.8771929824561404,False,True
PROD-2018,Laptops,1627.0,913.28,152,10.0,ZONA_FRANCA,2025-03-01,True,False,False,10,False,336,1485906.56,10.703947368421053,True,False
PROD-2019,Monitores,1176.0,651.96,271,3.0,BOD-EXT-99,2024-10-07,False,False,False,3,False,481,766704.9600000001,4.339483394833948,True,True
PROD-2020,Smartphones,770.0,662.18,107,27.5,ZONA_FRANCA,2025-07-30,False,False,False,25-30 días,False,185,509878.6,7.196261682242991,True,True
PROD-2021,Laptops,1712.0,1188.34,173,27.5,Norte,2025-08-16,False,False,False,25-30 días,False,168,2034438.0799999998,9.895953757225433,True,True
PROD-2022,Tablets,1020.0,333.78,145,3.0,ZONA_FRANCA,2024-03-19,False,True,False,3,False,683,340455.6,7.0344827586206895,True,False
PROD-2023,Tablets,1681.0,1239.37,168,5.0,ZONA_FRANCA,2025-05-17,False,False,False,,True,259,2083380.9699999997,10.005952380952381,True,False
PROD-2024,Laptops,17.0,990.68,213,5.0,Norte,2024-04-25,True,False,False,,True,646,16841.559999999998,0.07981220657276995,False,False
PROD-2025,Laptops,1019.5,657.51,246,10.0,BOD-EXT-99,2024-07-23,False,True,False,10,False,557,670331.445,4.144308943089431,True,False
PROD-2026,Tablets,937.0,714.14,265,27.5,Norte,2024-09-12,False,False,False,25-30 días,False,506,669149.1799999999,3.5358490566037735,True,True
PROD-2027,Smartphones,1749.0,422.14,222,5.0,Sur,2024-08-29,False,False,False,,True,520,738322.86,7.878378378378378,True,False
PROD-2028,Monitores,1571.0,1140.57,238,27.5,Occidente,2024-10-18,False,False,False,25-30 días,False,470,1791835.47,6.600840336134453,True,True
PROD-2029,Monitores,1605.0,793.67,216,10.0,Norte,2025-08-24,False,False,False,10,False,160,1273840.3499999999,7.430555555555555,True,True
PROD-2030,Smartphones,1228.0,515.24,142,10.0,Norte,2025-04-18,False,False,False,10,False,288,632714.72,8.647887323943662,True,True
PROD-2031,Laptops,644.0,914.27,119,5.0,Norte,2025-02-26,True,False,False,,True,339,588789.88,5.411764705882353,True,False
PROD-2032,Laptops,1035.0,1493.81,247,3.0,ZONA_FRANCA,2024-09-17,False,False,False,3,False,501,1546093.3499999999,4.190283400809717,True,True
PROD-2033,Laptops,1643.0,681.13,120,0.0,Sur,2025-10-18,False,False,False,Inmediato,False,105,1119096.59,13.691666666666666,True,True
PROD-2034,Laptops,1008.0,1385.0,181,5.0,ZONA_FRANCA,2024-10-14,False,False,False,5,False,474,1396080.0,5.569060773480663,True,True
PROD-2035,Tablets,728.0,550.27,156,0.0,BOD-EXT-99,2024-06-11,False,False,False,Inmediato,False,599,400596.56,4.666666666666667,True,True
PROD-2036,Laptops,443.0,129.36,277,0.0,Norte,2024-10-26,True,False,False,Inmediato,False,462,57306.48,1.5992779783393503,False,False
PROD-2037,Smartphones,1535.0,346.15,173,27.5,Norte,2024-10-06,False,False,False,25-30 días,False,482,531340.25,8.872832369942197,True,True
PROD-2038,Laptops,1442.0,657.11,197,10.0,ZONA_FRANCA,2025-09-01,False,False,False,10,False,152,947552.62,7.319796954314721,True,True
PROD-2039,Smartphones,1740.0,368.47,253,27.5,Norte,2024-04-23,False,False,False,25-30 días,False,648,641137.8,6.877470355731226,True,True
PROD-2040,Monitores,610.0,50.33,257,5.0,BOD-EXT-99,2025-09-05,False,False,False,,True,148,30701.3,2.3735408560311284,True,False
PROD-2041,Tablets,1298.0,1376.75,209,5.0,Occidente,2025-07-28,False,False,False,5,False,187,1787021.5,6.2105263157894735,True,True
PROD-2042,Smartphones,1277.0,1273.63,214,5.0,Norte,2024-04-19,False,False,False,,True,652,1626425.5100000002,5.9672897196261685,True,False
PROD-2043,Laptops,1249.0,1126.32,258,3.0,Norte,2025-09-23,False,False,False,3,False,130,1406773.68,4.841085271317829,True,True
PROD-2044,Laptops,1936.0,293.33,141,5.0,Norte,2024-11-06,False,False,False,5,False,451,567886.88,13.73049645390071,True,True
PROD-2045,Smartphones,1994.0,224.53,167,27.5,Occidente,2024-09-03,False,False,False,25-30 días,False,515,447712.82,11.940119760479043,True,True
PROD-2046,Smartphones,1878.0,148.03,288,27.5,Norte,2024-09-28,False,False,False,25-30 días,False,490,278000.34,6.520833333333333,True,True
PROD-2047,Laptops,1297.0,1099.84,288,5.0,ZONA_FRANCA,2024-10-13,False,False,False,,True,475,1426492.48,4.503472222222222,True,False
PROD-2048,Monitores,1008.0,1396.77,169,27.5,Sur,2025-05-14,False,False,False,25-30 días,False,262,1407944.16,5.964497041420119,True,True
PROD-2049,Laptops,926.0,674.28,177,27.5,Norte,2024-08-12,False,False,False,25-30 días,False,537,624383.28,5.231638418079096,True,True
PROD-2050,Tablets,1020.0,222.75,295,0.0,Occidente,2024-10-30,False,True,False,Inmediato,False,458,227205.0,3.457627118644068,True,False
PROD-2051,Laptops,431.0,792.97,189,3.0,BOD-EXT-99,2024-08-14,False,False,False,3,False,535,341770.07,2.2804232804232805,True,True
PROD-2052,Smartphones,677.0,555.81,210,0.0,Occidente,2024-05-05,False,False,False,Inmediato,False,636,376283.36999999994,3.223809523809524,True,True
PROD-2053,Smartphones,981.0,593.5,211,27.5,Norte,2024-03-19,False,False,False,25-30 días,False,683,582223.5,4.649289099526066,True,True
PROD-2054,Laptops,292.0,950.93,202,10.0,Norte,2025-04-12,False,False,False,10,False,294,277671.56,1.4455445544554455,False,True
PROD-2055,Monitores,1397.0,1092.14,244,0.0,Norte,2024-11-23,False,False,False,Inmediato,False,434,1525719.58,5.725409836065574,True,True
PROD-2056,Laptops,476.0,210.38,118,27.5,Sur,2025-05-02,True,False,False,25-30 días,False,274,100140.88,4.033898305084746,True,False
PROD-2057,Smartphones,1846.0,101.61,278,27.5,BOD-EXT-99,2024-06-23,False,False,False,25-30 días,False,587,187572.06,6.640287769784172,True,True
PROD-2058,Laptops,608.0,1491.78,169,3.0,Norte,2025-03-30,False,False,False,3,False,307,907002.24,3.5976331360946747,True,True
PROD-2059,Accesorios,769.0,387.46,162,5.0,Sur,2025-01-21,False,False,False,,True,375,297956.74,4.746913580246914,True,False
PROD-2060,Laptops,355.0,128.05,174,5.0,Occidente,2025-08-27,False,False,False,5,False,157,45457.75000000001,2.0402298850574714,True,True
PROD-2061,Monitores,1523.0,325.32,257,0.0,Norte,2025-07-12,False,False,False,Inmediato,False,203,495462.36,5.926070038910506,True,True
PROD-2062,Smartphones,1761.0,106.49,252,0.0,Norte,2024-04-11,False,False,False,Inmediato,False,660,187528.88999999998,6.988095238095238,True,True
PROD-2063,Monitores,454.0,618.13,203,0.0,ZONA_FRANCA,2025-11-18,False,False,False,Inmediato,False,74,280631.02,2.2364532019704435,True,True
PROD-2064,Laptops,128.0,1213.48,174,27.5,BOD-EXT-99,2025-01-17,False,False,False,25-30 días,False,379,155325.44,0.735632183908046,False,True
PROD-2065,Smartphones,81.0,544.8,227,3.0,BOD-EXT-99,2025-04-03,False,False,False,3,False,303,44128.799999999996,0.3568281938325991,False,True
PROD-2066,Monitores,1796.0,694.07,298,27.5,Occidente,2025-12-01,False,False,False,25-30 días,False,61,1246549.7200000002,6.026845637583893,True,True
PROD-2067,Smartphones,1428.0,1029.6,253,27.5,ZONA_FRANCA,2024-07-11,False,False,False,25-30 días,False,569,1470268.7999999998,5.644268774703558,True,True
PROD-2068,Monitores,721.0,787.9,155,5.0,Sur,2025-10-16,False,False,False,,True,107,568075.9,4.651612903225806,True,False
PROD-2069,Monitores,1379.0,1299.1,121,10.0,Sur,2025-07-29,False,False,False,10,False,186,1791458.9,11.396694214876034,True,True
PROD-2070,Monitores,528.0,1305.75,188,3.0,Occidente,2025-06-17,False,False,False,3,False,228,689436.0,2.8085106382978724,True,True
PROD-2071,Tablets,1465.0,64.37,118,0.0,BOD-EXT-99,2025-12-15,False,False,False,Inmediato,False,47,94302.05,12.415254237288135,True,True
PROD-2072,Tablets,143.0,1178.17,258,5.0,Sur,2025-05-09,False,False,False,5,False,267,168478.31,0.5542635658914729,False,True
PROD-2073,Smartphones,1957.0,718.06,125,0.0,Occidente,2025-05-23,False,False,False,Inmediato,False,253,1405243.42,15.656,True,True
PROD-2074,Laptops,1135.0,1483.82,269,27.5,Sur,2025-11-06,False,False,False,25-30 días,False,86,1684135.7,4.219330855018588,True,True
PROD-2075,Monitores,961.0,750.69,268,3.0,Norte,2025-08-04,False,True,False,3,False,180,721413.0900000001,3.5858208955223883,True,False
PROD-2076,Laptops,1334.0,1481.0,122,3.0,Norte,2026-01-07,False,False,False,3,False,24,1975654.0,10.934426229508198,True,True
PROD-2077,Laptops,1742.0,1144.13,146,3.0,BOD-EXT-99,2025-01-09,False,False,False,3,False,387,1993074.4600000002,11.931506849315069,True,True
PROD-2078,Laptops,1060.0,410.48,112,10.0,Norte,2025-06-24,False,False,False,10,False,221,435108.80000000005,9.464285714285714,True,True
PROD-2079,Laptops,1886.0,830.67,165,0.0,Occidente,2024-12-31,False,False,False,Inmediato,False,396,1566643.6199999999,11.43030303030303,True,True
PROD-2080,Smartphones,729.0,1488.6,293,10.0,Occidente,2024-09-08,False,False,False,10,False,510,1085189.4,2.4880546075085324,True,True
PROD-2081,Monitores,211.0,1293.42,243,5.0,Norte,2024-07-20,False,False,False,,True,560,272911.62,0.8683127572016461,False,False
PROD-2082,Monitores,679.0,191.18,172,5.0,Norte,2024-11-18,False,False,False,5,False,439,129811.22,3.947674418604651,True,True
PROD-2083,Accesorios,232.0,1074.24,255,5.0,Norte,2025-08-10,False,False,False,,True,174,249223.68,0.9098039215686274,False,False
PROD-2084,Laptops,1440.0,551.09,176,27.5,ZONA_FRANCA,2025-03-27,False,False,False,25-30 días,False,310,793569.6000000001,8.181818181818182,True,True
PROD-2085,Laptops,311.0,60.12,262,10.0,Sur,2025-05-03,False,False,False,10,False,273,18697.32,1.1870229007633588,False,True
PROD-2086,Laptops,390.0,635.05,268,10.0,ZONA_FRANCA,2025-12-28,False,False,False,10,False,34,247669.49999999997,1.455223880597015,False,True
PROD-2087,Laptops,1594.0,390.39,130,5.0,Norte,2025-06-29,True,False,False,,True,216,622281.66,12.261538461538462,True,False
PROD-2088,Laptops,816.0,1237.36,184,27.5,Norte,2024-03-31,True,False,False,25-30 días,False,671,1009685.7599999999,4.434782608695652,True,False
PROD-2089,Tablets,1397.0,539.13,259,3.0,Sur,2024-12-20,False,False,False,3,False,407,753164.61,5.3938223938223935,True,True
PROD-2090,Accesorios,91.0,1249.91,281,27.5,Norte,2024-08-31,False,False,False,25-30 días,False,518,113741.81000000001,0.3238434163701068,False,True
PROD-2091,Smartphones,1264.0,50.87,299,0.0,ZONA_FRANCA,2025-05-08,False,False,False,Inmediato,False,268,64299.68,4.2274247491638794,True,True
PROD-2092,Laptops,1405.0,496.34,158,5.0,Occidente,2024-05-04,True,False,False,,True,637,697357.7,8.89240506329114,True,False
PROD-2093,Smartphones,1825.0,399.69,140,27.5,Norte,2024-10-14,False,False,False,25-30 días,False,474,729434.25,13.035714285714286,True,True
PROD-2094,Tablets,1797.0,388.67,211,3.0,ZONA_FRANCA,2025-03-13,False,False,False,3,False,324,698439.99,8.516587677725118,True,True
PROD-2095,Tablets,1662.0,148.87,293,27.5,ZONA_FRANCA,2025-02-10,False,False,False,25-30 días,False,355,247421.94,5.67235494880546,True,True
PROD-2096,Tablets,650.0,321.33,195,10.0,ZONA_FRANCA,2025-11-03,False,False,False,10,False,89,208864.5,3.3333333333333335,True,True
PROD-2097,Laptops,947.0,855.55,281,5.0,Occidente,2025-12-21,False,False,False,5,False,41,810205.85,3.3701067615658364,True,True
PROD-2098,Laptops,1275.0,472.47,267,10.0,Occidente,2025-02-01,False,False,False,10,False,364,602399.25,4.775280898876405,True,True
PROD-2099,Smartphones,830.0,655.22,221,5.0,Occidente,2024-04-01,False,False,False,5,False,670,543832.6,3.755656108597285,True,True
PROD-2100,Smartphones,1058.0,596.46,255,27.5,Sur,2025-07-14,False,True,False,25-30 días,False,201,631054.68,4.149019607843138,True,False
PROD-2101,Tablets,1163.0,1320.06,264,0.0,Occidente,2025-01-31,False,False,False,Inmediato,False,365,1535229.78,4.40530303030303,True,True
PROD-2102,Accesorios,1109.0,1362.68,204,27.5,Occidente,2025-04-19,False,False,False,25-30 días,False,287,1511212.12,5.436274509803922,True,True
PROD-2103,Laptops,504.0,764.79,292,3.0,Occidente,2024-06-08,False,False,False,3,False,602,385454.16,1.726027397260274,False,True
PROD-2104,Laptops,353.0,528.73,173,27.5,Norte,2024-10-08,False,False,False,25-30 días,False,480,186641.69,2.040462427745665,True,True
PROD-2105,Accesorios,841.0,204.86,282,5.0,Occidente,2024-05-05,False,False,False,5,False,636,172287.26,2.982269503546099,True,True
PROD-2106,Monitores,551.0,1432.43,231,10.0,Sur,2024-09-18,False,False,False,10,False,500,789268.93,2.3852813852813854,True,True
PROD-2107,Laptops,1780.0,137.33,198,0.0,ZONA_FRANCA,2024-05-04,False,False,False,Inmediato,False,637,244447.40000000002,8.98989898989899,True,True
PROD-2108,Laptops,290.0,481.59,225,27.5,Norte,2025-12-11,False,False,False,25-30 días,False,51,139661.1,1.288888888888889,False,True
PROD-2109,Smartphones,1918.0,482.2,237,27.5,Norte,2025-10-21,False,False,False,25-30 días,False,102,924859.6,8.092827004219409,True,True
PROD-2110,Laptops,653.0,514.58,274,10.0,Occidente,2025-02-05,False,False,False,10,False,360,336020.74000000005,2.383211678832117,True,True
PROD-2111,Laptops,267.0,288.22,174,0.0,ZONA_FRANCA,2024-12-04,False,False,False,Inmediato,False,423,76954.74,1.5344827586206897,False,True
PROD-2112,Laptops,1336.0,1185.58,113,5.0,ZONA_FRANCA,2024-03-04,True,False,False,,True,698,1583934.88,11.823008849557523,True,False
PROD-2113,Smartphones,1750.0,227.62,137,27.5,Norte,2025-07-11,False,False,False,25-30 días,False,204,398335.0,12.773722627737227,True,True
PROD-2114,Smartphones,1317.0,970.61,239,27.5,Norte,2026-01-18,False,False,False,25-30 días,False,13,1278293.37,5.510460251046025,True,True
PROD-2115,Smartphones,1522.0,229.58,144,5.0,BOD-EXT-99,2024-05-26,False,False,False,,True,615,349420.76,10.569444444444445,True,False
PROD-2116,Smartphones,766.0,152.28,244,5.0,Sur,2024-05-13,False,False,False,5,False,628,116646.48,3.139344262295082,True,True
PROD-2117,Monitores,502.0,1368.67,262,5.0,BOD-EXT-99,2024-10-19,False,False,False,5,False,469,687072.3400000001,1.916030534351145,False,True
PROD-2118,Monitores,805.0,325.69,293,3.0,ZONA_FRANCA,2024-10-23,False,False,False,3,False,465,262180.45,2.7474402730375425,True,True
PROD-2119,Laptops,1762.0,1240.81,174,10.0,BOD-EXT-99,2025-04-03,False,False,False,10,False,303,2186307.2199999997,10.126436781609195,True,True
PROD-2120,Tablets,132.0,839.71,268,0.0,ZONA_FRANCA,2024-06-06,False,False,False,Inmediato,False,604,110841.72,0.4925373134328358,False,True
PROD-2121,Smartphones,1524.0,162.89,294,27.5,BOD-EXT-99,2024-12-01,False,False,False,25-30 días,False,426,248244.36,5.183673469387755,True,True
PROD-2122,Smartphones,346.0,1435.4,128,27.5,ZONA_FRANCA,2024-04-16,False,False,False,25-30 días,False,655,496648.4,2.703125,True,True
PROD-2123,Smartphones,1677.0,408.09,117,3.0,ZONA_FRANCA,2025-10-14,False,False,False,3,False,109,684366.9299999999,14.333333333333334,True,True
PROD-2124,Laptops,1467.0,1296.49,119,27.5,Norte,2024-03-28,False,False,False,25-30 días,False,674,1901950.83,12.327731092436975,True,True
PROD-2125,Laptops,1019.5,294.77,113,10.0,Norte,2024-07-16,True,True,False,10,False,564,300518.01499999996,9.02212389380531,True,False
PROD-2126,Accesorios,856.0,1288.22,261,3.0,ZONA_FRANCA,2024-09-04,False,False,False,3,False,514,1102716.32,3.2796934865900385,True,True
PROD-2127,Tablets,1306.0,69.18,276,10.0,Sur,2025-11-25,False,False,False,10,False,67,90349.08,4.731884057971015,True,True
PROD-2128,Laptops,1019.5,792.08,153,3.0,Sur,2025-05-31,False,True,False,3,False,245,807525.56,6.663398692810458,True,False
PROD-2129,Tablets,1020.0,1165.69,130,27.5,Occidente,2025-01-08,False,True,False,25-30 días,False,388,1189003.8,7.846153846153846,True,False
PROD-2130,Tablets,533.0,1405.45,157,3.0,ZONA_FRANCA,2024-04-22,False,False,False,3,False,649,749104.85,3.394904458598726,True,True
PROD-2131,Tablets,405.0,1368.34,203,5.0,ZONA_FRANCA,2025-03-30,False,False,False,5,False,307,554177.7,1.9950738916256157,False,True
PROD-2132,Laptops,1986.0,1238.46,269,0.0,ZONA_FRANCA,2025-02-14,False,False,False,Inmediato,False,351,2459581.56,7.382899628252788,True,True
PROD-2133,Smartphones,1082.0,1337.88,285,27.5,BOD-EXT-99,2025-11-27,False,False,False,25-30 días,False,65,1447586.1600000001,3.7964912280701753,True,True
PROD-2134,Smartphones,1902.0,338.87,227,5.0,ZONA_FRANCA,2024-10-29,False,False,False,,True,459,644530.74,8.37885462555066,True,False
PROD-2135,Smartphones,937.0,462.07,257,0.0,ZONA_FRANCA,2025-02-19,False,False,False,Inmediato,False,346,432959.58999999997,3.6459143968871595,True,True
PROD-2136,Smartphones,469.0,469.0,124,27.5,Sur,2025-03-13,False,False,False,25-30 días,False,324,219961.0,3.782258064516129,True,True
PROD-2137,Tablets,808.0,596.73,290,0.0,Norte,2024-04-05,False,False,False,Inmediato,False,666,482157.84,2.786206896551724,True,True
PROD-2138,Accesorios,123.0,620.31,118,5.0,Norte,2024-06-12,False,False,False,5,False,598,76298.12999999999,1.0423728813559323,False,True
PROD-2139,Laptops,1316.0,839.61,299,0.0,Occidente,2025-12-30,False,False,False,Inmediato,False,32,1104926.76,4.40133779264214,True,True
PROD-2140,Laptops,676.0,281.83,235,3.0,Sur,2025-11-25,False,False,False,3,False,67,190517.08,2.876595744680851,True,True
PROD-2141,Laptops,1660.0,1052.31,102,0.0,ZONA_FRANCA,2025-07-29,False,False,False,Inmediato,False,186,1746834.5999999999,16.274509803921568,True,True
PROD-2142,Laptops,1825.0,292.97,294,27.5,Norte,2025-07-24,True,False,False,25-30 días,False,191,534670.25,6.207482993197279,True,False
PROD-2143,Smartphones,1631.0,499.95,185,5.0,Norte,2025-07-03,False,False,False,,True,212,815418.45,8.816216216216215,True,False
PROD-2144,Accesorios,1297.0,779.85,244,5.0,Norte,2024-06-11,False,False,False,,True,599,1011465.4500000001,5.315573770491803,True,False
PROD-2145,Laptops,939.0,1204.84,241,10.0,Norte,2024-11-30,False,False,False,10,False,427,1131344.76,3.896265560165975,True,True
PROD-2146,Smartphones,369.0,1122.23,108,0.0,ZONA_FRANCA,2025-02-15,False,False,False,Inmediato,False,350,414102.87,3.4166666666666665,True,True
PROD-2147,Tablets,543.0,986.02,289,5.0,ZONA_FRANCA,2025-10-16,False,False,False,,True,107,535408.86,1.8788927335640138,False,False
PROD-2148,Smartphones,1724.0,275.87,193,0.0,Occidente,2025-06-06,False,False,False,Inmediato,False,239,475599.88,8.932642487046632,True,True
PROD-2149,Laptops,885.0,843.22,248,5.0,Occidente,2025-06-30,False,False,False,,True,215,746249.7000000001,3.568548387096774,True,False
PROD-2150,Monitores,961.0,176.8,264,0.0,Occidente,2025-08-08,False,True,False,Inmediato,False,176,169904.80000000002,3.640151515151515,True,False
PROD-2151,Monitores,1057.0,597.18,238,27.5,BOD-EXT-99,2024-07-16,False,False,False,25-30 días,False,564,631219.2599999999,4.4411764705882355,True,True
PROD-2152,Accesorios,1086.0,649.6,119,0.0,Norte,2025-03-08,False,False,False,Inmediato,False,329,705465.6,9.126050420168067,True,True
PROD-2153,Tablets,281.0,107.73,134,27.5,ZONA_FRANCA,2024-07-20,False,False,False,25-30 días,False,560,30272.13,2.0970149253731343,True,True
PROD-2154,Laptops,1743.0,447.28,152,27.5,Norte,2024-05-16,True,False,False,25-30 días,False,625,779609.0399999999,11.467105263157896,True,False
PROD-2155,Laptops,908.0,1435.69,274,10.0,Occidente,2024-11-08,False,False,False,10,False,449,1303606.52,3.3138686131386863,True,True
PROD-2156,Tablets,54.0,1432.77,209,5.0,ZONA_FRANCA,2024-06-04,False,False,False,,True,606,77369.58,0.2583732057416268,False,False
PROD-2157,Laptops,151.0,560.87,279,3.0,Sur,2024-11-11,False,False,False,3,False,446,84691.37,0.5412186379928315,False,True
PROD-2158,Accesorios,1792.0,112.5,235,27.5,Norte,2024-08-13,False,False,False,25-30 días,False,536,201600.0,7.625531914893617,True,True
PROD-2159,Accesorios,1816.0,309.69,103,5.0,Norte,2024-04-28,False,False,False,,True,643,562397.04,17.631067961165048,True,False
PROD-2160,Laptops,1946.0,618.72,254,5.0,Occidente,2025-08-06,True,False,False,5,False,178,1204029.12,7.661417322834645,True,False
PROD-2161,Monitores,1239.0,1424.28,271,0.0,Norte,2025-01-02,False,False,False,Inmediato,False,394,1764682.92,4.571955719557195,True,True
PROD-2162,Tablets,859.0,254.74,267,5.0,Sur,2025-09-09,False,False,False,5,False,144,218821.66,3.2172284644194757,True,True
PROD-2163,Laptops,159.0,1157.1,201,0.0,ZONA_FRANCA,2025-07-18,False,False,False,Inmediato,False,197,183978.9,0.7910447761194029,False,True
PROD-2164,Monitores,512.0,207.59,146,10.0,Norte,2025-11-09,False,False,False,10,False,83,106286.08,3.506849315068493,True,True
PROD-2165,Tablets,1513.0,1472.82,193,27.5,Occidente,2024-04-03,False,False,False,25-30 días,False,668,2228376.6599999997,7.839378238341969,True,True
PROD-2166,Monitores,720.0,603.34,271,3.0,Norte,2025-11-08,False,False,False,3,False,84,434404.80000000005,2.6568265682656826,True,True
PROD-2167,Laptops,578.0,1174.09,147,27.5,Occidente,2024-11-01,False,False,False,25-30 días,False,456,678624.0199999999,3.931972789115646,True,True
PROD-2168,Smartphones,1578.0,546.76,190,0.0,BOD-EXT-99,2024-10-13,False,False,False,Inmediato,False,475,862787.28,8.305263157894737,True,True
PROD-2169,Smartphones,1651.0,960.12,279,3.0,Norte,2025-05-24,False,False,False,3,False,252,1585158.12,5.917562724014337,True,True
PROD-2170,Laptops,336.0,328.42,183,27.5,Norte,2025-11-21,True,False,False,25-30 días,False,71,110349.12000000001,1.8360655737704918,False,False
PROD-2171,Smartphones,1885.0,261.73,167,3.0,Norte,2025-06-23,False,False,False,3,False,222,493361.05000000005,11.2874251497006,True,True
PROD-2172,Smartphones,1054.0,1410.19,238,0.0,Sur,2025-05-01,False,False,False,Inmediato,False,275,1486340.26,4.428571428571429,True,True
PROD-2173,Smartphones,217.0,1380.59,224,10.0,ZONA_FRANCA,2025-05-31,False,False,False,10,False,245,299588.02999999997,0.96875,False,True
PROD-2174,Laptops,1806.0,1336.83,172,10.0,Occidente,2025-02-25,False,False,False,10,False,340,2414314.98,10.5,True,True
PROD-2175,Smartphones,1058.0,956.88,103,27.5,ZONA_FRANCA,2024-07-08,False,True,False,25-30 días,False,572,1012379.04,10.271844660194175,True,False
PROD-2176,Smartphones,1948.0,1221.99,175,5.0,Norte,2024-10-18,False,False,False,5,False,470,2380436.52,11.131428571428572,True,True
PROD-2177,Laptops,1330.0,150.1,172,0.0,Sur,2024-11-04,True,False,False,Inmediato,False,453,199633.0,7.732558139534884,True,False
PROD-2178,Smartphones,1186.0,535.44,176,27.5,Sur,2026-01-25,False,False,False,25-30 días,False,6,635031.8400000001,6.738636363636363,True,True
PROD-2179,Smartphones,523.0,504.87,147,27.5,ZONA_FRANCA,2025-07-28,False,False,False,25-30 días,False,187,264047.01,3.557823129251701,True,True
PROD-2180,Laptops,1019.5,971.69,253,10.0,Norte,2026-01-28,False,True,False,10,False,3,990637.9550000001,4.029644268774703,True,False
PROD-2181,Laptops,1100.0,566.14,201,3.0,ZONA_FRANCA,2024-04-27,True,False,False,3,False,644,622754.0,5.472636815920398,True,False
PROD-2182,Laptops,172.0,265.33,205,0.0,Norte,2025-09-29,True,False,False,Inmediato,False,124,45636.759999999995,0.8390243902439024,False,False
PROD-2183,Accesorios,1381.0,914.88,176,3.0,Sur,2026-01-17,False,False,False,3,False,14,1263449.28,7.846590909090909,True,True
PROD-2184,Laptops,1478.0,1230.86,138,5.0,Sur,2024-08-25,True,False,False,,True,524,1819211.0799999998,10.710144927536232,True,False
PROD-2185,Accesorios,1769.0,604.08,157,5.0,Norte,2024-05-12,False,False,False,,True,629,1068617.52,11.26751592356688,True,False
PROD-2186,Laptops,1411.0,241.79,118,0.0,Norte,2025-06-06,True,False,False,Inmediato,False,239,341165.69,11.957627118644067,True,False
PROD-2187,Laptops,1080.0,335.2,187,5.0,Sur,2025-02-06,False,False,False,5,False,359,362016.0,5.775401069518717,True,True
PROD-2188,Smartphones,1631.0,394.35,212,5.0,BOD-EXT-99,2024-09-01,False,False,False,,True,517,643184.8500000001,7.693396226415095,True,False
PROD-2189,Laptops,324.0,484.85,176,10.0,BOD-EXT-99,2025-03-18,True,False,False,10,False,319,157091.4,1.8409090909090908,False,False
PROD-2190,Smartphones,1971.0,982.05,176,5.0,BOD-EXT-99,2025-06-15,False,False,False,5,False,230,1935620.5499999998,11.198863636363637,True,True
PROD-2191,Smartphones,1003.0,921.37,285,27.5,Occidente,2026-01-02,False,False,False,25-30 días,False,29,924134.11,3.519298245614035,True,True
PROD-2192,Monitores,1839.0,1059.32,127,5.0,Occidente,2024-08-16,False,False,False,,True,533,1948089.48,14.48031496062992,True,False
PROD-2193,Laptops,1773.0,575.63,165,10.0,Norte,2025-08-29,True,False,False,10,False,155,1020591.99,10.745454545454546,True,False
PROD-2194,Tablets,1424.0,1244.8,109,27.5,Norte,2024-05-12,False,False,False,25-30 días,False,629,1772595.2,13.064220183486238,True,True
PROD-2195,Monitores,1129.0,345.93,225,5.0,ZONA_FRANCA,2024-12-29,False,False,False,5,False,398,390554.97000000003,5.017777777777778,True,True
PROD-2196,Tablets,1014.0,730.11,157,0.0,Norte,2025-02-20,False,False,False,Inmediato,False,345,740331.54,6.45859872611465,True,True
PROD-2197,Smartphones,309.0,1211.36,241,27.5,ZONA_FRANCA,2025-07-21,False,False,False,25-30 días,False,194,374310.24,1.2821576763485478,False,True
PROD-2198,Smartphones,1991.0,311.23,224,3.0,Norte,2025-08-17,False,False,False,3,False,167,619658.93,8.888392857142858,True,True
PROD-2199,Monitores,1091.0,209.3,211,0.0,Occidente,2025-01-20,False,False,False,Inmediato,False,376,228346.30000000002,5.170616113744076,True,True
PROD-2200,Monitores,961.0,1331.34,183,0.0,BOD-EXT-99,2024-09-30,False,True,False,Inmediato,False,488,1279417.74,5.251366120218579,True,False
PROD-2201,Tablets,1585.0,547.25,242,5.0,Norte,2025-02-04,False,False,False,5,False,361,867391.25,6.549586776859504,True,True
PROD-2202,Accesorios,1353.0,1041.61,195,5.0,Occidente,2024-10-07,False,False,False,5,False,481,1409298.3299999998,6.938461538461539,True,True
PROD-2203,Tablets,1893.0,86.76,132,10.0,Norte,2025-06-02,False,False,False,10,False,243,164236.68000000002,14.340909090909092,True,True
PROD-2204,Monitores,628.0,1050.57,244,10.0,ZONA_FRANCA,2024-06-30,False,False,False,10,False,580,659757.96,2.5737704918032787,True,True
PROD-2205,Laptops,1019.5,508.35,251,3.0,Norte,2024-06-04,False,True,False,3,False,606,518262.825,4.061752988047809,True,False
PROD-2206,Monitores,1541.0,130.82,257,0.0,Sur,2024-06-22,False,False,False,Inmediato,False,588,201593.62,5.996108949416342,True,True
PROD-2207,Laptops,782.0,934.23,289,3.0,Sur,2025-08-14,False,False,False,3,False,170,730567.86,2.7058823529411766,True,True
PROD-2208,Laptops,1760.0,399.17,240,3.0,Norte,2024-09-06,False,False,False,3,False,512,702539.2000000001,7.333333333333333,True,True
PROD-2209,Monitores,863.0,610.87,289,5.0,BOD-EXT-99,2024-12-22,False,False,False,5,False,405,527180.81,2.986159169550173,True,True
PROD-2210,Laptops,1961.0,166.84,146,3.0,BOD-EXT-99,2024-07-07,False,False,False,3,False,573,327173.24,13.431506849315069,True,True
PROD-2211,Accesorios,1392.0,263.39,211,3.0,Norte,2025-07-09,False,False,False,3,False,206,366638.88,6.597156398104265,True,True
PROD-2212,Tablets,1400.0,482.07,243,27.5,Occidente,2025-08-31,False,False,False,25-30 días,False,153,674898.0,5.761316872427984,True,True
PROD-2213,Laptops,1452.0,180.15,293,10.0,Sur,2025-12-15,False,False,False,10,False,47,261577.80000000002,4.955631399317406,True,True
PROD-2214,Tablets,75.0,1370.7,142,10.0,Occidente,2024-04-23,False,False,False,10,False,648,102802.5,0.528169014084507,False,True
PROD-2215,Laptops,766.0,58.77,107,0.0,ZONA_FRANCA,2026-01-31,False,False,False,Inmediato,False,0,45017.82,7.158878504672897,True,True
PROD-2216,Laptops,1779.0,751.6,102,10.0,Sur,2024-12-21,False,False,False,10,False,406,1337096.4000000001,17.441176470588236,True,True
PROD-2217,Tablets,525.0,228.71,224,5.0,ZONA_FRANCA,2025-10-17,False,False,False,,True,106,120072.75,2.34375,True,False
PROD-2218,Monitores,1365.0,496.13,111,0.0,Norte,2025-08-12,False,False,False,Inmediato,False,172,677217.45,12.297297297297296,True,True
PROD-2219,Smartphones,879.0,1392.79,183,27.5,Occidente,2024-09-13,False,False,False,25-30 días,False,505,1224262.41,4.80327868852459,True,True
PROD-2220,Laptops,1413.0,284.46,115,10.0,Norte,2025-09-24,False,False,False,10,False,129,401941.98,12.28695652173913,True,True
PROD-2221,Tablets,782.0,1450.46,177,27.5,Sur,2024-12-30,False,False,False,25-30 días,False,397,1134259.72,4.418079096045198,True,True
PROD-2222,Laptops,1004.0,348.4,158,10.0,Occidente,2025-04-13,False,False,False,10,False,293,349793.6,6.3544303797468356,True,True
PROD-2223,Smartphones,1598.0,1125.27,276,10.0,Norte,2024-07-29,False,False,False,10,False,551,1798181.46,5.7898550724637685,True,True
PROD-2224,Laptops,1850.0,842.68,162,27.5,Norte,2024-11-11,False,False,False,25-30 días,False,446,1558958.0,11.419753086419753,True,True
PROD-2225,Laptops,1019.5,1332.49,289,3.0,Sur,2026-01-16,False,True,False,3,False,15,1358473.555,3.527681660899654,True,False
PROD-2226,Smartphones,1407.0,853.29,148,3.0,ZONA_FRANCA,2024-05-03,False,False,False,3,False,638,1200579.03,9.506756756756756,True,True
PROD-2227,Laptops,1349.0,825.11,150,3.0,Norte,2025-02-17,True,False,False,3,False,348,1113073.3900000001,8.993333333333334,True,False
PROD-2228,Laptops,392.0,333.41,132,5.0,BOD-EXT-99,2025-07-13,False,False,False,,True,202,130696.72000000002,2.9696969696969697,True,False
PROD-2229,Smartphones,506.0,291.03,129,3.0,Norte,2025-09-20,False,False,False,3,False,133,147261.18,3.9224806201550386,True,True
PROD-2230,Smartphones,1128.0,1378.91,286,10.0,Sur,2024-08-24,False,False,False,10,False,525,1555410.48,3.944055944055944,True,True
PROD-2231,Laptops,1987.0,525.37,175,5.0,Sur,2024-09-11,True,False,False,5,False,507,1043910.1900000001,11.354285714285714,True,False
PROD-2232,Monitores,312.0,589.52,114,27.5,Norte,2025-11-27,False,False,False,25-30 días,False,65,183930.24,2.736842105263158,True,True
PROD-2233,Laptops,1207.0,1151.74,181,5.0,Sur,2024-10-09,False,False,False,5,False,479,1390150.18,6.668508287292818,True,True
PROD-2234,Tablets,1791.0,541.29,191,5.0,Norte,2024-10-30,False,False,False,,True,458,969450.3899999999,9.37696335078534,True,False
PROD-2235,Accesorios,1800.0,1430.49,122,5.0,Norte,2025-02-24,False,False,False,5,False,341,2574882.0,14.754098360655737,True,True
PROD-2236,Laptops,860.0,1120.0,193,0.0,ZONA_FRANCA,2024-05-16,False,False,False,Inmediato,False,625,963200.0,4.455958549222798,True,True
PROD-2237,Laptops,194.0,916.27,144,3.0,Norte,2025-08-26,True,False,False,3,False,158,177756.38,1.3472222222222223,False,False
PROD-2238,Laptops,491.0,1327.3,161,5.0,Norte,2025-08-24,False,False,False,,True,160,651704.2999999999,3.049689440993789,True,False
PROD-2239,Smartphones,1522.0,121.93,298,10.0,ZONA_FRANCA,2025-05-23,False,False,False,10,False,253,185577.46000000002,5.10738255033557,True,True
PROD-2240,Monitores,73.0,422.74,114,3.0,BOD-EXT-99,2024-08-23,False,False,False,3,False,526,30860.02,0.6403508771929824,False,True
PROD-2241,Accesorios,1681.0,724.3,145,3.0,Norte,2024-08-01,False,False,False,3,False,548,1217548.2999999998,11.593103448275862,True,True
PROD-2242,Smartphones,735.0,379.12,163,5.0,BOD-EXT-99,2025-08-30,False,False,False,5,False,154,278653.2,4.50920245398773,True,True
PROD-2243,Smartphones,1993.0,1128.66,273,0.0,BOD-EXT-99,2024-10-03,False,False,False,Inmediato,False,485,2249419.3800000004,7.3003663003663,True,True
PROD-2244,Smartphones,746.0,1382.85,283,3.0,BOD-EXT-99,2024-11-26,False,False,False,3,False,431,1031606.1,2.636042402826855,True,True
PROD-2245,Laptops,26.0,664.47,271,27.5,Occidente,2026-01-05,True,False,False,25-30 días,False,26,17276.22,0.0959409594095941,False,False
PROD-2246,Laptops,8.0,546.09,174,27.5,BOD-EXT-99,2026-01-20,False,False,False,25-30 días,False,11,4368.72,0.04597701149425287,False,True
PROD-2247,Laptops,1473.0,1444.25,256,3.0,Occidente,2025-11-26,False,False,False,3,False,66,2127380.25,5.75390625,True,True
PROD-2248,Tablets,1886.0,695.04,289,5.0,ZONA_FRANCA,2024-08-08,False,False,False,5,False,541,1310845.44,6.525951557093426,True,True
PROD-2249,Accesorios,1251.0,759.12,151,5.0,Norte,2025-10-28,False,False,False,5,False,95,949659.12,8.28476821192053,True,True
PROD-2250,Smartphones,1058.0,559.89,281,10.0,BOD-EXT-99,2025-07-01,False,True,False,10,False,214,592363.62,3.7651245551601424,True,False
PROD-2251,Laptops,17.0,1368.85,187,5.0,Sur,2025-07-22,False,False,False,,True,193,23270.449999999997,0.09090909090909091,False,False
PROD-2252,Laptops,1882.0,874.99,156,5.0,ZONA_FRANCA,2024-04-25,True,False,False,,True,646,1646731.18,12.064102564102564,True,False
PROD-2253,Tablets,314.0,1155.15,182,5.0,Occidente,2025-04-17,False,False,False,,True,289,362717.10000000003,1.7252747252747254,False,False
PROD-2254,Monitores,770.0,1227.12,165,0.0,Norte,2024-08-06,False,False,False,Inmediato,False,543,944882.3999999999,4.666666666666667,True,True
PROD-2255,Tablets,1352.0,545.68,249,5.0,Norte,2025-12-24,False,False,False,5,False,38,737759.36,5.429718875502008,True,True
PROD-2256,Laptops,896.0,678.86,119,10.0,Norte,2025-07-10,False,False,False,10,False,205,608258.56,7.529411764705882,True,True
PROD-2257,Smartphones,1527.0,1280.28,132,27.5,Norte,2024-07-26,False,False,False,25-30 días,False,554,1954987.56,11.568181818181818,True,True
PROD-2258,Laptops,1327.0,576.72,171,5.0,BOD-EXT-99,2024-10-05,True,False,False,,True,483,765307.4400000001,7.760233918128655,True,False
PROD-2259,Smartphones,1389.0,1201.21,124,27.5,BOD-EXT-99,2025-03-01,False,False,False,25-30 días,False,336,1668480.69,11.201612903225806,True,True
PROD-2260,Smartphones,711.0,1414.44,145,27.5,Occidente,2024-09-23,False,False,False,25-30 días,False,495,1005666.8400000001,4.903448275862069,True,True
PROD-2261,Smartphones,290.0,953.66,172,3.0,Occidente,2025-05-28,False,False,False,3,False,248,276561.39999999997,1.686046511627907,False,True
PROD-2262,Smartphones,332.0,1125.36,197,0.0,BOD-EXT-99,2025-11-19,False,False,False,Inmediato,False,73,373619.51999999996,1.6852791878172588,False,True
PROD-2263,Smartphones,953.0,1217.39,156,10.0,BOD-EXT-99,2025-01-24,False,False,False,10,False,372,1160172.6700000002,6.108974358974359,True,True
PROD-2264,Laptops,1506.0,1275.31,186,0.0,Sur,2025-09-16,False,False,False,Inmediato,False,137,1920616.8599999999,8.096774193548388,True,True
PROD-2265,Smartphones,249.0,622.83,232,3.0,Sur,2024-11-01,False,False,False,3,False,456,155084.67,1.0732758620689655,False,True
PROD-2266,Smartphones,88.0,124.33,154,10.0,ZONA_FRANCA,2024-11-14,False,False,False,10,False,443,10941.039999999999,0.5714285714285714,False,True
PROD-2267,Accesorios,308.0,632.72,160,10.0,BOD-EXT-99,2025-02-13,False,False,False,10,False,352,194877.76,1.925,False,True
PROD-2268,Monitores,785.0,1026.95,188,5.0,Norte,2024-12-17,False,False,False,5,False,410,806155.75,4.175531914893617,True,True
PROD-2269,Tablets,1472.0,703.01,107,0.0,Sur,2024-03-25,False,False,False,Inmediato,False,677,1034830.72,13.757009345794392,True,True
PROD-2270,Tablets,1577.0,1136.0,115,0.0,Occidente,2024-08-12,False,False,False,Inmediato,False,537,1791472.0,13.71304347826087,True,True
PROD-2271,Laptops,1932.0,567.62,275,5.0,Norte,2024-11-05,False,False,False,5,False,452,1096641.84,7.025454545454545,True,True
PROD-2272,Smartphones,1253.0,970.38,215,27.5,ZONA_FRANCA,2024-12-09,False,False,False,25-30 días,False,418,1215886.14,5.8279069767441865,True,True
PROD-2273,Smartphones,858.0,320.31,160,3.0,Sur,2024-11-08,False,False,False,3,False,449,274825.98,5.3625,True,True
PROD-2274,Smartphones,1084.0,1136.59,114,0.0,Norte,2024-06-26,False,False,False,Inmediato,False,584,1232063.5599999998,9.508771929824562,True,True
PROD-2275,Laptops,1019.5,841.26,292,5.0,Norte,2025-10-09,True,True,False,5,False,114,857664.57,3.4914383561643834,True,False
PROD-2276,Laptops,945.0,345.89,249,10.0,Sur,2025-12-12,False,False,False,10,False,50,326866.05,3.7951807228915664,True,True
PROD-2277,Smartphones,1187.0,473.27,230,5.0,Norte,2025-01-28,False,False,False,,True,368,561771.49,5.160869565217391,True,False
PROD-2278,Monitores,1734.0,1135.48,201,5.0,Norte,2024-03-20,False,False,False,5,False,682,1968922.32,8.626865671641792,True,True
PROD-2279,Accesorios,114.0,749.77,153,5.0,ZONA_FRANCA,2024-09-04,False,False,False,,True,514,85473.78,0.7450980392156863,False,False
PROD-2280,Tablets,948.0,363.25,113,27.5,Norte,2025-07-06,False,False,False,25-30 días,False,209,344361.0,8.389380530973451,True,True
PROD-2281,Smartphones,1257.0,1452.54,135,3.0,ZONA_FRANCA,2024-05-15,False,False,False,3,False,626,1825842.78,9.311111111111112,True,True
PROD-2282,Laptops,606.0,1086.93,204,5.0,Occidente,2024-03-24,False,False,False,,True,678,658679.5800000001,2.9705882352941178,True,False
PROD-2283,Laptops,1859.0,1437.85,181,27.5,Sur,2024-11-23,False,False,False,25-30 días,False,434,2672963.15,10.2707182320442,True,True
PROD-2284,Smartphones,1996.0,669.3,166,5.0,Norte,2025-06-19,False,False,False,,True,226,1335922.7999999998,12.024096385542169,True,False
PROD-2285,Laptops,1090.0,738.9,109,10.0,ZONA_FRANCA,2024-04-09,False,False,False,10,False,662,805401.0,10.0,True,True
PROD-2286,Tablets,1839.0,1352.04,148,10.0,Norte,2025-05-09,False,False,False,10,False,267,2486401.56,12.425675675675675,True,True
PROD-2287,Laptops,216.0,811.32,210,10.0,ZONA_FRANCA,2025-10-08,False,False,False,10,False,115,175245.12000000002,1.0285714285714285,False,True
PROD-2288,Accesorios,1795.0,1075.55,164,10.0,BOD-EXT-99,2024-06-11,False,False,False,10,False,599,1930612.25,10.945121951219512,True,True
PROD-2289,Laptops,1658.0,415.65,156,5.0,ZONA_FRANCA,2025-02-06,False,False,False,5,False,359,689147.7,10.628205128205128,True,True
PROD-2290,Laptops,1460.0,697.75,126,10.0,Norte,2025-03-09,False,False,False,10,False,328,1018715.0,11.587301587301587,True,True
PROD-2291,Monitores,425.0,229.0,212,10.0,BOD-EXT-99,2025-12-23,False,False,False,10,False,39,97325.0,2.0047169811320753,True,True
PROD-2292,Accesorios,926.0,348.67,232,5.0,BOD-EXT-99,2025-08-03,False,False,False,5,False,181,322868.42000000004,3.9913793103448274,True,True
PROD-2293,Laptops,1157.0,51.37,170,10.0,Norte,2024-09-29,False,False,False,10,False,489,59435.09,6.805882352941176,True,True
PROD-2294,Accesorios,993.0,106.93,182,27.5,BOD-EXT-99,2025-07-07,False,False,False,25-30 días,False,208,106181.49,5.456043956043956,True,True
PROD-2295,Tablets,1910.0,1467.06,156,27.5,Sur,2025-05-04,False,False,False,25-30 días,False,272,2802084.6,12.243589743589743,True,True
PROD-2296,Smartphones,507.0,401.41,219,0.0,Norte,2025-10-05,False,False,False,Inmediato,False,118,203514.87000000002,2.315068493150685,True,True
PROD-2297,Laptops,967.0,1011.8,192,27.5,Sur,2025-01-15,False,False,False,25-30 días,False,381,978410.6,5.036458333333333,True,True
PROD-2298,Monitores,1555.0,1266.69,114,3.0,Sur,2024-08-14,False,False,False,3,False,535,1969702.9500000002,13.640350877192983,True,True
PROD-2299,Tablets,832.0,848.46,210,3.0,Norte,2025-05-19,False,False,False,3,False,257,705918.72,3.961904761904762,True,True
PROD-2300,Smartphones,1058.0,272.06,200,3.0,Norte,2024-10-06,False,True,False,3,False,482,287839.48,5.29,True,False
PROD-2301,Accesorios,615.0,1105.77,218,5.0,Norte,2024-09-10,False,False,False,5,False,508,680048.55,2.8211009174311927,True,True
PROD-2302,Smartphones,1721.0,920.36,175,27.5,ZONA_FRANCA,2025-11-01,False,False,False,25-30 días,False,91,1583939.56,9.834285714285715,True,True
PROD-2303,Laptops,813.0,1110.31,257,3.0,Sur,2025-08-24,False,False,False,3,False,160,902682.0299999999,3.1634241245136185,True,True
PROD-2304,Tablets,531.0,1166.13,119,0.0,BOD-EXT-99,2025-09-05,False,False,False,Inmediato,False,148,619215.03,4.46218487394958,True,True
PROD-2305,Smartphones,644.0,1464.35,264,5.0,Norte,2025-10-07,False,False,False,5,False,116,943041.3999999999,2.4393939393939394,True,True
PROD-2306,Laptops,1201.0,881.67,230,0.0,Sur,2024-10-31,True,False,False,Inmediato,False,457,1058885.67,5.221739130434782,True,False
PROD-2307,Laptops,1560.0,545.38,172,27.5,ZONA_FRANCA,2024-07-16,True,False,False,25-30 días,False,564,850792.8,9.069767441860465,True,False
PROD-2308,Laptops,1189.0,990.27,221,10.0,BOD-EXT-99,2025-12-18,False,False,False,10,False,44,1177431.03,5.380090497737557,True,True
PROD-2309,Accesorios,348.0,149.24,140,0.0,Sur,2025-06-12,False,False,False,Inmediato,False,233,51935.520000000004,2.4857142857142858,True,True
PROD-2310,Smartphones,1896.0,1351.23,266,10.0,Occidente,2025-01-22,False,False,False,10,False,374,2561932.08,7.12781954887218,True,True
PROD-2311,Tablets,664.0,223.1,253,5.0,Norte,2024-08-03,False,False,False,5,False,546,148138.4,2.624505928853755,True,True
PROD-2312,Laptops,653.0,525.37,229,0.0,Norte,2025-07-19,False,False,False,Inmediato,False,196,343066.61,2.851528384279476,True,True
PROD-2313,Monitores,1664.0,1232.83,122,0.0,Sur,2026-01-07,False,False,False,Inmediato,False,24,2051429.1199999999,13.639344262295081,True,True
PROD-2314,Laptops,1922.0,916.1,122,5.0,BOD-EXT-99,2025-01-02,False,False,False,,True,394,1760744.2,15.754098360655737,True,False
PROD-2315,Accesorios,31.0,620.77,243,5.0,BOD-EXT-99,2025-12-27,False,False,False,5,False,35,19243.87,0.12757201646090535,False,True
PROD-2316,Tablets,553.0,736.48,108,5.0,Norte,2024-10-15,False,False,False,5,False,473,407273.44,5.12037037037037,True,True
PROD-2317,Laptops,1920.0,1289.09,112,3.0,Norte,2025-06-23,True,False,False,3,False,222,2475052.8,17.142857142857142,True,False
PROD-2318,Tablets,1660.0,543.01,255,27.5,BOD-EXT-99,2024-08-20,False,False,False,25-30 días,False,529,901396.6,6.509803921568627,True,True
PROD-2319,Smartphones,1996.0,1310.99,254,0.0,BOD-EXT-99,2025-07-28,False,False,False,Inmediato,False,187,2616736.04,7.858267716535433,True,True
PROD-2320,Laptops,852.0,177.79,150,0.0,BOD-EXT-99,2024-12-26,True,False,False,Inmediato,False,401,151477.08,5.68,True,False
PROD-2321,Smartphones,314.0,1176.36,163,5.0,Sur,2025-05-20,False,False,False,5,False,256,369377.04,1.9263803680981595,False,True
PROD-2322,Monitores,112.0,1278.94,151,5.0,BOD-EXT-99,2024-04-18,False,False,False,5,False,653,143241.28,0.7417218543046358,False,True
PROD-2323,Laptops,1813.0,313.64,137,27.5,Norte,2025-09-18,False,False,False,25-30 días,False,135,568629.32,13.233576642335766,True,True
PROD-2324,Monitores,65.0,674.0,199,5.0,BOD-EXT-99,2024-06-20,False,False,False,5,False,590,43810.0,0.32663316582914576,False,True
PROD-2325,Laptops,1019.5,289.97,292,10.0,Norte,2024-11-14,False,True,False,10,False,443,295624.41500000004,3.4914383561643834,True,False
PROD-2326,Laptops,830.0,1074.58,245,10.0,Sur,2024-12-10,False,False,False,10,False,417,891901.3999999999,3.3877551020408165,True,True
PROD-2327,Monitores,789.0,826.25,290,5.0,Norte,2025-04-15,False,False,False,,True,291,651911.25,2.720689655172414,True,False
PROD-2328,Laptops,1296.0,971.22,150,10.0,Norte,2024-07-07,False,False,False,10,False,573,1258701.12,8.64,True,True
PROD-2329,Monitores,986.0,334.91,236,10.0,Sur,2025-09-25,False,False,False,10,False,128,330221.26,4.177966101694915,True,True
PROD-2330,Laptops,892.0,357.03,240,27.5,BOD-EXT-99,2025-02-25,False,False,False,25-30 días,False,340,318470.75999999995,3.716666666666667,True,True
PROD-2331,Laptops,1674.0,110.17,267,0.0,Sur,2025-05-20,False,False,False,Inmediato,False,256,184424.58000000002,6.269662921348314,True,True
PROD-2332,Smartphones,1087.0,517.0,154,10.0,BOD-EXT-99,2024-07-15,False,False,False,10,False,565,561979.0,7.058441558441558,True,True
PROD-2333,Laptops,1019.5,861.63,208,5.0,Sur,2024-03-16,True,True,False,,True,686,878431.785,4.9014423076923075,True,False
PROD-2334,Accesorios,1699.0,1294.01,270,5.0,Norte,2025-10-24,False,False,False,5,False,99,2198522.9899999998,6.292592592592593,True,True
PROD-2335,Laptops,632.0,1017.04,143,10.0,Norte,2025-12-24,False,False,False,10,False,38,642769.28,4.419580419580419,True,True
PROD-2336,Smartphones,1783.0,681.32,209,5.0,Norte,2025-05-14,False,False,False,,True,262,1214793.56,8.5311004784689,True,False
PROD-2337,Laptops,75.0,1432.02,295,27.5,Occidente,2025-09-04,False,False,False,25-30 días,False,149,107401.5,0.2542372881355932,False,True
PROD-2338,Laptops,226.0,1092.91,260,5.0,BOD-EXT-99,2024-05-09,False,False,False,5,False,632,246997.66000000003,0.8692307692307693,False,True
PROD-2339,Laptops,1949.0,1398.74,251,5.0,Norte,2024-03-13,False,False,False,,True,689,2726144.2600000002,7.764940239043825,True,False
PROD-2340,Smartphones,1177.0,815.0,263,10.0,Norte,2025-03-08,False,False,False,10,False,329,959255.0,4.475285171102661,True,True
PROD-2341,Laptops,645.0,425.41,227,0.0,Norte,2025-10-04,True,False,False,Inmediato,False,119,274389.45,2.841409691629956,True,False
PROD-2342,Smartphones,1259.0,126.6,204,5.0,Occidente,2024-06-27,False,False,False,5,False,583,159389.4,6.171568627450981,True,True
PROD-2343,Laptops,6.0,1102.82,109,5.0,ZONA_FRANCA,2025-06-27,False,False,False,5,False,218,6616.92,0.05504587155963303,False,True
PROD-2344,Smartphones,1058.0,225.89,199,0.0,BOD-EXT-99,2025-10-01,False,True,False,Inmediato,False,122,238991.62,5.316582914572864,True,False
PROD-2345,Smartphones,62.0,489.02,247,5.0,BOD-EXT-99,2025-06-02,False,False,False,5,False,243,30319.239999999998,0.25101214574898784,False,True
PROD-2346,Smartphones,491.0,822.08,208,10.0,Sur,2024-06-24,False,False,False,10,False,586,403641.28,2.360576923076923,True,True
PROD-2347,Smartphones,528.0,868.4,207,5.0,BOD-EXT-99,2024-09-01,False,False,False,5,False,517,458515.2,2.550724637681159,True,True
PROD-2348,Laptops,1038.0,920.85,239,10.0,BOD-EXT-99,2026-01-11,True,False,False,10,False,20,955842.3,4.343096234309623,True,False
PROD-2349,Monitores,961.0,291.07,289,0.0,Norte,2025-07-26,False,True,False,Inmediato,False,189,279718.27,3.3252595155709344,True,False
PROD-2350,Accesorios,987.0,600.62,245,3.0,BOD-EXT-99,2025-06-21,False,True,False,3,False,224,592811.9400000001,4.0285714285714285,True,False
PROD-2351,Laptops,1522.0,944.93,193,0.0,BOD-EXT-99,2024-05-27,True,False,False,Inmediato,False,614,1438183.46,7.8860103626943,True,False
PROD-2352,Smartphones,1998.0,1456.24,162,10.0,Occidente,2024-10-23,False,False,False,10,False,465,2909567.52,12.333333333333334,True,True
PROD-2353,Laptops,1522.0,1105.07,183,27.5,Occidente,2025-10-25,False,False,False,25-30 días,False,98,1681916.5399999998,8.316939890710383,True,True
PROD-2354,Tablets,90.0,1387.78,124,0.0,Norte,2025-02-03,False,False,False,Inmediato,False,362,124900.2,0.7258064516129032,False,True
PROD-2355,Accesorios,1717.0,1155.21,111,27.5,Norte,2025-11-10,False,False,False,25-30 días,False,82,1983495.57,15.468468468468469,True,True
PROD-2356,Accesorios,597.0,907.99,248,27.5,BOD-EXT-99,2024-03-10,False,False,False,25-30 días,False,692,542070.03,2.407258064516129,True,True
PROD-2357,Smartphones,150.0,328.43,124,10.0,BOD-EXT-99,2024-04-08,False,False,False,10,False,663,49264.5,1.2096774193548387,False,True
PROD-2358,Accesorios,206.0,1016.69,110,10.0,Sur,2025-12-07,False,False,False,10,False,55,209438.14,1.8727272727272728,False,True
PROD-2359,Smartphones,496.0,953.9,163,3.0,Norte,2026-01-10,False,False,False,3,False,21,473134.39999999997,3.042944785276074,True,True
PROD-2360,Laptops,751.0,923.58,225,5.0,Norte,2024-07-01,False,False,False,,True,579,693608.5800000001,3.3377777777777777,True,False
PROD-2361,Laptops,891.0,760.19,149,5.0,BOD-EXT-99,2025-07-31,False,False,False,5,False,184,677329.29,5.97986577181208,True,True
PROD-2362,Laptops,363.0,816.55,289,0.0,Norte,2024-08-28,False,False,False,Inmediato,False,521,296407.64999999997,1.2560553633217992,False,True
PROD-2363,Laptops,1964.0,534.94,188,10.0,BOD-EXT-99,2024-07-03,False,False,False,10,False,577,1050622.1600000001,10.446808510638299,True,True
PROD-2364,Laptops,1331.0,803.0,198,0.0,Norte,2025-05-13,True,False,False,Inmediato,False,263,1068793.0,6.722222222222222,True,False
PROD-2365,Laptops,1048.0,336.46,215,5.0,ZONA_FRANCA,2025-06-21,False,False,False,,True,224,352610.07999999996,4.874418604651162,True,False
PROD-2366,Smartphones,859.0,1217.5,195,5.0,Norte,2024-05-07,False,False,False,,True,634,1045832.5,4.4051282051282055,True,False
PROD-2367,Laptops,137.0,319.38,276,27.5,Norte,2025-12-25,False,False,False,25-30 días,False,37,43755.06,0.4963768115942029,False,True
PROD-2368,Laptops,1965.0,173.2,113,5.0,BOD-EXT-99,2025-10-01,False,False,False,5,False,122,340338.0,17.38938053097345,True,True
PROD-2369,Tablets,1263.0,682.56,100,3.0,Norte,2025-08-29,False,False,False,3,False,155,862073.2799999999,12.63,True,True
PROD-2370,Smartphones,1096.0,1004.55,124,0.0,Norte,2025-04-06,False,False,False,Inmediato,False,300,1100986.8,8.838709677419354,True,True
PROD-2371,Smartphones,307.0,684.69,286,5.0,Occidente,2025-11-26,False,False,False,5,False,66,210199.83000000002,1.0734265734265733,False,True
PROD-2372,Laptops,1501.0,451.29,171,3.0,Occidente,2024-04-27,True,False,False,3,False,644,677386.29,8.777777777777779,True,False
PROD-2373,Tablets,1039.0,859.35,168,0.0,Occidente,2025-01-03,False,False,False,Inmediato,False,393,892864.65,6.184523809523809,True,True
PROD-2374,Smartphones,1630.0,553.15,232,5.0,BOD-EXT-99,2024-04-20,False,False,False,5,False,651,901634.5,7.025862068965517,True,True
PROD-2375,Monitores,961.0,1402.66,204,10.0,Sur,2024-06-17,False,True,False,10,False,593,1347956.26,4.71078431372549,True,False
PROD-2376,Accesorios,111.0,1387.84,246,0.0,ZONA_FRANCA,2024-07-11,False,False,False,Inmediato,False,569,154050.24,0.45121951219512196,False,True
PROD-2377,Monitores,399.0,778.44,122,5.0,Norte,2024-04-11,False,False,False,5,False,660,310597.56,3.2704918032786887,True,True
PROD-2378,Laptops,1447.0,525.43,108,5.0,Sur,2024-12-23,False,False,False,,True,404,760297.21,13.398148148148149,True,False
PROD-2379,Tablets,986.0,1118.84,217,3.0,Occidente,2024-11-09,False,False,False,3,False,448,1103176.24,4.543778801843318,True,True
PROD-2380,Laptops,1900.0,103.23,193,5.0,Norte,2025-09-23,False,False,False,5,False,130,196137.0,9.844559585492227,True,True
PROD-2381,Accesorios,1263.0,738.42,277,10.0,Sur,2025-11-24,False,False,False,10,False,68,932624.46,4.55956678700361,True,True
PROD-2382,Smartphones,1188.0,537.67,243,0.0,Norte,2025-02-21,False,False,False,Inmediato,False,344,638751.96,4.888888888888889,True,True
PROD-2383,Accesorios,923.0,1384.78,132,0.0,Occidente,2025-03-18,False,False,False,Inmediato,False,319,1278151.94,6.992424242424242,True,True
PROD-2384,Laptops,581.0,67.4,229,0.0,Sur,2025-08-08,False,False,False,Inmediato,False,176,39159.4,2.537117903930131,True,True
PROD-2385,Accesorios,1540.0,851.58,113,10.0,BOD-EXT-99,2024-06-27,False,False,False,10,False,583,1311433.2,13.628318584070797,True,True
PROD-2386,Laptops,1000.0,1123.96,100,3.0,Norte,2024-08-21,False,False,False,3,False,528,1123960.0,10.0,True,True
PROD-2387,Accesorios,1538.0,753.28,189,0.0,Occidente,2025-08-25,False,False,False,Inmediato,False,159,1158544.64,8.137566137566138,True,True
PROD-2388,Smartphones,1643.0,173.83,285,3.0,ZONA_FRANCA,2024-06-29,False,False,False,3,False,581,285602.69,5.764912280701754,True,True
PROD-2389,Laptops,386.0,1460.07,188,5.0,Occidente,2024-05-17,False,False,False,5,False,624,563587.02,2.0531914893617023,True,True
PROD-2390,Tablets,1506.0,801.12,243,5.0,BOD-EXT-99,2024-08-17,False,False,False,,True,532,1206486.72,6.197530864197531,True,False
PROD-2391,Laptops,1026.0,940.57,189,5.0,ZONA_FRANCA,2025-09-19,False,False,False,,True,134,965024.8200000001,5.428571428571429,True,False
PROD-2392,Laptops,1254.0,393.08,274,3.0,ZONA_FRANCA,2025-10-13,True,False,False,3,False,110,492922.32,4.576642335766423,True,False
PROD-2393,Laptops,132.0,751.07,271,3.0,ZONA_FRANCA,2025-04-24,False,False,False,3,False,282,99141.24,0.4870848708487085,False,True
PROD-2394,Monitores,1419.0,672.27,113,5.0,Norte,2024-08-30,False,False,False,,True,519,953951.13,12.557522123893806,True,False
PROD-2395,Laptops,1429.0,158.6,251,0.0,Norte,2025-07-22,False,False,False,Inmediato,False,193,226639.4,5.693227091633466,True,True
PROD-2396,Smartphones,1539.0,203.93,210,27.5,ZONA_FRANCA,2025-12-16,False,False,False,25-30 días,False,46,313848.27,7.328571428571428,True,True
PROD-2397,Smartphones,1537.0,1264.34,282,27.5,Norte,2025-02-24,False,False,False,25-30 días,False,341,1943290.5799999998,5.450354609929078,True,True
PROD-2398,Accesorios,609.0,397.74,242,10.0,ZONA_FRANCA,2025-06-04,False,False,False,10,False,241,242223.66,2.5165289256198347,True,True
PROD-2399,Monitores,109.0,332.69,182,5.0,Sur,2024-08-28,False,False,False,,True,521,36263.21,0.5989010989010989,False,False
PROD-2400,Smartphones,1058.0,782.12,171,5.0,ZONA_FRANCA,2025-01-27,False,True,False,,True,369,827482.96,6.187134502923977,True,False
PROD-2401,Smartphones,961.0,1164.68,261,10.0,Norte,2025-09-23,False,False,False,10,False,130,1119257.48,3.681992337164751,True,True
PROD-2402,Laptops,2.0,139.82,229,27.5,Norte,2025-05-07,False,False,False,25-30 días,False,269,279.64,0.008733624454148471,False,True
PROD-2403,Laptops,995.0,886.37,126,5.0,Sur,2025-12-02,False,False,False,5,False,60,881938.15,7.896825396825397,True,True
PROD-2404,Tablets,1003.0,222.86,173,0.0,Sur,2025-08-21,False,False,False,Inmediato,False,163,223528.58000000002,5.797687861271676,True,True
PROD-2405,Laptops,1178.0,102.87,198,0.0,Occidente,2024-08-25,True,False,False,Inmediato,False,524,121180.86,5.94949494949495,True,False
PROD-2406,Tablets,1444.0,126.48,171,5.0,Norte,2025-05-05,False,False,False,5,False,271,182637.12,8.444444444444445,True,True
PROD-2407,Monitores,1439.0,1259.54,122,5.0,Norte,2025-09-21,False,False,False,5,False,132,1812478.06,11.795081967213115,True,True
PROD-2408,Smartphones,985.0,221.06,167,27.5,Norte,2025-06-02,False,False,False,25-30 días,False,243,217744.1,5.8982035928143715,True,True
PROD-2409,Tablets,1900.0,115.47,241,10.0,BOD-EXT-99,2024-11-24,False,False,False,10,False,433,219393.0,7.8838174273858925,True,True
PROD-2410,Accesorios,799.0,684.95,290,5.0,Norte,2025-12-25,False,False,False,5,False,37,547275.05,2.7551724137931033,True,True
PROD-2411,Tablets,303.0,1273.79,216,10.0,Norte,2024-07-13,False,False,False,10,False,567,385958.37,1.4027777777777777,False,True
PROD-2412,Monitores,1048.0,430.49,205,3.0,Occidente,2025-03-19,False,False,False,3,False,318,451153.52,5.11219512195122,True,True
PROD-2413,Laptops,1689.0,661.48,192,0.0,Occidente,2024-09-09,True,False,False,Inmediato,False,509,1117239.72,8.796875,True,False
PROD-2414,Tablets,1414.0,107.89,164,27.5,Norte,2025-01-21,False,False,False,25-30 días,False,375,152556.46,8.621951219512194,True,True
PROD-2415,Accesorios,940.0,701.16,167,0.0,Sur,2024-07-21,False,False,False,Inmediato,False,559,659090.4,5.62874251497006,True,True
PROD-2416,Laptops,1214.0,887.54,227,27.5,Occidente,2024-05-25,False,False,False,25-30 días,False,616,1077473.56,5.348017621145375,True,True
PROD-2417,Smartphones,1834.0,877.82,162,3.0,Sur,2024-10-15,False,False,False,3,False,473,1609921.8800000001,11.320987654320987,True,True
PROD-2418,Monitores,1759.0,532.02,212,0.0,Norte,2025-12-04,False,False,False,Inmediato,False,58,935823.1799999999,8.297169811320755,True,True
PROD-2419,Laptops,1061.0,507.52,189,3.0,BOD-EXT-99,2024-06-22,False,False,False,3,False,588,538478.72,5.613756613756614,True,True
PROD-2420,Laptops,767.0,204.6,180,27.5,Occidente,2024-09-20,False,False,False,25-30 días,False,498,156928.19999999998,4.261111111111111,True,True
PROD-2421,Laptops,1749.0,581.86,202,5.0,Sur,2025-06-28,False,False,False,5,False,217,1017673.14,8.658415841584159,True,True
PROD-2422,Smartphones,1910.0,194.27,291,0.0,Norte,2024-07-14,False,False,False,Inmediato,False,566,371055.7,6.563573883161512,True,True
PROD-2423,Smartphones,838.0,1161.56,259,3.0,Norte,2024-07-14,False,False,False,3,False,566,973387.2799999999,3.2355212355212357,True,True
PROD-2424,Laptops,1805.0,1451.1,215,5.0,ZONA_FRANCA,2025-09-25,True,False,False,,True,128,2619235.5,8.395348837209303,True,False
PROD-2425,Laptops,1019.5,1456.61,112,0.0,ZONA_FRANCA,2025-01-14,False,True,False,Inmediato,False,382,1485013.8949999998,9.102678571428571,True,False
PROD-2426,Smartphones,1130.0,1304.35,293,0.0,Norte,2025-01-09,False,False,False,Inmediato,False,387,1473915.5,3.856655290102389,True,True
PROD-2427,Smartphones,617.0,921.15,223,0.0,Norte,2025-11-08,False,False,False,Inmediato,False,84,568349.5499999999,2.766816143497758,True,True
PROD-2428,Laptops,582.0,1066.26,246,10.0,Norte,2024-09-09,False,False,False,10,False,509,620563.32,2.3658536585365852,True,True
PROD-2429,Smartphones,1592.0,463.55,251,3.0,Norte,2024-05-15,False,False,False,3,False,626,737971.6,6.342629482071713,True,True
PROD-2430,Laptops,86.0,964.62,187,3.0,Norte,2024-11-21,False,False,False,3,False,436,82957.32,0.45989304812834225,False,True
PROD-2431,Monitores,1896.0,710.69,110,0.0,ZONA_FRANCA,2025-04-14,False,False,False,Inmediato,False,292,1347468.24,17.236363636363638,True,True
PROD-2432,Laptops,1647.0,748.93,286,5.0,Sur,2025-12-14,False,False,False,5,False,48,1233487.71,5.758741258741258,True,True
PROD-2433,Accesorios,377.0,1148.78,114,0.0,Norte,2025-11-26,False,False,False,Inmediato,False,66,433090.06,3.307017543859649,True,True
PROD-2434,Accesorios,1425.0,458.78,109,10.0,Sur,2025-09-25,False,False,False,10,False,128,653761.5,13.073394495412844,True,True
PROD-2435,Tablets,768.0,511.16,140,27.5,Norte,2026-01-03,False,False,False,25-30 días,False,28,392570.88,5.485714285714286,True,True
PROD-2436,Laptops,1056.0,1390.73,254,10.0,Occidente,2025-02-23,False,False,False,10,False,342,1468610.8800000001,4.15748031496063,True,True
PROD-2437,Monitores,147.0,131.53,287,5.0,BOD-EXT-99,2024-08-05,False,False,False,5,False,544,19334.91,0.5121951219512195,False,True
PROD-2438,Laptops,1945.0,754.17,172,0.0,Occidente,2025-10-05,True,False,False,Inmediato,False,118,1466860.65,11.30813953488372,True,False
PROD-2439,Smartphones,420.0,1373.56,151,3.0,BOD-EXT-99,2024-03-11,False,False,False,3,False,691,576895.2,2.781456953642384,True,True
PROD-2440,Laptops,1898.0,935.03,227,5.0,Occidente,2024-04-09,False,False,False,,True,662,1774686.94,8.361233480176212,True,False
PROD-2441,Tablets,878.0,842.29,127,0.0,Norte,2025-09-21,False,False,False,Inmediato,False,132,739530.62,6.913385826771654,True,True
PROD-2442,Accesorios,1960.0,412.13,164,5.0,Sur,2025-03-11,False,False,False,5,False,326,807774.8,11.951219512195122,True,True
PROD-2443,Smartphones,855.0,547.75,116,3.0,BOD-EXT-99,2025-07-31,False,False,False,3,False,184,468326.25,7.370689655172414,True,True
PROD-2444,Smartphones,1058.0,1285.47,194,10.0,ZONA_FRANCA,2024-09-13,False,True,False,10,False,505,1360027.26,5.453608247422681,True,False
PROD-2445,Laptops,184.0,860.87,271,27.5,Norte,2024-04-26,False,False,False,25-30 días,False,645,158400.08,0.6789667896678967,False,True
PROD-2446,Laptops,1074.0,796.38,237,27.5,BOD-EXT-99,2024-03-14,True,False,False,25-30 días,False,688,855312.12,4.531645569620253,True,False
PROD-2447,Laptops,878.0,194.39,162,0.0,BOD-EXT-99,2024-08-16,True,False,False,Inmediato,False,533,170674.41999999998,5.419753086419753,True,False
PROD-2448,Laptops,472.0,73.24,274,10.0,ZONA_FRANCA,2025-06-05,False,False,False,10,False,240,34569.28,1.7226277372262773,False,True
PROD-2449,Accesorios,1758.0,1447.34,137,5.0,Norte,2024-06-22,False,False,False,,True,588,2544423.7199999997,12.832116788321168,True,False
PROD-2450,Laptops,1019.5,596.63,169,5.0,Occidente,2024-09-03,True,True,False,,True,515,608264.285,6.0325443786982245,True,False
PROD-2451,Monitores,380.0,924.66,203,5.0,Occidente,2025-08-20,False,False,False,5,False,164,351370.8,1.8719211822660098,False,True
PROD-2452,Laptops,742.0,165.59,152,27.5,Sur,2024-05-02,True,False,False,25-30 días,False,639,122867.78,4.881578947368421,True,False
PROD-2453,Smartphones,1579.0,1040.52,271,10.0,Norte,2024-07-24,False,False,False,10,False,556,1642981.08,5.826568265682657,True,True
PROD-2454,Laptops,1686.0,1402.22,218,0.0,ZONA_FRANCA,2025-06-28,False,False,False,Inmediato,False,217,2364142.92,7.73394495412844,True,True
PROD-2455,Monitores,482.0,884.71,173,3.0,Norte,2024-04-24,False,False,False,3,False,647,426430.22000000003,2.786127167630058,True,True
PROD-2456,Laptops,1696.0,232.87,153,0.0,Norte,2024-03-23,False,False,False,Inmediato,False,679,394947.52,11.084967320261438,True,True
PROD-2457,Accesorios,1625.0,893.5,119,0.0,Occidente,2024-06-06,False,False,False,Inmediato,False,604,1451937.5,13.655462184873949,True,True
PROD-2458,Laptops,1266.0,1161.2,178,10.0,ZONA_FRANCA,2026-01-27,False,False,False,10,False,4,1470079.2,7.112359550561798,True,True
PROD-2459,Smartphones,862.0,639.3,130,27.5,Norte,2024-04-04,False,False,False,25-30 días,False,667,551076.6,6.630769230769231,True,True
PROD-2460,Monitores,1074.0,1325.76,234,10.0,BOD-EXT-99,2025-11-12,False,False,False,10,False,80,1423866.24,4.589743589743589,True,True
PROD-2461,Monitores,1475.0,990.59,157,3.0,Occidente,2025-05-30,False,False,False,3,False,246,1461120.25,9.394904458598726,True,True
PROD-2462,Monitores,1277.0,1353.91,204,10.0,ZONA_FRANCA,2024-09-26,False,False,False,10,False,492,1728943.07,6.259803921568627,True,True
PROD-2463,Smartphones,973.0,954.08,109,5.0,Sur,2024-04-23,False,False,False,5,False,648,928319.8400000001,8.926605504587156,True,True
PROD-2464,Smartphones,1526.0,240.37,109,0.0,BOD-EXT-99,2025-01-11,False,False,False,Inmediato,False,385,366804.62,14.0,True,True
PROD-2465,Laptops,1328.0,499.05,138,27.5,BOD-EXT-99,2024-07-06,False,False,False,25-30 días,False,574,662738.4,9.623188405797102,True,True
PROD-2466,Tablets,1469.0,342.6,255,5.0,Occidente,2025-03-31,False,False,False,,True,306,503279.4,5.76078431372549,True,False
PROD-2467,Laptops,1631.0,1367.8,257,3.0,Sur,2024-05-14,False,False,False,3,False,627,2230881.8,6.346303501945525,True,True
PROD-2468,Accesorios,1947.0,1152.58,136,5.0,Occidente,2024-05-17,False,False,False,,True,624,2244073.26,14.316176470588236,True,False
PROD-2469,Laptops,176.0,1030.78,218,0.0,Norte,2024-08-07,False,False,False,Inmediato,False,542,181417.28,0.8073394495412844,False,True
PROD-2470,Monitores,1209.0,486.4,166,10.0,ZONA_FRANCA,2026-01-25,False,False,False,10,False,6,588057.6,7.283132530120482,True,True
PROD-2471,Tablets,822.0,316.86,142,5.0,Sur,2024-09-04,False,False,False,,True,514,260458.92,5.788732394366197,True,False
PROD-2472,Laptops,841.0,1146.85,151,5.0,BOD-EXT-99,2024-07-13,False,False,False,5,False,567,964500.85,5.569536423841059,True,True
PROD-2473,Tablets,1428.0,737.53,200,10.0,Occidente,2025-11-20,False,False,False,10,False,72,1053192.8399999999,7.14,True,True
PROD-2474,Laptops,986.0,377.39,155,0.0,BOD-EXT-99,2026-01-22,True,False,False,Inmediato,False,9,372106.54,6.361290322580645,True,False
PROD-2475,Laptops,1019.5,944.1,175,5.0,Sur,2024-07-08,True,True,False,,True,572,962509.9500000001,5.825714285714286,True,False
PROD-2476,Smartphones,346.0,108.48,167,3.0,BOD-EXT-99,2024-07-19,False,False,False,3,False,561,37534.08,2.07185628742515,True,True
PROD-2477,Laptops,1073.0,522.95,236,5.0,Occidente,2025-10-02,True,False,False,,True,121,561125.3500000001,4.546610169491525,True,False
PROD-2478,Laptops,598.0,729.41,205,5.0,Occidente,2024-03-16,False,False,False,,True,686,436187.18,2.9170731707317072,True,False
PROD-2479,Laptops,278.0,264.54,224,27.5,Norte,2024-09-06,True,False,False,25-30 días,False,512,73542.12000000001,1.2410714285714286,False,False
PROD-2480,Smartphones,1432.0,1477.75,191,5.0,BOD-EXT-99,2024-11-17,False,False,False,,True,440,2116138.0,7.49738219895288,True,False
PROD-2481,Monitores,901.0,353.19,122,0.0,Norte,2025-12-25,False,False,False,Inmediato,False,37,318224.19,7.385245901639344,True,True
PROD-2482,Laptops,1955.0,239.01,290,3.0,Norte,2024-06-20,False,False,False,3,False,590,467264.55,6.741379310344827,True,True
PROD-2483,Laptops,1966.0,345.13,208,0.0,BOD-EXT-99,2025-02-21,False,False,False,Inmediato,False,344,678525.58,9.451923076923077,True,True
PROD-2484,Smartphones,1828.0,1165.14,160,5.0,Sur,2025-02-28,False,False,False,5,False,337,2129875.9200000004,11.425,True,True
PROD-2485,Smartphones,1146.0,666.98,267,10.0,Norte,2025-08-01,False,False,False,10,False,183,764359.0800000001,4.292134831460674,True,True
PROD-2486,Smartphones,1722.0,869.85,143,5.0,Occidente,2025-11-26,False,False,False,,True,66,1497881.7,12.041958041958042,True,False
PROD-2487,Laptops,111.0,80.46,251,27.5,ZONA_FRANCA,2026-01-15,False,False,False,25-30 días,False,16,8931.06,0.44223107569721115,False,True
PROD-2488,Laptops,1701.0,99.93,278,3.0,Norte,2025-01-14,False,False,False,3,False,382,169980.93000000002,6.118705035971223,True,True
PROD-2489,Laptops,725.0,696.45,285,27.5,Sur,2025-01-29,False,False,False,25-30 días,False,367,504926.25000000006,2.543859649122807,True,True
PROD-2490,Laptops,1777.0,1234.15,260,27.5,BOD-EXT-99,2025-03-22,False,False,False,25-30 días,False,315,2193084.5500000003,6.834615384615384,True,True
PROD-2491,Smartphones,1001.0,1333.6,115,27.5,Sur,2024-09-22,False,False,False,25-30 días,False,496,1334933.5999999999,8.704347826086957,True,True
PROD-2492,Smartphones,889.0,175.72,121,5.0,Sur,2025-02-21,False,False,False,,True,344,156215.08,7.347107438016529,True,False
PROD-2493,Tablets,489.0,830.63,156,3.0,BOD-EXT-99,2024-07-28,False,False,False,3,False,552,406178.07,3.1346153846153846,True,True
PROD-2494,Laptops,771.0,1374.18,161,3.0,ZONA_FRANCA,2024-10-16,False,False,False,3,False,472,1059492.78,4.788819875776397,True,True
PROD-2495,Monitores,1411.0,612.56,206,27.5,BOD-EXT-99,2025-10-09,False,False,False,25-30 días,False,114,864322.1599999999,6.849514563106796,True,True
PROD-2496,Laptops,1038.0,1252.87,170,10.0,ZONA_FRANCA,2025-10-24,True,False,False,10,False,99,1300479.0599999998,6.105882352941176,True,False
PROD-2497,Laptops,305.0,243.86,189,5.0,BOD-EXT-99,2024-11-20,True,False,False,,True,437,74377.3,1.6137566137566137,False,False
PROD-2498,Smartphones,184.0,1406.32,171,5.0,Norte,2025-02-21,False,False,False,,True,344,258762.87999999998,1.0760233918128654,False,False
PROD-2499,Smartphones,1498.0,1139.56,169,0.0,ZONA_FRANCA,2025-02-17,False,False,False,Inmediato,False,348,1707060.88,8.863905325443787,True,True
PROD-2500,Smartphones,1058.0,1414.93,129,5.0,Norte,2025-09-15,False,True,False,,True,138,1496995.9400000002,8.2015503875969,True,False
PROD-2501,Laptops,67.0,1031.09,202,27.5,ZONA_FRANCA,2025-03-14,False,False,False,25-30 días,False,323,69083.03,0.3316831683168317,False,True
PROD-2502,Laptops,1623.0,576.94,250,5.0,ZONA_FRANCA,2025-04-05,False,False,False,5,False,301,936373.6200000001,6.492,True,True
PROD-2503,Smartphones,1017.0,1410.36,131,27.5,BOD-EXT-99,2025-04-13,False,False,False,25-30 días,False,293,1434336.1199999999,7.763358778625954,True,True
PROD-2504,Smartphones,507.0,449.57,185,3.0,ZONA_FRANCA,2024-08-21,False,False,False,3,False,528,227931.99,2.7405405405405405,True,True
PROD-2505,Smartphones,1765.0,531.65,156,5.0,Norte,2025-04-15,False,False,False,,True,291,938362.25,11.314102564102564,True,False
PROD-2506,Laptops,1955.0,1066.17,208,5.0,BOD-EXT-99,2025-11-19,True,False,False,,True,73,2084362.35,9.399038461538462,True,False
PROD-2507,Tablets,347.0,1159.71,108,0.0,Occidente,2024-10-05,False,False,False,Inmediato,False,483,402419.37,3.212962962962963,True,True
PROD-2508,Laptops,624.0,1397.64,130,5.0,Norte,2026-01-16,True,False,False,5,False,15,872127.3600000001,4.8,True,False
PROD-2509,Accesorios,336.0,346.96,170,5.0,Occidente,2024-08-24,False,False,False,,True,525,116578.56,1.9764705882352942,False,False
PROD-2510,Smartphones,833.0,1207.1,236,0.0,Sur,2025-03-02,False,False,False,Inmediato,False,335,1005514.2999999999,3.5296610169491527,True,True
PROD-2511,Smartphones,490.0,1120.89,112,0.0,BOD-EXT-99,2024-09-03,False,False,False,Inmediato,False,515,549236.1000000001,4.375,True,True
PROD-2512,Monitores,120.0,142.5,285,5.0,Sur,2025-09-27,False,False,False,5,False,126,17100.0,0.42105263157894735,False,True
PROD-2513,Laptops,689.0,611.47,230,27.5,BOD-EXT-99,2024-09-01,False,False,False,25-30 días,False,517,421302.83,2.9956521739130433,True,True
PROD-2514,Accesorios,1351.0,460.01,134,27.5,BOD-EXT-99,2025-09-25,False,False,False,25-30 días,False,128,621473.51,10.082089552238806,True,True
PROD-2515,Laptops,68.0,491.51,120,27.5,Norte,2024-09-08,False,False,False,25-30 días,False,510,33422.68,0.5666666666666667,False,True
PROD-2516,Smartphones,1945.0,1475.27,163,10.0,Occidente,2024-12-05,False,False,False,10,False,422,2869400.15,11.932515337423313,True,True
PROD-2517,Smartphones,1655.0,982.03,194,27.5,BOD-EXT-99,2025-01-12,False,False,False,25-30 días,False,384,1625259.65,8.530927835051546,True,True
PROD-2518,Accesorios,1672.0,1090.63,279,5.0,Occidente,2025-06-14,False,False,False,5,False,231,1823533.36,5.992831541218638,True,True
PROD-2519,Monitores,1647.0,1466.1,133,10.0,BOD-EXT-99,2025-07-21,False,False,False,10,False,194,2414666.6999999997,12.38345864661654,True,True
PROD-2520,Laptops,1394.0,596.94,220,27.5,Occidente,2025-11-28,False,False,False,25-30 días,False,64,832134.3600000001,6.336363636363636,True,True
PROD-2521,Laptops,1709.0,1212.67,262,10.0,Sur,2024-05-27,False,False,False,10,False,614,2072453.03,6.522900763358779,True,True
PROD-2522,Laptops,1474.0,680.07,114,5.0,Norte,2025-04-30,False,False,False,5,False,276,1002423.18,12.929824561403509,True,True
PROD-2523,Monitores,614.0,1310.82,219,27.5,BOD-EXT-99,2024-04-02,False,False,False,25-30 días,False,669,804843.48,2.8036529680365296,True,True
PROD-2524,Monitores,961.0,311.95,195,3.0,Norte,2025-06-22,False,True,False,3,False,223,299783.95,4.9282051282051285,True,False
PROD-2525,Smartphones,1058.0,1424.14,105,5.0,Occidente,2025-04-29,False,True,False,,True,277,1506740.12,10.076190476190476,True,False
PROD-2526,Smartphones,1501.0,367.22,208,5.0,Occidente,2024-03-09,False,False,False,5,False,693,551197.2200000001,7.216346153846154,True,True
PROD-2527,Laptops,669.0,523.02,196,0.0,Norte,2025-01-31,False,False,False,Inmediato,False,365,349900.38,3.413265306122449,True,True
PROD-2528,Laptops,433.0,1146.48,131,0.0,Norte,2024-09-03,False,False,False,Inmediato,False,515,496425.84,3.3053435114503817,True,True
PROD-2529,Accesorios,922.0,620.94,279,5.0,Occidente,2025-07-01,False,False,False,5,False,214,572506.68,3.304659498207885,True,True
PROD-2530,Laptops,256.0,931.91,182,0.0,Norte,2024-11-19,False,False,False,Inmediato,False,438,238568.96,1.4065934065934067,False,True
PROD-2531,Tablets,406.0,694.63,255,5.0,Occidente,2024-11-30,False,False,False,5,False,427,282019.77999999997,1.592156862745098,False,True
PROD-2532,Tablets,280.0,1126.44,217,3.0,ZONA_FRANCA,2025-01-01,False,False,False,3,False,395,315403.2,1.2903225806451613,False,True
PROD-2533,Monitores,174.0,381.08,291,5.0,Occidente,2025-07-07,False,False,False,5,False,208,66307.92,0.5979381443298969,False,True
PROD-2534,Smartphones,1429.0,134.76,178,27.5,ZONA_FRANCA,2024-09-18,False,False,False,25-30 días,False,500,192572.03999999998,8.02808988764045,True,True
PROD-2535,Tablets,1032.0,484.9,177,27.5,BOD-EXT-99,2024-10-26,False,False,False,25-30 días,False,462,500416.8,5.830508474576271,True,True
PROD-2536,Laptops,593.0,737.75,246,10.0,Norte,2024-06-25,False,False,False,10,False,585,437485.75,2.410569105691057,True,True
PROD-2537,Laptops,565.0,293.63,206,0.0,Occidente,2025-06-19,False,False,False,Inmediato,False,226,165900.95,2.7427184466019416,True,True
PROD-2538,Laptops,144.0,564.46,225,5.0,Sur,2025-01-22,False,False,False,,True,374,81282.24,0.64,False,False
PROD-2539,Monitores,438.0,629.98,114,0.0,Sur,2024-09-19,False,False,False,Inmediato,False,499,275931.24,3.8421052631578947,True,True
PROD-2540,Smartphones,1199.0,133.22,233,5.0,Norte,2025-10-31,False,False,False,5,False,92,159730.78,5.145922746781116,True,True
PROD-2541,Smartphones,1052.0,895.8,172,5.0,Sur,2024-10-29,False,False,False,,True,459,942381.6,6.116279069767442,True,False
PROD-2542,Accesorios,1097.0,1332.3,200,5.0,ZONA_FRANCA,2024-07-04,False,False,False,,True,576,1461533.0999999999,5.485,True,False
PROD-2543,Monitores,1191.0,270.03,197,0.0,Sur,2025-03-17,False,False,False,Inmediato,False,320,321605.73,6.0456852791878175,True,True
PROD-2544,Laptops,465.0,916.82,265,5.0,Sur,2026-01-22,True,False,False,,True,9,426321.30000000005,1.7547169811320755,False,False
PROD-2545,Accesorios,1575.0,1013.87,125,5.0,Sur,2025-04-04,False,False,False,,True,302,1596845.25,12.6,True,False
PROD-2546,Laptops,1077.0,658.04,191,27.5,Occidente,2025-03-16,True,False,False,25-30 días,False,321,708709.08,5.638743455497382,True,False
PROD-2547,Smartphones,342.0,1066.59,224,3.0,Norte,2024-11-02,False,False,False,3,False,455,364773.77999999997,1.5267857142857142,False,True
PROD-2548,Monitores,580.0,645.56,278,5.0,Norte,2025-04-29,False,False,False,5,False,277,374424.8,2.0863309352517985,True,True
PROD-2549,Laptops,1797.0,781.72,172,0.0,Norte,2024-06-13,True,False,False,Inmediato,False,597,1404750.84,10.44767441860465,True,False
PROD-2550,Monitores,961.0,60.66,222,27.5,ZONA_FRANCA,2024-08-12,False,True,False,25-30 días,False,537,58294.259999999995,4.328828828828829,True,False
PROD-2551,Monitores,929.0,1052.99,152,10.0,Occidente,2025-01-04,False,False,False,10,False,392,978227.71,6.1118421052631575,True,True
PROD-2552,Smartphones,383.0,1008.95,283,5.0,BOD-EXT-99,2025-10-29,False,False,False,,True,94,386427.85000000003,1.353356890459364,False,False
PROD-2553,Accesorios,227.0,105.68,286,5.0,Occidente,2025-10-17,False,False,False,,True,106,23989.36,0.7937062937062938,False,False
PROD-2554,Accesorios,182.0,583.96,297,0.0,Sur,2025-01-07,False,False,False,Inmediato,False,389,106280.72,0.6127946127946128,False,True
PROD-2555,Monitores,1502.0,1469.6,177,3.0,Sur,2024-08-24,False,False,False,3,False,525,2207339.1999999997,8.485875706214689,True,True
PROD-2556,Tablets,1544.0,660.07,191,3.0,ZONA_FRANCA,2024-03-30,False,False,False,3,False,672,1019148.0800000001,8.083769633507853,True,True
PROD-2557,Smartphones,1063.0,777.82,285,0.0,BOD-EXT-99,2025-11-22,False,False,False,Inmediato,False,70,826822.66,3.729824561403509,True,True
PROD-2558,Smartphones,1058.0,1369.4,187,0.0,Occidente,2024-04-08,False,True,False,Inmediato,False,663,1448825.2000000002,5.657754010695188,True,False
PROD-2559,Smartphones,1367.0,1090.03,112,27.5,BOD-EXT-99,2024-06-24,False,False,False,25-30 días,False,586,1490071.01,12.205357142857142,True,True
PROD-2560,Smartphones,410.0,894.0,142,0.0,Norte,2025-01-21,False,False,False,Inmediato,False,375,366540.0,2.887323943661972,True,True
PROD-2561,Accesorios,1041.0,1206.82,175,10.0,Norte,2025-01-29,False,False,False,10,False,367,1256299.6199999999,5.948571428571428,True,True
PROD-2562,Accesorios,956.0,1303.33,150,27.5,Occidente,2025-12-12,False,False,False,25-30 días,False,50,1245983.48,6.373333333333333,True,True
PROD-2563,Tablets,1944.0,712.49,118,5.0,BOD-EXT-99,2025-09-11,False,False,False,,True,142,1385080.56,16.47457627118644,True,False
PROD-2564,Smartphones,440.0,738.91,248,5.0,Norte,2024-12-09,False,False,False,,True,418,325120.39999999997,1.7741935483870968,False,False
PROD-2565,Smartphones,1022.0,609.77,221,5.0,Norte,2024-08-02,False,False,False,,True,547,623184.94,4.624434389140271,True,False
PROD-2566,Monitores,165.0,1451.72,123,5.0,Norte,2024-09-19,False,False,False,,True,499,239533.80000000002,1.3414634146341464,False,False
PROD-2567,Accesorios,1673.0,1060.89,125,5.0,Norte,2025-08-18,False,False,False,5,False,166,1774868.9700000002,13.384,True,True
PROD-2568,Smartphones,1542.0,170.67,272,10.0,ZONA_FRANCA,2025-05-17,False,False,False,10,False,259,263173.13999999996,5.669117647058823,True,True
PROD-2569,Laptops,108.0,1301.29,255,27.5,Norte,2025-07-24,False,False,False,25-30 días,False,191,140539.32,0.4235294117647059,False,True
PROD-2570,Tablets,635.0,746.81,219,27.5,BOD-EXT-99,2025-07-14,False,False,False,25-30 días,False,201,474224.35,2.8995433789954337,True,True
PROD-2571,Laptops,1726.0,149.69,181,5.0,ZONA_FRANCA,2025-07-31,True,False,False,,True,184,258364.94,9.535911602209945,True,False
PROD-2572,Laptops,1793.0,847.09,199,3.0,Norte,2025-08-27,False,False,False,3,False,157,1518832.37,9.010050251256281,True,True
PROD-2573,Laptops,1539.0,654.89,256,27.5,Sur,2024-05-20,False,False,False,25-30 días,False,621,1007875.71,6.01171875,True,True
PROD-2574,Laptops,1646.0,1322.74,116,10.0,Norte,2025-10-25,True,False,False,10,False,98,2177230.04,14.189655172413794,True,False
PROD-2575,Smartphones,1058.0,345.79,167,0.0,ZONA_FRANCA,2025-06-05,False,True,False,Inmediato,False,240,365845.82,6.335329341317365,True,False
PROD-2576,Smartphones,1896.0,1248.37,143,10.0,Norte,2024-09-28,False,False,False,10,False,490,2366909.52,13.258741258741258,True,True
PROD-2577,Tablets,1095.0,858.65,160,5.0,Norte,2025-07-14,False,False,False,,True,201,940221.75,6.84375,True,False
PROD-2578,Laptops,1531.0,129.18,222,5.0,Norte,2024-05-08,False,False,False,,True,633,197774.58000000002,6.896396396396397,True,False
PROD-2579,Smartphones,1882.0,1459.18,192,5.0,ZONA_FRANCA,2024-09-10,False,False,False,5,False,508,2746176.7600000002,9.802083333333334,True,True
PROD-2580,Accesorios,1707.0,793.29,295,27.5,Norte,2024-05-13,False,False,False,25-30 días,False,628,1354146.03,5.786440677966102,True,True
PROD-2581,Tablets,939.0,471.77,173,27.5,Norte,2025-10-28,False,False,False,25-30 días,False,95,442992.02999999997,5.427745664739884,True,True
PROD-2582,Monitores,1491.0,730.64,252,27.5,BOD-EXT-99,2024-09-29,False,False,False,25-30 días,False,489,1089384.24,5.916666666666667,True,True
PROD-2583,Laptops,1066.0,1293.89,166,5.0,Norte,2024-07-02,True,False,False,,True,578,1379286.74,6.421686746987952,True,False
PROD-2584,Laptops,442.0,492.11,210,27.5,ZONA_FRANCA,2025-06-28,False,False,False,25-30 días,False,217,217512.62,2.104761904761905,True,True
PROD-2585,Tablets,569.0,329.38,101,3.0,Sur,2024-08-23,False,False,False,3,False,526,187417.22,5.633663366336633,True,True
PROD-2586,Laptops,1496.0,237.15,188,3.0,Norte,2025-05-04,False,False,False,3,False,272,354776.4,7.957446808510638,True,True
PROD-2587,Laptops,812.0,481.9,276,0.0,BOD-EXT-99,2025-06-27,False,False,False,Inmediato,False,218,391302.8,2.9420289855072466,True,True
PROD-2588,Smartphones,1641.0,1181.07,297,27.5,Occidente,2024-04-13,False,False,False,25-30 días,False,658,1938135.8699999999,5.525252525252525,True,True
PROD-2589,Laptops,1555.0,733.86,125,5.0,BOD-EXT-99,2025-03-06,True,False,False,5,False,331,1141152.3,12.44,True,False
PROD-2590,Accesorios,529.0,379.85,299,0.0,Norte,2024-11-05,False,False,False,Inmediato,False,452,200940.65000000002,1.7692307692307692,False,True
PROD-2591,Smartphones,1840.0,290.97,198,5.0,Occidente,2025-09-02,False,False,False,,True,151,535384.8,9.292929292929292,True,False
PROD-2592,Accesorios,1225.0,532.46,126,27.5,ZONA_FRANCA,2025-02-19,False,False,False,25-30 días,False,346,652263.5,9.722222222222221,True,True
PROD-2593,Accesorios,1805.0,1412.89,188,3.0,BOD-EXT-99,2024-12-14,False,False,False,3,False,413,2550266.45,9.601063829787234,True,True
PROD-2594,Accesorios,1305.0,547.39,245,5.0,Sur,2024-08-23,False,False,False,5,False,526,714343.95,5.326530612244898,True,True
PROD-2595,Laptops,1112.0,1482.78,281,0.0,Occidente,2024-11-27,True,False,False,Inmediato,False,430,1648851.3599999999,3.9572953736654806,True,False
PROD-2596,Accesorios,306.0,753.58,100,5.0,Occidente,2025-01-18,False,False,False,5,False,378,230595.48,3.06,True,True
PROD-2597,Monitores,1574.0,309.79,288,27.5,BOD-EXT-99,2024-11-30,False,False,False,25-30 días,False,427,487609.46,5.465277777777778,True,True
PROD-2598,Laptops,1956.0,1342.15,202,10.0,Norte,2025-11-09,True,False,False,10,False,83,2625245.4000000004,9.683168316831683,True,False
PROD-2599,Monitores,819.0,717.52,230,5.0,Occidente,2025-07-24,False,False,False,5,False,191,587648.88,3.5608695652173914,True,True
PROD-2600,Laptops,1019.5,1079.02,295,5.0,ZONA_FRANCA,2025-12-22,True,True,False,5,False,40,1100060.89,3.4559322033898305,True,False
PROD-2601,Smartphones,835.0,1476.38,140,5.0,BOD-EXT-99,2025-03-29,False,False,False,,True,308,1232777.3,5.964285714285714,True,False
PROD-2602,Tablets,1951.0,122.75,264,3.0,ZONA_FRANCA,2025-01-19,False,False,False,3,False,377,239485.25,7.390151515151516,True,True
PROD-2603,Laptops,1363.0,190.21,150,27.5,BOD-EXT-99,2025-09-18,False,False,False,25-30 días,False,135,259256.23,9.086666666666666,True,True
PROD-2604,Accesorios,1233.0,1094.66,114,5.0,ZONA_FRANCA,2025-10-18,False,False,False,5,False,105,1349715.78,10.81578947368421,True,True
PROD-2605,Smartphones,569.0,458.65,107,27.5,Norte,2024-08-31,False,False,False,25-30 días,False,518,260971.84999999998,5.317757009345795,True,True
PROD-2606,Tablets,832.0,317.24,137,3.0,BOD-EXT-99,2024-08-08,False,False,False,3,False,541,263943.68,6.072992700729927,True,True
PROD-2607,Laptops,746.0,107.07,213,5.0,Sur,2025-09-28,False,False,False,,True,125,79874.22,3.5023474178403755,True,False
PROD-2608,Laptops,1246.0,81.68,182,27.5,Norte,2025-02-09,False,False,False,25-30 días,False,356,101773.28000000001,6.846153846153846,True,True
PROD-2609,Smartphones,568.0,1173.0,155,3.0,ZONA_FRANCA,2024-12-28,False,False,False,3,False,399,666264.0,3.664516129032258,True,True
PROD-2610,Monitores,1784.0,244.93,274,3.0,BOD-EXT-99,2025-11-14,False,False,False,3,False,78,436955.12,6.510948905109489,True,True
PROD-2611,Laptops,194.0,728.19,202,0.0,Norte,2025-01-08,False,False,False,Inmediato,False,388,141268.86000000002,0.9603960396039604,False,True
PROD-2612,Laptops,879.0,928.55,237,5.0,ZONA_FRANCA,2024-07-02,True,False,False,,True,578,816195.45,3.7088607594936707,True,False
PROD-2613,Laptops,1220.0,671.11,201,5.0,Norte,2024-08-15,False,False,False,,True,534,818754.2000000001,6.069651741293533,True,False
PROD-2614,Laptops,469.0,89.3,177,27.5,Norte,2025-11-19,False,False,False,25-30 días,False,73,41881.7,2.6497175141242937,True,True
PROD-2615,Smartphones,1058.0,1186.08,276,10.0,Occidente,2026-01-27,False,True,False,10,False,4,1254872.64,3.8333333333333335,True,False
PROD-2616,Smartphones,1969.0,65.24,268,0.0,Sur,2024-10-26,False,False,False,Inmediato,False,462,128457.55999999998,7.347014925373134,True,True
PROD-2617,Laptops,444.0,1154.74,182,5.0,Norte,2025-11-11,False,False,False,,True,81,512704.56,2.4395604395604398,True,False
PROD-2618,Laptops,1579.0,1345.29,129,3.0,ZONA_FRANCA,2024-08-13,False,False,False,3,False,536,2124212.91,12.24031007751938,True,True
PROD-2619,Monitores,1012.0,677.62,104,5.0,Norte,2024-12-23,False,False,False,,True,404,685751.4400000001,9.73076923076923,True,False
PROD-2620,Monitores,136.0,826.54,218,10.0,BOD-EXT-99,2024-09-05,False,False,False,10,False,513,112409.44,0.6238532110091743,False,True
PROD-2621,Tablets,1827.0,741.63,298,5.0,Norte,2025-04-29,False,False,False,5,False,277,1354958.01,6.130872483221476,True,True
PROD-2622,Laptops,35.0,614.35,130,5.0,Occidente,2025-06-22,False,False,False,5,False,223,21502.25,0.2692307692307692,False,True
PROD-2623,Accesorios,86.0,1336.77,279,5.0,Norte,2024-06-27,False,False,False,,True,583,114962.22,0.30824372759856633,False,False
PROD-2624,Laptops,1586.0,1346.2,122,5.0,Norte,2025-11-25,False,False,False,,True,67,2135073.2,13.0,True,False
PROD-2625,Smartphones,1058.0,536.93,147,0.0,Norte,2025-03-18,False,True,False,Inmediato,False,319,568071.94,7.197278911564626,True,False
PROD-2626,Laptops,1701.0,941.85,208,5.0,Norte,2024-06-05,False,False,False,,True,605,1602086.85,8.177884615384615,True,False
PROD-2627,Laptops,1737.0,1394.02,139,10.0,Norte,2026-01-13,False,False,False,10,False,18,2421412.7399999998,12.496402877697841,True,True
PROD-2628,Smartphones,821.0,1444.98,105,5.0,Sur,2024-05-02,False,False,False,,True,639,1186328.58,7.819047619047619,True,False
PROD-2629,Laptops,893.0,787.99,137,27.5,Occidente,2025-02-23,False,False,False,25-30 días,False,342,703675.0700000001,6.518248175182482,True,True
PROD-2630,Smartphones,1576.0,706.6,268,10.0,ZONA_FRANCA,2024-06-17,False,False,False,10,False,593,1113601.6,5.880597014925373,True,True
PROD-2631,Smartphones,298.0,454.11,199,0.0,Norte,2025-02-23,False,False,False,Inmediato,False,342,135324.78,1.4974874371859297,False,True
PROD-2632,Laptops,1626.0,1440.36,126,27.5,BOD-EXT-99,2025-10-27,True,False,False,25-30 días,False,96,2342025.36,12.904761904761905,True,False
PROD-2633,Smartphones,1146.0,257.08,168,27.5,Occidente,2025-12-11,False,False,False,25-30 días,False,51,294613.68,6.821428571428571,True,True
PROD-2634,Monitores,961.0,890.75,156,5.0,ZONA_FRANCA,2025-08-10,False,True,False,5,False,174,856010.75,6.160256410256411,True,False
PROD-2635,Smartphones,1411.0,459.7,116,10.0,BOD-EXT-99,2025-02-28,False,False,False,10,False,337,648636.7,12.163793103448276,True,True
PROD-2636,Laptops,616.0,454.56,170,27.5,Norte,2024-03-09,False,False,False,25-30 días,False,693,280008.96,3.623529411764706,True,True
PROD-2637,Monitores,1472.0,637.2,146,0.0,Occidente,2025-02-13,False,False,False,Inmediato,False,352,937958.4,10.082191780821917,True,True
PROD-2638,Laptops,550.0,1498.25,178,5.0,BOD-EXT-99,2025-01-06,False,False,False,5,False,390,824037.5,3.0898876404494384,True,True
PROD-2639,Tablets,276.0,129.7,209,27.5,Occidente,2025-10-09,False,False,False,25-30 días,False,114,35797.2,1.3205741626794258,False,True
PROD-2640,Accesorios,929.0,888.89,112,10.0,Occidente,2025-02-18,False,False,False,10,False,347,825778.8099999999,8.294642857142858,True,True
PROD-2641,Laptops,578.0,169.73,238,5.0,Norte,2026-01-31,False,False,False,5,False,0,98103.93999999999,2.4285714285714284,True,True
PROD-2642,Monitores,1579.0,274.06,223,10.0,Norte,2025-11-30,False,False,False,10,False,62,432740.74,7.0807174887892375,True,True
PROD-2643,Tablets,223.0,687.37,208,10.0,Occidente,2025-06-20,False,False,False,10,False,225,153283.51,1.0721153846153846,False,True
PROD-2644,Laptops,634.0,790.17,189,10.0,BOD-EXT-99,2024-12-05,False,False,False,10,False,422,500967.77999999997,3.3544973544973544,True,True
PROD-2645,Smartphones,65.0,425.25,185,5.0,Sur,2026-01-13,False,False,False,5,False,18,27641.25,0.35135135135135137,False,True
PROD-2646,Smartphones,810.0,508.86,191,27.5,Norte,2026-01-01,False,False,False,25-30 días,False,30,412176.60000000003,4.2408376963350785,True,True
PROD-2647,Accesorios,1953.0,176.1,123,5.0,Norte,2024-05-09,False,False,False,,True,632,343923.3,15.878048780487806,True,False
PROD-2648,Laptops,642.0,489.67,172,3.0,Sur,2026-01-08,False,False,False,3,False,23,314368.14,3.7325581395348837,True,True
PROD-2649,Tablets,1055.0,1451.51,103,27.5,Norte,2025-07-05,False,False,False,25-30 días,False,210,1531343.05,10.242718446601941,True,True
PROD-2650,Smartphones,1058.0,1419.83,212,5.0,Occidente,2025-08-24,False,True,False,5,False,160,1502180.14,4.990566037735849,True,False
PROD-2651,Laptops,1742.0,535.57,145,3.0,Sur,2025-05-22,False,False,False,3,False,254,932962.9400000001,12.013793103448275,True,True
PROD-2652,Tablets,103.0,877.74,117,3.0,BOD-EXT-99,2024-07-10,False,False,False,3,False,570,90407.22,0.8803418803418803,False,True
PROD-2653,Smartphones,1850.0,1368.91,142,3.0,BOD-EXT-99,2025-10-10,False,False,False,3,False,113,2532483.5,13.028169014084508,True,True
PROD-2654,Tablets,1377.0,58.97,260,5.0,ZONA_FRANCA,2024-09-15,False,False,False,,True,503,81201.69,5.296153846153846,True,False
PROD-2655,Smartphones,1239.0,1225.49,192,0.0,Norte,2024-03-31,False,False,False,Inmediato,False,671,1518382.11,6.453125,True,True
PROD-2656,Tablets,264.0,1425.14,202,5.0,Norte,2025-06-26,False,False,False,5,False,219,376236.96,1.306930693069307,False,True
PROD-2657,Smartphones,1014.0,182.42,223,5.0,Norte,2025-02-09,False,False,False,,True,356,184973.87999999998,4.547085201793722,True,False
PROD-2658,Laptops,54.0,284.1,109,5.0,Norte,2025-08-16,False,False,False,,True,168,15341.400000000001,0.4954128440366973,False,False
PROD-2659,Laptops,1874.0,1443.08,172,0.0,ZONA_FRANCA,2024-08-26,True,False,False,Inmediato,False,523,2704331.92,10.895348837209303,True,False
PROD-2660,Smartphones,1863.0,829.43,286,3.0,BOD-EXT-99,2025-06-04,False,False,False,3,False,241,1545228.0899999999,6.513986013986014,True,True
PROD-2661,Smartphones,1166.0,70.59,130,0.0,Sur,2025-01-22,False,False,False,Inmediato,False,374,82307.94,8.96923076923077,True,True
PROD-2662,Accesorios,1374.0,423.57,255,0.0,Sur,2025-09-15,False,False,False,Inmediato,False,138,581985.1799999999,5.3882352941176475,True,True
PROD-2663,Smartphones,1722.0,702.42,159,5.0,BOD-EXT-99,2025-10-27,False,False,False,,True,96,1209567.24,10.830188679245284,True,False
PROD-2664,Smartphones,1910.0,1054.72,230,5.0,Occidente,2025-09-07,False,False,False,5,False,146,2014515.2,8.304347826086957,True,True
PROD-2665,Laptops,1553.0,1113.08,217,10.0,BOD-EXT-99,2025-08-03,False,False,False,10,False,181,1728613.24,7.15668202764977,True,True
PROD-2666,Laptops,658.0,1493.36,282,0.0,Sur,2025-12-06,True,False,False,Inmediato,False,56,982630.8799999999,2.3333333333333335,True,False
PROD-2667,Laptops,600.0,466.89,113,0.0,Norte,2025-12-21,False,False,False,Inmediato,False,41,280134.0,5.3097345132743365,True,True
PROD-2668,Smartphones,896.0,830.42,285,3.0,ZONA_FRANCA,2024-08-07,False,False,False,3,False,542,744056.32,3.143859649122807,True,True
PROD-2669,Accesorios,610.0,823.32,242,3.0,BOD-EXT-99,2024-03-11,False,False,False,3,False,691,502225.2,2.520661157024793,True,True
PROD-2670,Laptops,1082.0,638.19,101,5.0,Occidente,2026-01-30,False,False,False,,True,1,690521.5800000001,10.712871287128714,True,False
PROD-2671,Monitores,649.0,295.28,123,3.0,Norte,2025-04-19,False,False,False,3,False,287,191636.71999999997,5.276422764227642,True,True
PROD-2672,Laptops,1988.0,1467.31,163,27.5,BOD-EXT-99,2025-09-16,True,False,False,25-30 días,False,137,2917012.28,12.196319018404909,True,False
PROD-2673,Laptops,501.0,1287.31,298,0.0,Norte,2024-05-25,False,False,False,Inmediato,False,616,644942.3099999999,1.6812080536912752,False,True
PROD-2674,Laptops,354.0,772.58,199,3.0,BOD-EXT-99,2024-09-07,False,False,False,3,False,511,273493.32,1.778894472361809,False,True
PROD-2675,Monitores,961.0,924.71,213,5.0,Norte,2025-06-24,False,True,False,5,False,221,888646.31,4.511737089201878,True,False
PROD-2676,Smartphones,411.0,379.53,123,27.5,Norte,2025-03-07,False,False,False,25-30 días,False,330,155986.83,3.341463414634146,True,True
PROD-2677,Smartphones,823.0,838.49,254,5.0,Norte,2024-05-25,False,False,False,,True,616,690077.27,3.2401574803149606,True,False
PROD-2678,Laptops,33.0,1057.71,264,10.0,Norte,2024-12-24,False,False,False,10,False,403,34904.43,0.125,False,True
PROD-2679,Tablets,1372.0,796.99,190,0.0,Sur,2024-09-11,False,False,False,Inmediato,False,507,1093470.28,7.221052631578948,True,True
PROD-2680,Accesorios,170.0,1485.91,266,0.0,Norte,2025-09-27,False,False,False,Inmediato,False,126,252604.7,0.6390977443609023,False,True
PROD-2681,Tablets,1341.0,936.45,290,5.0,Norte,2025-05-12,False,False,False,5,False,264,1255779.45,4.624137931034483,True,True
PROD-2682,Monitores,61.0,587.91,125,10.0,ZONA_FRANCA,2026-01-17,False,False,False,10,False,14,35862.509999999995,0.488,False,True
PROD-2683,Laptops,564.0,1169.62,164,10.0,ZONA_FRANCA,2025-06-20,False,False,False,10,False,225,659665.6799999999,3.4390243902439024,True,True
PROD-2684,Smartphones,1531.0,297.17,219,5.0,Sur,2025-10-19,False,False,False,,True,104,454967.27,6.9908675799086755,True,False
PROD-2685,Laptops,424.0,607.55,103,5.0,Norte,2024-09-26,False,False,False,,True,492,257601.19999999998,4.116504854368932,True,False
PROD-2686,Accesorios,1863.0,553.09,256,27.5,Norte,2025-03-19,False,False,False,25-30 días,False,318,1030406.67,7.27734375,True,True
PROD-2687,Laptops,220.0,676.12,100,0.0,ZONA_FRANCA,2025-06-27,False,False,False,Inmediato,False,218,148746.4,2.2,True,True
PROD-2688,Laptops,1870.0,1183.58,149,3.0,BOD-EXT-99,2025-04-30,False,False,False,3,False,276,2213294.6,12.550335570469798,True,True
PROD-2689,Accesorios,1340.0,752.05,209,5.0,Occidente,2025-02-25,False,False,False,,True,340,1007746.9999999999,6.411483253588517,True,False
PROD-2690,Laptops,1019.5,1201.32,238,5.0,Norte,2024-11-06,False,True,False,5,False,451,1224745.74,4.283613445378151,True,False
PROD-2691,Laptops,1932.0,885.91,173,5.0,BOD-EXT-99,2025-01-28,False,False,False,5,False,368,1711578.1199999999,11.167630057803468,True,True
PROD-2692,Accesorios,943.0,546.0,286,5.0,BOD-EXT-99,2024-10-15,False,False,False,5,False,473,514878.0,3.297202797202797,True,True
PROD-2693,Smartphones,1962.0,1224.47,161,5.0,Norte,2025-07-26,False,False,False,,True,189,2402410.14,12.186335403726709,True,False
PROD-2694,Monitores,239.0,395.52,180,5.0,Occidente,2024-12-09,False,False,False,,True,418,94529.28,1.3277777777777777,False,False
PROD-2695,Laptops,228.0,375.36,263,5.0,ZONA_FRANCA,2024-09-24,True,False,False,5,False,494,85582.08,0.8669201520912547,False,False
PROD-2696,Laptops,530.0,781.53,155,5.0,Occidente,2025-12-24,False,False,False,,True,38,414210.89999999997,3.4193548387096775,True,False
PROD-2697,Smartphones,812.0,428.23,210,3.0,Sur,2025-08-23,False,False,False,3,False,161,347722.76,3.8666666666666667,True,True
PROD-2698,Laptops,203.0,63.18,120,3.0,Norte,2025-10-03,False,False,False,3,False,120,12825.539999999999,1.6916666666666667,False,True
PROD-2699,Laptops,130.0,990.03,240,27.5,Norte,2024-12-29,True,False,False,25-30 días,False,398,128703.9,0.5416666666666666,False,False
PROD-2700,Monitores,961.0,791.09,108,0.0,BOD-EXT-99,2025-05-15,False,True,False,Inmediato,False,261,760237.49,8.898148148148149,True,False
PROD-2701,Laptops,630.0,696.0,238,3.0,ZONA_FRANCA,2024-07-20,False,False,False,3,False,560,438480.0,2.6470588235294117,True,True
PROD-2702,Smartphones,774.0,1452.1,169,27.5,Occidente,2024-06-07,False,False,False,25-30 días,False,603,1123925.4,4.579881656804734,True,True
PROD-2703,Smartphones,649.0,878.24,228,10.0,BOD-EXT-99,2025-09-25,False,False,False,10,False,128,569977.76,2.8464912280701755,True,True
PROD-2704,Smartphones,1299.0,1301.98,217,0.0,Norte,2024-08-10,False,False,False,Inmediato,False,539,1691272.02,5.986175115207374,True,True
PROD-2705,Laptops,1330.0,252.2,297,3.0,BOD-EXT-99,2025-02-10,True,False,False,3,False,355,335426.0,4.478114478114478,True,False
PROD-2706,Smartphones,1623.0,875.35,155,10.0,Norte,2024-04-12,False,False,False,10,False,659,1420693.05,10.470967741935484,True,True
PROD-2707,Laptops,1588.0,1308.57,130,27.5,Norte,2024-11-26,False,False,False,25-30 días,False,431,2078009.16,12.215384615384615,True,True
PROD-2708,Laptops,1907.0,895.5,136,3.0,Sur,2025-11-28,True,False,False,3,False,64,1707718.5,14.022058823529411,True,False
PROD-2709,Laptops,161.0,1091.12,274,3.0,Sur,2025-06-28,False,False,False,3,False,217,175670.31999999998,0.5875912408759124,False,True
PROD-2710,Monitores,1488.0,589.46,190,5.0,Norte,2024-07-18,False,False,False,,True,562,877116.4800000001,7.831578947368421,True,False
PROD-2711,Laptops,333.0,184.05,213,10.0,ZONA_FRANCA,2024-12-01,False,False,False,10,False,426,61288.65,1.5633802816901408,False,True
PROD-2712,Monitores,1664.0,713.96,227,3.0,Sur,2025-11-19,False,False,False,3,False,73,1188029.44,7.330396475770925,True,True
PROD-2713,Monitores,291.0,622.0,274,5.0,Sur,2024-10-29,False,False,False,5,False,459,181002.0,1.062043795620438,False,True
PROD-2714,Laptops,1788.0,1307.24,221,5.0,Norte,2024-12-03,False,False,False,,True,424,2337345.12,8.09049773755656,True,False
PROD-2715,Laptops,1937.0,403.79,168,5.0,BOD-EXT-99,2025-07-24,True,False,False,,True,191,782141.2300000001,11.529761904761905,True,False
PROD-2716,Laptops,793.0,1451.76,285,3.0,Norte,2025-07-27,True,False,False,3,False,188,1151245.68,2.7824561403508774,True,False
PROD-2717,Smartphones,1484.0,1439.3,135,5.0,ZONA_FRANCA,2026-01-20,False,False,False,,True,11,2135921.1999999997,10.992592592592592,True,False
PROD-2718,Tablets,369.0,409.07,131,0.0,Sur,2025-06-07,False,False,False,Inmediato,False,238,150946.83,2.816793893129771,True,True
PROD-2719,Laptops,1938.0,554.68,163,10.0,Sur,2024-06-18,False,False,False,10,False,592,1074969.8399999999,11.889570552147239,True,True
PROD-2720,Laptops,1882.0,1348.56,298,0.0,Occidente,2024-11-05,False,False,False,Inmediato,False,452,2537989.92,6.315436241610739,True,True
PROD-2721,Smartphones,1799.0,1451.6,269,27.5,ZONA_FRANCA,2025-01-14,False,False,False,25-30 días,False,382,2611428.4,6.687732342007435,True,True
PROD-2722,Smartphones,255.0,692.99,147,0.0,BOD-EXT-99,2025-12-15,False,False,False,Inmediato,False,47,176712.45,1.7346938775510203,False,True
PROD-2723,Tablets,818.0,515.45,180,5.0,BOD-EXT-99,2025-03-21,False,False,False,5,False,316,421638.10000000003,4.544444444444444,True,True
PROD-2724,Tablets,1085.0,812.84,257,5.0,BOD-EXT-99,2025-07-07,False,False,False,,True,208,881931.4,4.221789883268483,True,False
PROD-2725,Laptops,1019.5,1047.27,248,5.0,ZONA_FRANCA,2024-08-03,False,True,False,,True,546,1067691.765,4.110887096774194,True,False
PROD-2726,Accesorios,1384.0,446.54,159,5.0,Occidente,2025-10-05,False,False,False,5,False,118,618011.36,8.70440251572327,True,True
PROD-2727,Laptops,155.0,1117.89,240,5.0,Occidente,2024-07-04,False,False,False,,True,576,173272.95,0.6458333333333334,False,False
PROD-2728,Tablets,445.0,124.9,100,0.0,Norte,2025-03-23,False,False,False,Inmediato,False,314,55580.5,4.45,True,True
PROD-2729,Laptops,1859.0,121.48,164,27.5,ZONA_FRANCA,2025-12-27,False,False,False,25-30 días,False,35,225831.32,11.335365853658537,True,True
PROD-2730,Laptops,995.0,610.12,132,3.0,ZONA_FRANCA,2024-10-26,False,False,False,3,False,462,607069.4,7.537878787878788,True,True
PROD-2731,Smartphones,162.0,562.54,137,5.0,Occidente,2024-07-27,False,False,False,5,False,553,91131.48,1.1824817518248176,False,True
PROD-2732,Smartphones,259.0,507.67,124,0.0,Norte,2024-06-30,False,False,False,Inmediato,False,580,131486.53,2.088709677419355,True,True
PROD-2733,Accesorios,1941.0,761.98,253,0.0,Norte,2024-12-25,False,False,False,Inmediato,False,402,1479003.18,7.67193675889328,True,True
PROD-2734,Laptops,221.0,515.06,158,0.0,Norte,2025-10-17,False,False,False,Inmediato,False,106,113828.26,1.3987341772151898,False,True
PROD-2735,Laptops,1772.0,328.77,260,3.0,Norte,2025-12-24,True,False,False,3,False,38,582580.44,6.815384615384615,True,False
PROD-2736,Monitores,392.0,498.73,200,10.0,Norte,2024-06-30,False,False,False,10,False,580,195502.16,1.96,False,True
PROD-2737,Smartphones,203.0,1463.61,226,5.0,Norte,2025-08-05,False,False,False,,True,179,297112.82999999996,0.8982300884955752,False,False
PROD-2738,Smartphones,470.0,646.11,140,5.0,Sur,2026-01-20,False,False,False,,True,11,303671.7,3.357142857142857,True,False
PROD-2739,Smartphones,926.0,694.83,257,27.5,Norte,2025-02-27,False,False,False,25-30 días,False,338,643412.5800000001,3.603112840466926,True,True
PROD-2740,Laptops,1019.5,885.99,156,10.0,Occidente,2024-08-02,True,True,False,10,False,547,903266.805,6.535256410256411,True,False
PROD-2741,Tablets,1533.0,1475.84,276,5.0,Norte,2025-09-28,False,False,False,,True,125,2262462.7199999997,5.554347826086956,True,False
PROD-2742,Tablets,1084.0,400.32,147,27.5,BOD-EXT-99,2025-11-30,False,False,False,25-30 días,False,62,433946.88,7.374149659863946,True,True
PROD-2743,Smartphones,102.0,1037.86,171,27.5,Sur,2025-11-11,False,False,False,25-30 días,False,81,105861.71999999999,0.5964912280701754,False,True
PROD-2744,Laptops,1608.0,1088.18,276,0.0,Norte,2025-04-08,False,False,False,Inmediato,False,298,1749793.4400000002,5.826086956521739,True,True
PROD-2745,Tablets,1806.0,930.62,274,5.0,Sur,2025-12-29,False,False,False,5,False,33,1680699.72,6.591240875912408,True,True
PROD-2746,Accesorios,1164.0,178.44,155,0.0,Norte,2024-06-02,False,False,False,Inmediato,False,608,207704.16,7.509677419354839,True,True
PROD-2747,Laptops,1702.0,1031.46,164,3.0,BOD-EXT-99,2025-12-14,False,False,False,3,False,48,1755544.9200000002,10.378048780487806,True,True
PROD-2748,Smartphones,1054.0,142.94,111,5.0,BOD-EXT-99,2024-04-14,False,False,False,,True,657,150658.76,9.495495495495495,True,False
PROD-2749,Smartphones,844.0,914.41,168,27.5,BOD-EXT-99,2024-05-05,False,False,False,25-30 días,False,636,771762.0399999999,5.023809523809524,True,True
PROD-2750,Accesorios,987.0,1122.39,233,5.0,Norte,2025-12-06,False,True,False,5,False,56,1107798.9300000002,4.236051502145923,True,False
PROD-2751,Laptops,1061.0,355.91,188,5.0,Sur,2025-10-15,True,False,False,,True,108,377620.51,5.6436170212765955,True,False
PROD-2752,Tablets,53.0,1270.35,292,27.5,BOD-EXT-99,2024-09-02,False,False,False,25-30 días,False,516,67328.54999999999,0.1815068493150685,False,True
PROD-2753,Smartphones,1864.0,94.01,124,27.5,ZONA_FRANCA,2026-01-08,False,False,False,25-30 días,False,23,175234.64,15.03225806451613,True,True
PROD-2754,Monitores,956.0,1273.53,100,0.0,ZONA_FRANCA,2025-06-25,False,False,False,Inmediato,False,220,1217494.68,9.56,True,True
PROD-2755,Laptops,356.0,717.48,259,5.0,Sur,2025-03-23,True,False,False,5,False,314,255422.88,1.3745173745173744,False,False
PROD-2756,Laptops,1351.0,365.5,230,5.0,Norte,2025-04-13,False,False,False,5,False,293,493790.5,5.873913043478261,True,True
PROD-2757,Laptops,116.0,243.98,148,5.0,Norte,2026-01-22,False,False,False,,True,9,28301.68,0.7837837837837838,False,False
PROD-2758,Smartphones,458.0,1432.3,246,27.5,Norte,2024-03-26,False,False,False,25-30 días,False,676,655993.4,1.8617886178861789,False,True
PROD-2759,Smartphones,1611.0,155.37,159,5.0,Norte,2024-10-08,False,False,False,5,False,480,250301.07,10.132075471698114,True,True
PROD-2760,Laptops,712.0,338.69,256,5.0,BOD-EXT-99,2024-05-04,True,False,False,5,False,637,241147.28,2.78125,True,False
PROD-2761,Smartphones,630.0,554.34,277,5.0,Occidente,2025-05-10,False,False,False,,True,266,349234.2,2.2743682310469313,True,False
PROD-2762,Smartphones,1114.0,949.34,101,0.0,Norte,2025-11-05,False,False,False,Inmediato,False,87,1057564.76,11.029702970297029,True,True
PROD-2763,Smartphones,531.0,839.96,172,10.0,Norte,2024-11-03,False,False,False,10,False,454,446018.76,3.0872093023255816,True,True
PROD-2764,Monitores,211.0,232.18,283,3.0,Occidente,2024-05-16,False,False,False,3,False,625,48989.98,0.7455830388692579,False,True
PROD-2765,Laptops,1313.0,470.11,244,10.0,Norte,2024-08-17,True,False,False,10,False,532,617254.43,5.381147540983607,True,False
PROD-2766,Laptops,1281.0,396.19,287,5.0,Sur,2025-09-06,False,False,False,5,False,147,507519.39,4.463414634146342,True,True
PROD-2767,Laptops,1488.0,359.64,209,27.5,ZONA_FRANCA,2024-11-27,False,False,False,25-30 días,False,430,535144.32,7.119617224880383,True,True
PROD-2768,Smartphones,510.0,646.16,263,3.0,Norte,2025-06-04,False,False,False,3,False,241,329541.6,1.9391634980988592,False,True
PROD-2769,Monitores,1049.0,1070.85,160,3.0,Norte,2025-11-27,False,False,False,3,False,65,1123321.65,6.55625,True,True
PROD-2770,Smartphones,1853.0,365.31,116,27.5,Sur,2025-01-19,False,False,False,25-30 días,False,377,676919.43,15.974137931034482,True,True
PROD-2771,Smartphones,124.0,581.68,148,3.0,Norte,2025-01-09,False,False,False,3,False,387,72128.31999999999,0.8378378378378378,False,True
PROD-2772,Laptops,141.0,616.83,175,27.5,BOD-EXT-99,2025-07-07,False,False,False,25-30 días,False,208,86973.03,0.8057142857142857,False,True
PROD-2773,Accesorios,14.0,1465.86,287,3.0,Sur,2024-12-13,False,False,False,3,False,414,20522.039999999997,0.04878048780487805,False,True
PROD-2774,Smartphones,1447.0,1434.27,247,5.0,BOD-EXT-99,2026-01-16,False,False,False,,True,15,2075388.69,5.8582995951417,True,False
PROD-2775,Laptops,1019.5,1210.2,277,5.0,Norte,2025-04-10,True,True,False,,True,296,1233798.9000000001,3.6805054151624548,True,False
PROD-2776,Tablets,1517.0,400.41,230,10.0,Norte,2025-06-26,False,False,False,10,False,219,607421.9700000001,6.595652173913043,True,True
PROD-2777,Smartphones,1101.0,148.65,142,3.0,Occidente,2025-01-30,False,False,False,3,False,366,163663.65,7.753521126760563,True,True
PROD-2778,Laptops,1887.0,509.51,156,0.0,Norte,2025-06-17,True,False,False,Inmediato,False,228,961445.37,12.096153846153847,True,False
PROD-2779,Laptops,318.0,436.85,149,27.5,Sur,2024-05-11,True,False,False,25-30 días,False,630,138918.30000000002,2.134228187919463,True,False
PROD-2780,Laptops,800.0,783.59,295,3.0,Occidente,2024-11-18,False,False,False,3,False,439,626872.0,2.711864406779661,True,True
PROD-2781,Laptops,1019.5,1177.71,277,5.0,ZONA_FRANCA,2024-03-13,True,True,False,,True,689,1200675.345,3.6805054151624548,True,False
PROD-2782,Laptops,1857.0,1294.57,136,5.0,Occidente,2024-08-18,True,False,False,,True,531,2404016.4899999998,13.654411764705882,True,False
PROD-2783,Laptops,27.0,1275.05,145,27.5,Sur,2024-11-08,False,False,False,25-30 días,False,449,34426.35,0.18620689655172415,False,True
PROD-2784,Smartphones,1774.0,571.53,269,0.0,Occidente,2025-12-27,False,False,False,Inmediato,False,35,1013894.22,6.594795539033457,True,True
PROD-2785,Laptops,1243.0,1046.49,114,3.0,Sur,2024-12-06,True,False,False,3,False,421,1300787.07,10.903508771929825,True,False
PROD-2786,Accesorios,623.0,503.61,260,3.0,Norte,2024-05-22,False,False,False,3,False,619,313749.03,2.396153846153846,True,True
PROD-2787,Accesorios,650.0,138.31,179,0.0,Norte,2025-07-27,False,False,False,Inmediato,False,188,89901.5,3.631284916201117,True,True
PROD-2788,Monitores,708.0,1067.27,238,0.0,ZONA_FRANCA,2025-08-07,False,False,False,Inmediato,False,177,755627.16,2.9747899159663866,True,True
PROD-2789,Laptops,1873.0,64.25,247,0.0,Norte,2024-06-03,False,False,False,Inmediato,False,607,120340.25,7.582995951417004,True,True
PROD-2790,Monitores,851.0,643.31,123,5.0,Norte,2025-03-23,False,False,False,,True,314,547456.8099999999,6.91869918699187,True,False
PROD-2791,Laptops,942.0,527.6,224,27.5,Norte,2026-01-12,False,False,False,25-30 días,False,19,496999.2,4.205357142857143,True,True
PROD-2792,Smartphones,1141.0,1055.4,291,0.0,Sur,2024-03-27,False,False,False,Inmediato,False,675,1204211.4000000001,3.9209621993127146,True,True
PROD-2793,Smartphones,1426.0,1161.06,217,27.5,Sur,2025-01-15,False,False,False,25-30 días,False,381,1655671.5599999998,6.571428571428571,True,True
PROD-2794,Laptops,339.0,490.94,179,10.0,ZONA_FRANCA,2024-06-02,True,False,False,10,False,608,166428.66,1.893854748603352,False,False
PROD-2795,Tablets,949.0,1226.86,193,3.0,Sur,2025-09-11,False,False,False,3,False,142,1164290.14,4.917098445595855,True,True
PROD-2796,Smartphones,474.0,476.18,164,3.0,BOD-EXT-99,2025-12-01,False,False,False,3,False,61,225709.32,2.8902439024390243,True,True
PROD-2797,Tablets,1805.0,697.17,187,5.0,Sur,2025-06-04,False,False,False,5,False,241,1258391.8499999999,9.6524064171123,True,True
PROD-2798,Smartphones,1456.0,1104.18,187,10.0,Sur,2025-06-08,False,False,False,10,False,237,1607686.08,7.786096256684492,True,True
PROD-2799,Laptops,608.0,1054.73,244,0.0,Sur,2025-09-23,False,False,False,Inmediato,False,130,641275.84,2.4918032786885247,True,True
PROD-2800,Smartphones,1058.0,1481.68,225,0.0,Norte,2024-06-06,False,True,False,Inmediato,False,604,1567617.4400000002,4.702222222222222,True,False
PROD-2801,Monitores,840.0,376.48,188,5.0,ZONA_FRANCA,2024-06-08,False,False,False,,True,602,316243.2,4.468085106382978,True,False
PROD-2802,Smartphones,1431.0,1010.36,160,10.0,BOD-EXT-99,2024-04-27,False,False,False,10,False,644,1445825.16,8.94375,True,True
PROD-2803,Laptops,401.0,934.04,114,0.0,Sur,2025-10-01,True,False,False,Inmediato,False,122,374550.04,3.517543859649123,True,False
PROD-2804,Monitores,1487.0,1376.89,193,5.0,ZONA_FRANCA,2024-11-18,False,False,False,5,False,439,2047435.4300000002,7.704663212435233,True,True
PROD-2805,Smartphones,832.0,276.73,150,27.5,Occidente,2025-02-24,False,False,False,25-30 días,False,341,230239.36000000002,5.546666666666667,True,True
PROD-2806,Accesorios,262.0,1140.11,126,3.0,Norte,2024-12-09,False,False,False,3,False,418,298708.81999999995,2.0793650793650795,True,True
PROD-2807,Monitores,789.0,873.99,173,10.0,Sur,2024-05-12,False,False,False,10,False,629,689578.11,4.5606936416184976,True,True
PROD-2808,Accesorios,324.0,448.27,160,3.0,BOD-EXT-99,2024-11-03,False,False,False,3,False,454,145239.47999999998,2.025,True,True
PROD-2809,Tablets,400.0,737.93,285,27.5,Norte,2025-07-18,False,False,False,25-30 días,False,197,295172.0,1.4035087719298245,False,True
PROD-2810,Tablets,544.0,533.98,130,10.0,BOD-EXT-99,2025-04-25,False,False,False,10,False,281,290485.12,4.184615384615385,True,True
PROD-2811,Laptops,1183.0,890.0,111,27.5,Norte,2026-01-31,False,False,False,25-30 días,False,0,1052870.0,10.657657657657658,True,True
PROD-2812,Smartphones,449.0,1339.05,145,0.0,Occidente,2025-03-06,False,False,False,Inmediato,False,331,601233.45,3.0965517241379312,True,True
PROD-2813,Monitores,413.0,875.49,258,0.0,ZONA_FRANCA,2025-07-04,False,False,False,Inmediato,False,211,361577.37,1.6007751937984496,False,True
PROD-2814,Accesorios,62.0,966.0,131,0.0,Norte,2025-11-06,False,False,False,Inmediato,False,86,59892.0,0.4732824427480916,False,True
PROD-2815,Smartphones,985.0,802.18,259,27.5,Norte,2024-04-07,False,False,False,25-30 días,False,664,790147.2999999999,3.8030888030888033,True,True
PROD-2816,Tablets,1874.0,124.19,280,27.5,Occidente,2024-03-04,False,False,False,25-30 días,False,698,232732.06,6.692857142857143,True,True
PROD-2817,Smartphones,89.0,387.64,160,27.5,Norte,2025-12-02,False,False,False,25-30 días,False,60,34499.96,0.55625,False,True
PROD-2818,Tablets,1374.0,763.4,145,3.0,Occidente,2025-10-29,False,False,False,3,False,94,1048911.5999999999,9.475862068965517,True,True
PROD-2819,Smartphones,466.0,499.84,184,27.5,Norte,2024-07-28,False,False,False,25-30 días,False,552,232925.44,2.532608695652174,True,True
PROD-2820,Smartphones,1897.0,313.56,179,0.0,Norte,2025-09-07,False,False,False,Inmediato,False,146,594823.32,10.597765363128492,True,True
PROD-2821,Smartphones,837.0,780.99,234,5.0,BOD-EXT-99,2025-05-31,False,False,False,5,False,245,653688.63,3.576923076923077,True,True
PROD-2822,Accesorios,1291.0,518.07,103,27.5,Norte,2024-04-28,False,False,False,25-30 días,False,643,668828.3700000001,12.533980582524272,True,True
PROD-2823,Accesorios,987.0,424.26,151,5.0,Norte,2025-04-10,False,True,False,5,False,296,418744.62,6.5364238410596025,True,False
PROD-2824,Monitores,961.0,722.78,258,0.0,Occidente,2025-10-01,False,True,False,Inmediato,False,122,694591.58,3.7248062015503876,True,False
PROD-2825,Monitores,961.0,243.26,211,27.5,ZONA_FRANCA,2024-04-17,False,True,False,25-30 días,False,654,233772.86,4.5545023696682465,True,False
PROD-2826,Laptops,675.0,1395.23,135,3.0,BOD-EXT-99,2024-03-09,False,False,False,3,False,693,941780.25,5.0,True,True
PROD-2827,Laptops,1423.0,1308.17,281,3.0,Norte,2024-11-02,True,False,False,3,False,455,1861525.9100000001,5.064056939501779,True,False
PROD-2828,Laptops,401.0,1076.05,153,5.0,Norte,2024-12-29,False,False,False,5,False,398,431496.05,2.6209150326797386,True,True
PROD-2829,Laptops,1114.0,204.01,218,5.0,BOD-EXT-99,2025-06-15,False,False,False,,True,230,227267.13999999998,5.110091743119266,True,False
PROD-2830,Tablets,1057.0,1175.02,226,3.0,Sur,2024-08-16,False,False,False,3,False,533,1241996.14,4.676991150442478,True,True
PROD-2831,Monitores,164.0,1221.54,116,3.0,BOD-EXT-99,2024-12-26,False,False,False,3,False,401,200332.56,1.4137931034482758,False,True
PROD-2832,Accesorios,1499.0,1163.26,174,3.0,Norte,2024-06-19,False,False,False,3,False,591,1743726.74,8.614942528735632,True,True
PROD-2833,Smartphones,77.0,215.25,257,0.0,ZONA_FRANCA,2025-09-24,False,False,False,Inmediato,False,129,16574.25,0.29961089494163423,False,True
PROD-2834,Accesorios,1795.0,983.67,204,3.0,Sur,2025-04-15,False,False,False,3,False,291,1765687.65,8.799019607843137,True,True
PROD-2835,Tablets,709.0,1259.77,249,10.0,Norte,2025-05-01,False,False,False,10,False,275,893176.9299999999,2.8473895582329316,True,True
PROD-2836,Laptops,1765.0,887.16,216,27.5,BOD-EXT-99,2025-01-21,False,False,False,25-30 días,False,375,1565837.4,8.171296296296296,True,True
PROD-2837,Accesorios,310.0,987.29,142,3.0,Norte,2025-12-08,False,False,False,3,False,54,306059.89999999997,2.183098591549296,True,True
PROD-2838,Laptops,518.0,714.63,211,5.0,Sur,2024-07-03,True,False,False,,True,577,370178.34,2.4549763033175354,True,False
PROD-2839,Laptops,1365.0,816.63,214,5.0,Sur,2026-01-06,False,False,False,,True,25,1114699.95,6.378504672897196,True,False
PROD-2840,Tablets,1547.0,99.85,126,3.0,Sur,2024-11-17,False,False,False,3,False,440,154467.94999999998,12.277777777777779,True,True
PROD-2841,Laptops,1642.0,976.5,136,3.0,Occidente,2025-07-19,False,False,False,3,False,196,1603413.0,12.073529411764707,True,True
PROD-2842,Laptops,151.0,168.1,145,10.0,BOD-EXT-99,2024-04-30,True,False,False,10,False,641,25383.1,1.0413793103448277,False,False
PROD-2843,Smartphones,467.0,680.77,212,3.0,ZONA_FRANCA,2025-06-03,False,False,False,3,False,242,317919.58999999997,2.202830188679245,True,True
PROD-2844,Laptops,1298.0,474.35,134,3.0,ZONA_FRANCA,2025-07-26,False,False,False,3,False,189,615706.3,9.686567164179104,True,True
PROD-2845,Smartphones,1385.0,840.87,231,27.5,Norte,2024-07-13,False,False,False,25-30 días,False,567,1164604.95,5.995670995670996,True,True
PROD-2846,Laptops,1291.0,243.45,179,5.0,Norte,2024-07-14,True,False,False,,True,566,314293.95,7.212290502793296,True,False
PROD-2847,Laptops,630.0,1052.88,179,10.0,Norte,2025-05-01,True,False,False,10,False,275,663314.4,3.5195530726256985,True,False
PROD-2848,Laptops,1938.0,1202.77,253,5.0,BOD-EXT-99,2024-12-19,False,False,False,,True,408,2330968.26,7.660079051383399,True,False
PROD-2849,Tablets,1441.0,286.86,220,10.0,Norte,2025-02-26,False,False,False,10,False,339,413365.26,6.55,True,True
PROD-2850,Smartphones,1058.0,201.25,246,5.0,Norte,2025-09-01,False,True,False,,True,152,212922.5,4.300813008130081,True,False
PROD-2851,Laptops,374.0,261.0,221,3.0,Sur,2024-07-16,False,False,False,3,False,564,97614.0,1.6923076923076923,False,True
PROD-2852,Laptops,1918.0,1321.83,180,5.0,Norte,2024-12-30,False,False,False,,True,397,2535269.94,10.655555555555555,True,False
PROD-2853,Laptops,1662.0,815.87,272,5.0,Sur,2024-11-14,False,False,False,,True,443,1355975.94,6.110294117647059,True,False
PROD-2854,Laptops,727.0,727.53,253,10.0,Occidente,2024-05-19,True,False,False,10,False,622,528914.3099999999,2.8735177865612647,True,False
PROD-2855,Tablets,1776.0,204.73,249,5.0,Norte,2024-12-01,False,False,False,5,False,426,363600.48,7.132530120481928,True,True
PROD-2856,Monitores,157.0,991.86,218,10.0,Norte,2024-10-02,False,False,False,10,False,486,155722.02,0.7201834862385321,False,True
PROD-2857,Laptops,1487.0,1308.6,157,10.0,BOD-EXT-99,2025-07-12,False,False,False,10,False,203,1945888.2,9.471337579617835,True,True
PROD-2858,Smartphones,1609.0,1250.87,162,10.0,BOD-EXT-99,2025-10-12,False,False,False,10,False,111,2012649.8299999998,9.932098765432098,True,True
PROD-2859,Laptops,1019.5,957.78,255,0.0,ZONA_FRANCA,2025-03-13,False,True,False,Inmediato,False,324,976456.71,3.9980392156862745,True,False
PROD-2860,Laptops,103.0,159.15,292,0.0,Occidente,2025-05-19,False,False,False,Inmediato,False,257,16392.45,0.3527397260273973,False,True
PROD-2861,Laptops,1912.0,212.98,271,0.0,BOD-EXT-99,2024-08-22,False,False,False,Inmediato,False,527,407217.76,7.055350553505535,True,True
PROD-2862,Smartphones,168.0,121.5,199,10.0,Sur,2025-02-16,False,False,False,10,False,349,20412.0,0.8442211055276382,False,True
PROD-2863,Laptops,618.0,423.34,270,5.0,Occidente,2024-03-25,False,False,False,5,False,677,261624.12,2.2888888888888888,True,True
PROD-2864,Accesorios,1468.0,246.71,264,10.0,Norte,2024-11-23,False,False,False,10,False,434,362170.28,5.5606060606060606,True,True
PROD-2865,Tablets,899.0,427.07,165,3.0,Sur,2024-12-02,False,False,False,3,False,425,383935.93,5.448484848484848,True,True
PROD-2866,Tablets,352.0,608.33,244,5.0,Occidente,2025-04-27,False,False,False,5,False,279,214132.16,1.4426229508196722,False,True
PROD-2867,Monitores,545.0,1417.33,267,0.0,Norte,2025-01-26,False,False,False,Inmediato,False,370,772444.85,2.041198501872659,True,True
PROD-2868,Monitores,1387.0,935.05,265,5.0,BOD-EXT-99,2024-04-02,False,False,False,,True,669,1296914.3499999999,5.233962264150944,True,False
PROD-2869,Tablets,1107.0,1260.71,184,5.0,Sur,2025-05-28,False,False,False,,True,248,1395605.97,6.016304347826087,True,False
PROD-2870,Smartphones,1692.0,1080.01,288,27.5,Sur,2025-08-04,False,False,False,25-30 días,False,180,1827376.92,5.875,True,True
PROD-2871,Monitores,1256.0,213.13,236,5.0,Norte,2024-04-21,False,False,False,5,False,650,267691.27999999997,5.322033898305085,True,True
PROD-2872,Smartphones,22.0,1117.08,288,0.0,Sur,2025-11-15,False,False,False,Inmediato,False,77,24575.76,0.0763888888888889,False,True
PROD-2873,Laptops,430.0,448.89,243,5.0,BOD-EXT-99,2025-03-02,False,False,False,5,False,335,193022.69999999998,1.7695473251028806,False,True
PROD-2874,Tablets,509.0,976.71,222,5.0,BOD-EXT-99,2025-12-13,False,False,False,5,False,49,497145.39,2.2927927927927927,True,True
PROD-2875,Laptops,1019.5,544.39,101,5.0,BOD-EXT-99,2025-11-08,True,True,False,,True,84,555005.605,10.094059405940595,True,False
PROD-2876,Monitores,694.0,1496.62,205,10.0,Norte,2024-03-08,False,False,False,10,False,694,1038654.2799999999,3.3853658536585365,True,True
PROD-2877,Tablets,1416.0,432.15,207,3.0,Norte,2024-03-08,False,False,False,3,False,694,611924.4,6.840579710144928,True,True
PROD-2878,Accesorios,49.0,454.74,171,27.5,Norte,2026-01-28,False,False,False,25-30 días,False,3,22282.260000000002,0.28654970760233917,False,True
PROD-2879,Laptops,1032.0,1399.47,270,0.0,Sur,2025-03-21,False,False,False,Inmediato,False,316,1444253.04,3.8222222222222224,True,True
PROD-2880,Laptops,362.0,85.73,225,5.0,BOD-EXT-99,2025-10-13,False,False,False,5,False,110,31034.260000000002,1.6088888888888888,False,True
PROD-2881,Tablets,1038.0,1060.2,269,27.5,Sur,2025-03-04,False,False,False,25-30 días,False,333,1100487.6,3.858736059479554,True,True
PROD-2882,Laptops,1127.0,1101.72,156,5.0,Norte,2025-09-21,False,False,False,5,False,132,1241638.44,7.2243589743589745,True,True
PROD-2883,Monitores,1958.0,1262.75,180,5.0,Sur,2024-05-30,False,False,False,,True,611,2472464.5,10.877777777777778,True,False
PROD-2884,Laptops,770.0,1462.94,294,3.0,ZONA_FRANCA,2024-03-19,False,False,False,3,False,683,1126463.8,2.619047619047619,True,True
PROD-2885,Laptops,611.0,1464.62,257,5.0,Norte,2025-10-05,False,False,False,,True,118,894882.82,2.377431906614786,True,False
PROD-2886,Tablets,509.0,144.65,240,27.5,Sur,2025-02-16,False,False,False,25-30 días,False,349,73626.85,2.120833333333333,True,True
PROD-2887,Accesorios,1221.0,1241.67,118,0.0,Sur,2024-03-16,False,False,False,Inmediato,False,686,1516079.07,10.347457627118644,True,True
PROD-2888,Smartphones,1763.0,987.15,106,5.0,Occidente,2024-08-08,False,False,False,5,False,541,1740345.45,16.632075471698112,True,True
PROD-2889,Monitores,559.0,988.65,236,3.0,Sur,2025-12-08,False,False,False,3,False,54,552655.35,2.3686440677966103,True,True
PROD-2890,Tablets,1020.0,236.11,153,5.0,ZONA_FRANCA,2025-02-05,False,True,False,,True,360,240832.2,6.666666666666667,True,False
PROD-2891,Laptops,1978.0,992.77,203,27.5,Norte,2024-11-05,False,False,False,25-30 días,False,452,1963699.06,9.74384236453202,True,True
PROD-2892,Monitores,233.0,1474.6,185,5.0,Occidente,2024-07-28,False,False,False,,True,552,343581.8,1.2594594594594595,False,False
PROD-2893,Smartphones,1422.0,1372.14,181,5.0,Norte,2024-03-18,False,False,False,5,False,684,1951183.08,7.856353591160221,True,True
PROD-2894,Laptops,250.0,686.74,160,5.0,Norte,2025-03-08,False,False,False,5,False,329,171685.0,1.5625,False,True
PROD-2895,Smartphones,1041.0,107.92,186,0.0,Norte,2025-06-27,False,False,False,Inmediato,False,218,112344.72,5.596774193548387,True,True
PROD-2896,Laptops,980.0,575.33,101,3.0,Norte,2025-07-08,False,False,False,3,False,207,563823.4,9.702970297029703,True,True
PROD-2897,Smartphones,766.0,1248.27,277,10.0,ZONA_FRANCA,2024-04-02,False,False,False,10,False,669,956174.82,2.765342960288809,True,True
PROD-2898,Laptops,32.0,1067.17,130,5.0,Sur,2025-11-08,True,False,False,,True,84,34149.44,0.24615384615384617,False,False
PROD-2899,Tablets,1870.0,716.05,132,5.0,Norte,2024-03-18,False,False,False,5,False,684,1339013.5,14.166666666666666,True,True
PROD-2900,Accesorios,987.0,129.9,179,27.5,Occidente,2025-06-01,False,True,False,25-30 días,False,244,128211.3,5.5139664804469275,True,False
PROD-2901,Monitores,567.0,669.0,110,5.0,Sur,2024-03-18,False,False,False,,True,684,379323.0,5.154545454545454,True,False
PROD-2902,Laptops,125.0,730.09,260,0.0,Norte,2025-03-03,False,False,False,Inmediato,False,334,91261.25,0.4807692307692308,False,True
PROD-2903,Monitores,1139.0,1396.41,227,0.0,Norte,2025-07-04,False,False,False,Inmediato,False,211,1590510.99,5.0176211453744495,True,True
PROD-2904,Smartphones,791.0,979.57,234,5.0,Occidente,2024-06-15,False,False,False,5,False,595,774839.87,3.3803418803418803,True,True
PROD-2905,Tablets,319.0,501.9,227,5.0,ZONA_FRANCA,2024-03-18,False,False,False,5,False,684,160106.1,1.4052863436123348,False,True
PROD-2906,Monitores,1768.0,811.71,130,5.0,Occidente,2025-08-02,False,False,False,5,False,182,1435103.28,13.6,True,True
PROD-2907,Laptops,639.0,145.78,275,10.0,Norte,2025-09-21,False,False,False,10,False,132,93153.42,2.3236363636363637,True,True
PROD-2908,Tablets,1729.0,1460.22,225,5.0,Occidente,2025-02-16,False,False,False,5,False,349,2524720.38,7.684444444444445,True,True
PROD-2909,Monitores,1314.0,572.09,146,5.0,Norte,2025-04-25,False,False,False,,True,281,751726.26,9.0,True,False
PROD-2910,Accesorios,1382.0,742.91,280,5.0,ZONA_FRANCA,2025-04-14,False,False,False,,True,292,1026701.62,4.935714285714286,True,False
PROD-2911,Laptops,316.0,565.16,206,3.0,ZONA_FRANCA,2025-05-08,False,False,False,3,False,268,178590.56,1.5339805825242718,False,True
PROD-2912,Tablets,593.0,1039.64,118,27.5,BOD-EXT-99,2025-07-19,False,False,False,25-30 días,False,196,616506.52,5.02542372881356,True,True
PROD-2913,Laptops,22.0,1010.24,180,5.0,Occidente,2024-08-13,False,False,False,5,False,536,22225.28,0.12222222222222222,False,True
PROD-2914,Laptops,1221.0,1087.22,222,5.0,Norte,2024-04-19,True,False,False,,True,652,1327495.62,5.5,True,False
PROD-2915,Tablets,809.0,438.81,233,5.0,Norte,2026-01-12,False,False,False,,True,19,354997.29,3.4721030042918457,True,False
PROD-2916,Accesorios,987.0,507.72,206,5.0,Sur,2024-12-23,False,True,False,,True,404,501119.64,4.79126213592233,True,False
PROD-2917,Laptops,1014.0,231.61,148,10.0,ZONA_FRANCA,2025-10-09,False,False,False,10,False,114,234852.54,6.851351351351352,True,True
PROD-2918,Smartphones,1466.0,1000.49,172,27.5,Occidente,2026-01-06,False,False,False,25-30 días,False,25,1466718.34,8.523255813953488,True,True
PROD-2919,Laptops,318.0,107.71,149,0.0,BOD-EXT-99,2024-07-15,False,False,False,Inmediato,False,565,34251.78,2.134228187919463,True,True
PROD-2920,Smartphones,100.0,916.64,180,5.0,Norte,2024-03-21,False,False,False,,True,681,91664.0,0.5555555555555556,False,False
PROD-2921,Monitores,1084.0,1311.06,194,5.0,Norte,2025-01-02,False,False,False,5,False,394,1421189.04,5.587628865979381,True,True
PROD-2922,Accesorios,1453.0,1341.71,111,5.0,Norte,2025-01-16,False,False,False,,True,380,1949504.6300000001,13.09009009009009,True,False
PROD-2923,Smartphones,1409.0,701.1,122,27.5,ZONA_FRANCA,2024-08-27,False,False,False,25-30 días,False,522,987849.9,11.549180327868852,True,True
PROD-2924,Tablets,1020.0,715.99,153,0.0,Norte,2024-08-11,False,False,False,Inmediato,False,538,730309.8,6.666666666666667,True,True
PROD-2925,Monitores,961.0,161.61,217,10.0,BOD-EXT-99,2025-11-10,False,True,False,10,False,82,155307.21000000002,4.428571428571429,True,False
PROD-2926,Monitores,973.0,1022.61,296,3.0,Sur,2024-07-31,False,False,False,3,False,549,994999.53,3.2871621621621623,True,True
PROD-2927,Smartphones,1548.0,1240.83,158,5.0,Sur,2024-11-13,False,False,False,5,False,444,1920804.8399999999,9.79746835443038,True,True
PROD-2928,Laptops,1990.0,404.75,263,3.0,Sur,2025-11-06,True,False,False,3,False,86,805452.5,7.566539923954372,True,False
PROD-2929,Smartphones,1339.0,660.89,102,10.0,Norte,2025-01-10,False,False,False,10,False,386,884931.71,13.127450980392156,True,True
PROD-2930,Laptops,18.0,1266.32,157,27.5,ZONA_FRANCA,2024-04-04,True,False,False,25-30 días,False,667,22793.76,0.11464968152866242,False,False
PROD-2931,Accesorios,893.0,1321.82,282,27.5,Norte,2024-12-30,False,False,False,25-30 días,False,397,1180385.26,3.1666666666666665,True,True
PROD-2932,Laptops,751.0,402.61,156,10.0,Norte,2025-04-21,False,False,False,10,False,285,302360.11,4.814102564102564,True,True
PROD-2933,Smartphones,10.0,848.33,244,5.0,BOD-EXT-99,2024-03-05,False,False,False,,True,697,8483.300000000001,0.040983606557377046,False,False
PROD-2934,Smartphones,895.0,329.12,266,10.0,Sur,2024-03-09,False,False,False,10,False,693,294562.4,3.3646616541353382,True,True
PROD-2935,Laptops,1287.0,197.72,189,5.0,ZONA_FRANCA,2025-01-28,True,False,False,5,False,368,254465.63999999998,6.809523809523809,True,False
PROD-2936,Smartphones,1134.0,1371.12,295,0.0,ZONA_FRANCA,2024-04-17,False,False,False,Inmediato,False,654,1554850.0799999998,3.8440677966101693,True,True
PROD-2937,Laptops,280.0,1239.74,154,3.0,BOD-EXT-99,2024-12-06,False,False,False,3,False,421,347127.2,1.8181818181818181,False,True
PROD-2938,Tablets,1501.0,1152.05,144,3.0,Occidente,2024-04-18,False,False,False,3,False,653,1729227.05,10.42361111111111,True,True
PROD-2939,Smartphones,287.0,120.71,100,27.5,ZONA_FRANCA,2024-03-06,False,False,False,25-30 días,False,696,34643.77,2.87,True,True
PROD-2940,Smartphones,1579.0,1273.41,120,5.0,ZONA_FRANCA,2024-11-15,False,False,False,,True,442,2010714.3900000001,13.158333333333333,True,False
PROD-2941,Laptops,1277.0,685.16,120,27.5,Norte,2024-08-30,True,False,False,25-30 días,False,519,874949.32,10.641666666666667,True,False
PROD-2942,Laptops,1476.0,546.47,151,5.0,BOD-EXT-99,2024-06-27,False,False,False,5,False,583,806589.7200000001,9.774834437086092,True,True
PROD-2943,Laptops,1623.0,842.39,181,10.0,ZONA_FRANCA,2025-04-19,False,False,False,10,False,287,1367198.97,8.966850828729282,True,True
PROD-2944,Monitores,1311.0,182.46,270,3.0,ZONA_FRANCA,2025-10-29,False,False,False,3,False,94,239205.06,4.855555555555555,True,True
PROD-2945,Laptops,1523.0,1147.14,279,5.0,Norte,2024-04-03,True,False,False,5,False,668,1747094.2200000002,5.458781362007168,True,False
PROD-2946,Laptops,224.0,894.53,166,27.5,ZONA_FRANCA,2025-12-22,False,False,False,25-30 días,False,40,200374.72,1.3493975903614457,False,True
PROD-2947,Tablets,1137.0,320.56,212,27.5,Norte,2025-03-07,False,False,False,25-30 días,False,330,364476.72000000003,5.363207547169812,True,True
PROD-2948,Accesorios,1943.0,322.94,143,3.0,Occidente,2025-08-30,False,False,False,3,False,154,627472.42,13.587412587412587,True,True
PROD-2949,Smartphones,819.0,317.16,259,27.5,Norte,2024-09-15,False,False,False,25-30 días,False,503,259754.04,3.1621621621621623,True,True
PROD-2950,Accesorios,987.0,132.65,109,5.0,Norte,2025-05-02,False,True,False,,True,274,130925.55,9.055045871559633,True,False
PROD-2951,Smartphones,964.0,902.31,163,27.5,Norte,2024-04-06,False,False,False,25-30 días,False,665,869826.84,5.914110429447852,True,True
PROD-2952,Smartphones,1861.0,1268.5,168,0.0,ZONA_FRANCA,2024-07-16,False,False,False,Inmediato,False,564,2360678.5,11.077380952380953,True,True
PROD-2953,Accesorios,552.0,75.37,167,10.0,Norte,2025-08-06,False,False,False,10,False,178,41604.240000000005,3.305389221556886,True,True
PROD-2954,Smartphones,1749.0,121.06,127,27.5,BOD-EXT-99,2025-09-17,False,False,False,25-30 días,False,136,211733.94,13.771653543307087,True,True
PROD-2955,Laptops,640.0,880.52,280,0.0,Sur,2025-08-05,False,False,False,Inmediato,False,179,563532.8,2.2857142857142856,True,True
PROD-2956,Laptops,443.0,1238.27,215,5.0,Sur,2025-08-03,False,False,False,5,False,181,548553.61,2.0604651162790697,True,True
PROD-2957,Smartphones,439.0,523.77,150,27.5,Occidente,2025-05-18,False,False,False,25-30 días,False,258,229935.03,2.9266666666666667,True,True
PROD-2958,Monitores,339.0,556.94,280,5.0,Norte,2025-06-03,False,False,False,,True,242,188802.66000000003,1.2107142857142856,False,False
PROD-2959,Smartphones,244.0,914.7,103,5.0,BOD-EXT-99,2025-10-28,False,False,False,5,False,95,223186.80000000002,2.3689320388349513,True,True
PROD-2960,Tablets,1342.0,447.61,178,27.5,ZONA_FRANCA,2025-07-19,False,False,False,25-30 días,False,196,600692.62,7.53932584269663,True,True
PROD-2961,Laptops,1667.0,88.58,116,3.0,ZONA_FRANCA,2024-08-24,False,False,False,3,False,525,147662.86,14.370689655172415,True,True
PROD-2962,Tablets,598.0,1116.08,207,0.0,Norte,2024-05-10,False,False,False,Inmediato,False,631,667415.84,2.888888888888889,True,True
PROD-2963,Tablets,1823.0,957.19,294,0.0,Occidente,2025-01-10,False,False,False,Inmediato,False,386,1744957.37,6.200680272108843,True,True
PROD-2964,Monitores,517.0,892.1,173,3.0,BOD-EXT-99,2024-12-20,False,False,False,3,False,407,461215.7,2.9884393063583814,True,True
PROD-2965,Laptops,394.0,1125.44,274,10.0,BOD-EXT-99,2025-05-08,False,False,False,10,False,268,443423.36000000004,1.437956204379562,False,True
PROD-2966,Laptops,312.0,1029.08,283,5.0,ZONA_FRANCA,2025-08-14,False,False,False,,True,170,321072.95999999996,1.1024734982332156,False,False
PROD-2967,Laptops,1161.0,348.53,122,0.0,Norte,2024-06-27,True,False,False,Inmediato,False,583,404643.32999999996,9.51639344262295,True,False
PROD-2968,Laptops,691.0,561.1,117,5.0,ZONA_FRANCA,2024-03-12,False,False,False,5,False,690,387720.10000000003,5.905982905982906,True,True
PROD-2969,Laptops,1991.0,232.86,228,5.0,Norte,2025-08-15,False,False,False,,True,169,463624.26,8.732456140350877,True,False
PROD-2970,Laptops,629.0,238.29,134,0.0,Sur,2025-08-26,False,False,False,Inmediato,False,158,149884.41,4.6940298507462686,True,True
PROD-2971,Monitores,1592.0,1030.48,163,10.0,BOD-EXT-99,2024-09-10,False,False,False,10,False,508,1640524.16,9.766871165644172,True,True
PROD-2972,Smartphones,1522.0,1294.97,285,5.0,Sur,2024-11-11,False,False,False,5,False,446,1970944.34,5.340350877192982,True,True
PROD-2973,Laptops,1308.0,1445.96,158,5.0,ZONA_FRANCA,2024-04-06,True,False,False,,True,665,1891315.68,8.278481012658228,True,False
PROD-2974,Tablets,12.0,961.1,100,5.0,Occidente,2025-11-11,False,False,False,5,False,81,11533.2,0.12,False,True
PROD-2975,Laptops,1019.5,316.95,230,3.0,Norte,2025-12-06,False,True,False,3,False,56,323130.52499999997,4.432608695652174,True,False
PROD-2976,Smartphones,1112.0,203.19,166,27.5,Occidente,2024-08-31,False,False,False,25-30 días,False,518,225947.28,6.698795180722891,True,True
PROD-2977,Smartphones,1178.0,1228.63,136,3.0,Occidente,2025-10-12,False,False,False,3,False,111,1447326.1400000001,8.661764705882353,True,True
PROD-2978,Smartphones,205.0,889.2,128,5.0,Norte,2025-12-15,False,False,False,,True,47,182286.0,1.6015625,False,False
PROD-2979,Tablets,84.0,946.51,188,27.5,BOD-EXT-99,2024-06-19,False,False,False,25-30 días,False,591,79506.84,0.44680851063829785,False,True
PROD-2980,Monitores,824.0,1183.12,260,3.0,Sur,2025-01-21,False,False,False,3,False,375,974890.8799999999,3.169230769230769,True,True
PROD-2981,Accesorios,771.0,1069.75,199,27.5,Sur,2025-12-30,False,False,False,25-30 días,False,32,824777.25,3.8743718592964824,True,True
PROD-2982,Accesorios,772.0,1259.96,288,0.0,BOD-EXT-99,2024-09-15,False,False,False,Inmediato,False,503,972689.12,2.6805555555555554,True,True
PROD-2983,Smartphones,923.0,131.51,221,5.0,Norte,2024-05-15,False,False,False,5,False,626,121383.73,4.176470588235294,True,True
PROD-2984,Laptops,1727.0,1133.9,189,27.5,Norte,2026-01-29,False,False,False,25-30 días,False,2,1958245.3,9.137566137566138,True,True
PROD-2985,Laptops,70.0,1283.74,231,0.0,Occidente,2024-10-03,False,False,False,Inmediato,False,485,89861.8,0.30303030303030304,False,True
PROD-2986,Tablets,1587.0,464.9,113,10.0,ZONA_FRANCA,2024-09-03,False,False,False,10,False,515,737796.2999999999,14.044247787610619,True,True
PROD-2987,Accesorios,1314.0,978.65,260,3.0,Sur,2025-12-21,False,False,False,3,False,41,1285946.0999999999,5.053846153846154,True,True
PROD-2988,Smartphones,957.0,505.53,249,10.0,BOD-EXT-99,2026-01-23,False,False,False,10,False,8,483792.20999999996,3.8433734939759034,True,True
PROD-2989,Monitores,874.0,1439.06,275,5.0,ZONA_FRANCA,2024-04-15,False,False,False,,True,656,1257738.44,3.178181818181818,True,False
PROD-2990,Accesorios,594.0,98.46,230,0.0,Norte,2024-06-02,False,False,False,Inmediato,False,608,58485.24,2.582608695652174,True,True
PROD-2991,Smartphones,1982.0,890.7,184,10.0,ZONA_FRANCA,2025-09-12,False,False,False,10,False,141,1765367.4000000001,10.771739130434783,True,True
PROD-2992,Smartphones,191.0,291.43,250,10.0,ZONA_FRANCA,2024-11-22,False,False,False,10,False,435,55663.130000000005,0.764,False,True
PROD-2993,Laptops,1569.0,1082.72,295,0.0,Occidente,2026-01-05,False,False,False,Inmediato,False,26,1698787.68,5.31864406779661,True,True
PROD-2994,Monitores,752.0,305.04,120,5.0,Norte,2025-12-20,False,False,False,5,False,42,229390.08000000002,6.266666666666667,True,True
PROD-2995,Laptops,913.0,391.31,270,27.5,ZONA_FRANCA,2025-09-23,False,False,False,25-30 días,False,130,357266.03,3.3814814814814813,True,True
PROD-2996,Tablets,18.0,766.84,125,5.0,Sur,2025-06-30,False,False,False,,True,215,13803.12,0.144,False,False
PROD-2997,Laptops,1102.0,1376.51,140,5.0,Norte,2024-06-05,False,False,False,,True,605,1516914.02,7.871428571428571,True,False
PROD-2998,Smartphones,145.0,356.99,221,3.0,Sur,2024-08-30,False,False,False,3,False,519,51763.55,0.6561085972850679,False,True
PROD-2999,Laptops,695.0,259.15,137,27.5,BOD-EXT-99,2024-06-13,False,False,False,25-30 días,False,597,180109.24999999997,5.072992700729927,True,True
PROD-3000,Smartphones,1058.0,1150.52,187,3.0,BOD-EXT-99,2025-02-21,False,True,False,3,False,344,1217250.16,5.657754010695188,True,False
PROD-3001,Accesorios,1638.0,775.9,110,5.0,Norte,2024-09-11,False,False,False,,True,507,1270924.2,14.89090909090909,True,False
PROD-3002,Laptops,226.0,1372.09,128,27.5,BOD-EXT-99,2024-04-22,False,False,False,25-30 días,False,649,310092.33999999997,1.765625,False,True
PROD-3003,Laptops,10.0,262.59,159,10.0,ZONA_FRANCA,2024-12-15,True,False,False,10,False,412,2625.8999999999996,0.06289308176100629,False,False
PROD-3004,Laptops,1863.0,986.6,294,5.0,Norte,2025-05-31,True,False,False,5,False,245,1838035.8,6.336734693877551,True,False
PROD-3005,Smartphones,1722.0,387.67,292,10.0,BOD-EXT-99,2024-11-09,False,False,False,10,False,448,667567.74,5.897260273972603,True,True
PROD-3006,Laptops,1284.0,277.3,160,5.0,Sur,2026-01-11,True,False,False,5,False,20,356053.2,8.025,True,False
PROD-3007,Smartphones,1787.0,1040.97,246,0.0,ZONA_FRANCA,2024-12-20,False,False,False,Inmediato,False,407,1860213.3900000001,7.264227642276423,True,True
PROD-3008,Monitores,516.0,910.84,273,3.0,BOD-EXT-99,2024-11-01,False,False,False,3,False,456,469993.44,1.89010989010989,False,True
PROD-3009,Laptops,1521.0,1144.5,276,3.0,Occidente,2024-11-14,False,False,False,3,False,443,1740784.5,5.510869565217392,True,True
PROD-3010,Smartphones,571.0,498.72,121,0.0,Sur,2025-05-12,False,False,False,Inmediato,False,264,284769.12,4.7190082644628095,True,True
PROD-3011,Monitores,1975.0,699.56,177,27.5,Sur,2024-04-12,False,False,False,25-30 días,False,659,1381631.0,11.158192090395481,True,True
PROD-3012,Laptops,1150.0,637.93,212,0.0,Norte,2025-08-01,False,False,False,Inmediato,False,183,733619.5,5.4245283018867925,True,True
PROD-3013,Laptops,263.0,1476.93,284,5.0,Occidente,2025-06-19,True,False,False,,True,226,388432.59,0.926056338028169,False,False
PROD-3014,Laptops,1186.0,473.76,222,0.0,Norte,2024-08-02,False,False,False,Inmediato,False,547,561879.36,5.342342342342342,True,True
PROD-3015,Laptops,86.0,477.48,241,5.0,BOD-EXT-99,2025-05-31,True,False,False,5,False,245,41063.28,0.35684647302904565,False,False
PROD-3016,Laptops,979.0,564.09,143,5.0,Occidente,2025-11-20,False,False,False,,True,72,552244.11,6.846153846153846,True,False
PROD-3017,Tablets,611.0,868.66,243,0.0,Sur,2025-09-04,False,False,False,Inmediato,False,149,530751.26,2.51440329218107,True,True
PROD-3018,Laptops,36.0,415.87,196,3.0,Norte,2024-09-06,False,False,False,3,False,512,14971.32,0.1836734693877551,False,True
PROD-3019,Accesorios,1258.0,1377.17,176,10.0,ZONA_FRANCA,2025-11-24,False,False,False,10,False,68,1732479.86,7.1477272727272725,True,True
PROD-3020,Smartphones,1650.0,435.24,239,5.0,Occidente,2025-06-16,False,False,False,5,False,229,718146.0,6.903765690376569,True,True
PROD-3021,Smartphones,444.0,1348.93,154,5.0,Sur,2025-11-21,False,False,False,5,False,71,598924.92,2.883116883116883,True,True
PROD-3022,Tablets,1597.0,200.04,150,27.5,Norte,2024-06-03,False,False,False,25-30 días,False,607,319463.88,10.646666666666667,True,True
PROD-3023,Laptops,1892.0,1002.02,201,10.0,Occidente,2024-12-31,False,False,False,10,False,396,1895821.8399999999,9.412935323383085,True,True
PROD-3024,Monitores,1018.0,1365.13,266,5.0,Occidente,2025-11-09,False,False,False,5,False,83,1389702.34,3.827067669172932,True,True
PROD-3025,Tablets,1020.0,294.69,260,0.0,BOD-EXT-99,2025-04-08,False,True,False,Inmediato,False,298,300583.8,3.923076923076923,True,False
PROD-3026,Smartphones,1374.0,1454.07,260,5.0,ZONA_FRANCA,2025-04-14,False,False,False,5,False,292,1997892.18,5.2846153846153845,True,True
PROD-3027,Laptops,546.0,706.68,128,5.0,BOD-EXT-99,2025-06-23,True,False,False,5,False,222,385847.27999999997,4.265625,True,False
PROD-3028,Tablets,399.0,1421.29,168,5.0,Occidente,2025-06-30,False,False,False,5,False,215,567094.71,2.375,True,True
PROD-3029,Laptops,434.0,1031.39,297,27.5,Occidente,2025-06-15,True,False,False,25-30 días,False,230,447623.26000000007,1.4612794612794613,False,False
PROD-3030,Smartphones,595.0,487.3,258,5.0,ZONA_FRANCA,2024-12-23,False,False,False,5,False,404,289943.5,2.306201550387597,True,True
PROD-3031,Laptops,1579.0,323.04,179,5.0,ZONA_FRANCA,2025-08-16,False,False,False,5,False,168,510080.16000000003,8.82122905027933,True,True
PROD-3032,Smartphones,611.0,490.42,130,27.5,Norte,2025-03-09,False,False,False,25-30 días,False,328,299646.62,4.7,True,True
PROD-3033,Tablets,707.0,184.88,211,5.0,Sur,2024-12-02,False,False,False,,True,425,130710.16,3.3507109004739335,True,False
PROD-3034,Monitores,238.0,258.61,145,10.0,Sur,2024-07-27,False,False,False,10,False,553,61549.18,1.6413793103448275,False,True
PROD-3035,Laptops,670.0,201.76,196,5.0,Norte,2025-07-20,False,False,False,,True,195,135179.19999999998,3.4183673469387754,True,False
PROD-3036,Tablets,587.0,663.27,151,3.0,Sur,2024-06-03,False,False,False,3,False,607,389339.49,3.8874172185430464,True,True
PROD-3037,Smartphones,448.0,1203.59,237,27.5,Occidente,2024-08-24,False,False,False,25-30 días,False,525,539208.32,1.890295358649789,False,True
PROD-3038,Laptops,583.0,255.01,173,27.5,Norte,2024-05-17,False,False,False,25-30 días,False,624,148670.83,3.3699421965317917,True,True
PROD-3039,Smartphones,1623.0,238.96,140,5.0,Norte,2025-11-16,False,False,False,5,False,76,387832.08,11.592857142857143,True,True
PROD-3040,Monitores,1980.0,982.97,176,5.0,Sur,2025-04-30,False,False,False,5,False,276,1946280.6,11.25,True,True
PROD-3041,Smartphones,64.0,335.92,230,3.0,Norte,2024-10-23,False,False,False,3,False,465,21498.88,0.2782608695652174,False,True
PROD-3042,Laptops,623.0,191.53,286,5.0,Sur,2024-11-10,False,False,False,5,False,447,119323.19,2.1783216783216783,True,True
PROD-3043,Smartphones,1686.0,291.93,213,0.0,BOD-EXT-99,2025-03-18,False,False,False,Inmediato,False,319,492193.98000000004,7.915492957746479,True,True
PROD-3044,Laptops,1207.0,1389.41,151,5.0,Norte,2025-08-25,True,False,False,5,False,159,1677017.87,7.993377483443709,True,False
PROD-3045,Laptops,96.0,1241.13,261,5.0,Norte,2024-09-27,True,False,False,5,False,491,119148.48000000001,0.367816091954023,False,False
PROD-3046,Tablets,361.0,563.39,276,0.0,Norte,2025-03-25,False,False,False,Inmediato,False,312,203383.79,1.3079710144927537,False,True
PROD-3047,Smartphones,1637.0,1000.94,255,3.0,Occidente,2024-05-11,False,False,False,3,False,630,1638538.78,6.419607843137255,True,True
PROD-3048,Smartphones,1482.0,829.05,186,0.0,ZONA_FRANCA,2025-08-24,False,False,False,Inmediato,False,160,1228652.0999999999,7.967741935483871,True,True
PROD-3049,Monitores,86.0,1031.83,208,27.5,Norte,2025-03-30,False,False,False,25-30 días,False,307,88737.37999999999,0.41346153846153844,False,True
PROD-3050,Tablets,1020.0,1039.87,240,0.0,BOD-EXT-99,2025-09-08,False,True,False,Inmediato,False,145,1060667.4,4.25,True,False
PROD-3051,Smartphones,1058.0,961.66,168,10.0,ZONA_FRANCA,2024-03-28,False,True,False,10,False,674,1017436.2799999999,6.2976190476190474,True,False
PROD-3052,Laptops,1909.0,435.85,219,27.5,Occidente,2025-01-01,False,False,False,25-30 días,False,395,832037.65,8.71689497716895,True,True
PROD-3053,Accesorios,951.0,106.56,166,5.0,BOD-EXT-99,2024-03-12,False,False,False,5,False,690,101338.56,5.728915662650603,True,True
PROD-3054,Smartphones,398.0,710.57,160,27.5,ZONA_FRANCA,2025-11-04,False,False,False,25-30 días,False,88,282806.86000000004,2.4875,True,True
PROD-3055,Smartphones,1898.0,1341.91,287,3.0,Occidente,2025-03-30,False,False,False,3,False,307,2546945.18,6.613240418118467,True,True
PROD-3056,Tablets,895.0,875.77,170,3.0,ZONA_FRANCA,2024-08-04,False,False,False,3,False,545,783814.15,5.264705882352941,True,True
PROD-3057,Smartphones,1327.0,1256.97,251,0.0,ZONA_FRANCA,2025-01-26,False,False,False,Inmediato,False,370,1667999.19,5.286852589641434,True,True
PROD-3058,Tablets,1472.0,1487.86,290,27.5,Sur,2024-11-07,False,False,False,25-30 días,False,450,2190129.92,5.075862068965518,True,True
PROD-3059,Smartphones,90.0,287.24,288,5.0,BOD-EXT-99,2025-08-18,False,False,False,5,False,166,25851.600000000002,0.3125,False,True
PROD-3060,Laptops,1870.0,1053.08,250,3.0,BOD-EXT-99,2025-01-05,False,False,False,3,False,391,1969259.5999999999,7.48,True,True
PROD-3061,Laptops,42.0,1027.73,129,5.0,Norte,2024-05-05,False,False,False,,True,636,43164.66,0.32558139534883723,False,False
PROD-3062,Smartphones,188.0,1470.94,287,5.0,BOD-EXT-99,2024-09-28,False,False,False,5,False,490,276536.72000000003,0.6550522648083623,False,True
PROD-3063,Laptops,154.0,1479.12,245,5.0,BOD-EXT-99,2025-09-04,True,False,False,,True,149,227784.47999999998,0.6285714285714286,False,False
PROD-3064,Smartphones,1406.0,1045.68,195,10.0,ZONA_FRANCA,2024-10-21,False,False,False,10,False,467,1470226.08,7.21025641025641,True,True
PROD-3065,Accesorios,194.0,403.24,155,5.0,Norte,2025-12-20,False,False,False,,True,42,78228.56,1.2516129032258065,False,False
PROD-3066,Accesorios,781.0,1207.91,152,3.0,Sur,2026-01-03,False,False,False,3,False,28,943377.7100000001,5.1381578947368425,True,True
PROD-3067,Monitores,244.0,205.19,106,0.0,Norte,2024-05-10,False,False,False,Inmediato,False,631,50066.36,2.30188679245283,True,True
PROD-3068,Tablets,805.0,1182.01,196,10.0,Sur,2026-01-01,False,False,False,10,False,30,951518.05,4.107142857142857,True,True
PROD-3069,Smartphones,20.0,1369.78,296,27.5,Norte,2024-03-10,False,False,False,25-30 días,False,692,27395.6,0.06756756756756757,False,True
PROD-3070,Monitores,1242.0,605.11,212,5.0,Occidente,2024-03-29,False,False,False,5,False,673,751546.62,5.8584905660377355,True,True
PROD-3071,Smartphones,1298.0,964.42,224,3.0,ZONA_FRANCA,2025-09-26,False,False,False,3,False,127,1251817.16,5.794642857142857,True,True
PROD-3072,Laptops,254.0,673.71,299,10.0,BOD-EXT-99,2025-04-13,True,False,False,10,False,293,171122.34,0.8494983277591973,False,False
PROD-3073,Tablets,980.0,684.76,279,10.0,BOD-EXT-99,2024-11-17,False,False,False,10,False,440,671064.8,3.5125448028673834,True,True
PROD-3074,Smartphones,1287.0,500.04,231,3.0,Norte,2025-01-09,False,False,False,3,False,387,643551.48,5.571428571428571,True,True
PROD-3075,Smartphones,1058.0,1155.09,261,27.5,Sur,2024-04-30,False,True,False,25-30 días,False,641,1222085.22,4.053639846743295,True,False
PROD-3076,Accesorios,766.0,1407.46,296,27.5,Sur,2024-08-26,False,False,False,25-30 días,False,523,1078114.36,2.5878378378378377,True,True
PROD-3077,Smartphones,1076.0,1414.09,260,0.0,Sur,2024-08-03,False,False,False,Inmediato,False,546,1521560.8399999999,4.138461538461539,True,True
PROD-3078,Smartphones,770.0,303.43,220,5.0,BOD-EXT-99,2025-10-14,False,False,False,,True,109,233641.1,3.5,True,False
PROD-3079,Laptops,142.0,1318.38,296,27.5,Sur,2025-03-10,True,False,False,25-30 días,False,327,187209.96000000002,0.4797297297297297,False,False
PROD-3080,Laptops,1726.0,1119.28,137,0.0,ZONA_FRANCA,2024-12-23,False,False,False,Inmediato,False,404,1931877.28,12.598540145985401,True,True
PROD-3081,Accesorios,478.0,416.61,221,5.0,Norte,2025-06-01,False,False,False,,True,244,199139.58000000002,2.16289592760181,True,False
PROD-3082,Monitores,200.0,147.56,125,10.0,BOD-EXT-99,2025-08-22,False,False,False,10,False,162,29512.0,1.6,False,True
PROD-3083,Laptops,1738.0,438.6,228,3.0,ZONA_FRANCA,2024-07-21,False,False,False,3,False,559,762286.8,7.62280701754386,True,True
PROD-3084,Laptops,1976.0,1372.7,103,27.5,Occidente,2024-12-29,False,False,False,25-30 días,False,398,2712455.2,19.184466019417474,True,True
PROD-3085,Monitores,1353.0,968.11,138,0.0,ZONA_FRANCA,2024-06-28,False,False,False,Inmediato,False,582,1309852.83,9.804347826086957,True,True
PROD-3086,Tablets,1117.0,1095.53,153,10.0,ZONA_FRANCA,2024-12-29,False,False,False,10,False,398,1223707.01,7.300653594771242,True,True
PROD-3087,Laptops,1046.0,422.87,260,27.5,Occidente,2024-09-26,False,False,False,25-30 días,False,492,442322.02,4.023076923076923,True,True
PROD-3088,Laptops,1797.0,1093.11,132,5.0,ZONA_FRANCA,2024-04-26,True,False,False,5,False,645,1964318.67,13.613636363636363,True,False
PROD-3089,Monitores,454.0,90.78,299,10.0,Norte,2025-06-07,False,False,False,10,False,238,41214.12,1.5183946488294315,False,True
PROD-3090,Tablets,1571.0,594.22,119,27.5,BOD-EXT-99,2024-10-24,False,False,False,25-30 días,False,464,933519.62,13.201680672268907,True,True
PROD-3091,Accesorios,1337.0,958.79,115,10.0,Norte,2024-07-01,False,False,False,10,False,579,1281902.23,11.626086956521739,True,True
PROD-3092,Laptops,1172.0,261.84,248,3.0,Occidente,2025-12-31,False,False,False,3,False,31,306876.48,4.725806451612903,True,True
PROD-3093,Tablets,667.0,1243.36,272,3.0,BOD-EXT-99,2025-10-01,False,False,False,3,False,122,829321.1199999999,2.452205882352941,True,True
PROD-3094,Smartphones,288.0,390.8,226,3.0,Sur,2024-08-16,False,False,False,3,False,533,112550.40000000001,1.2743362831858407,False,True
PROD-3095,Smartphones,608.0,995.81,186,5.0,Norte,2024-04-05,False,False,False,,True,666,605452.48,3.2688172043010755,True,False
PROD-3096,Tablets,911.0,637.54,181,5.0,Norte,2025-10-14,False,False,False,5,False,109,580798.94,5.033149171270718,True,True
PROD-3097,Tablets,378.0,914.26,161,3.0,Norte,2025-05-06,False,False,False,3,False,270,345590.27999999997,2.347826086956522,True,True
PROD-3098,Laptops,848.0,205.8,130,5.0,Norte,2025-01-17,False,False,False,5,False,379,174518.40000000002,6.523076923076923,True,True
PROD-3099,Smartphones,88.0,74.52,141,3.0,Sur,2025-04-07,False,False,False,3,False,299,6557.759999999999,0.624113475177305,False,True
PROD-3100,Smartphones,1058.0,1368.87,111,5.0,Norte,2024-05-15,False,True,False,,True,626,1448264.46,9.531531531531531,True,False
PROD-3101,Monitores,491.0,440.96,164,10.0,Norte,2025-05-28,False,False,False,10,False,248,216511.36,2.9939024390243905,True,True
PROD-3102,Monitores,1205.0,1238.53,172,27.5,Sur,2024-08-29,False,False,False,25-30 días,False,520,1492428.65,7.005813953488372,True,True
PROD-3103,Tablets,333.0,1499.06,230,27.5,Occidente,2025-12-29,False,False,False,25-30 días,False,33,499186.98,1.4478260869565218,False,True
PROD-3104,Laptops,143.0,356.58,214,3.0,Sur,2025-06-18,True,False,False,3,False,227,50990.939999999995,0.6682242990654206,False,False
PROD-3105,Laptops,1845.0,434.5,236,27.5,ZONA_FRANCA,2024-06-26,True,False,False,25-30 días,False,584,801652.5,7.817796610169491,True,False
PROD-3106,Smartphones,681.0,1011.15,205,3.0,BOD-EXT-99,2024-12-29,False,False,False,3,False,398,688593.15,3.321951219512195,True,True
PROD-3107,Smartphones,634.0,1449.9,278,3.0,Sur,2024-06-27,False,False,False,3,False,583,919236.6000000001,2.2805755395683454,True,True
PROD-3108,Smartphones,31.0,1377.93,115,0.0,Sur,2024-07-11,False,False,False,Inmediato,False,569,42715.83,0.26956521739130435,False,True
PROD-3109,Laptops,481.0,779.17,177,0.0,Sur,2025-06-26,False,False,False,Inmediato,False,219,374780.76999999996,2.7175141242937855,True,True
PROD-3110,Accesorios,1933.0,1202.91,224,0.0,Norte,2025-01-26,False,False,False,Inmediato,False,370,2325225.0300000003,8.629464285714286,True,True
PROD-3111,Monitores,170.0,246.83,230,5.0,Norte,2024-08-22,False,False,False,5,False,527,41961.1,0.7391304347826086,False,True
PROD-3112,Laptops,584.0,1467.29,251,0.0,Sur,2025-11-18,False,False,False,Inmediato,False,74,856897.36,2.3266932270916336,True,True
PROD-3113,Laptops,1719.0,1448.31,240,3.0,Sur,2024-05-24,False,False,False,3,False,617,2489644.89,7.1625,True,True
PROD-3114,Monitores,1824.0,287.41,229,5.0,ZONA_FRANCA,2025-09-18,False,False,False,,True,135,524235.84,7.965065502183406,True,False
PROD-3115,Laptops,1019.5,484.16,298,5.0,ZONA_FRANCA,2025-11-19,False,True,False,,True,73,493601.12000000005,3.4211409395973154,True,False
PROD-3116,Monitores,1667.0,195.22,211,10.0,Occidente,2025-05-23,False,False,False,10,False,253,325431.74,7.900473933649289,True,True
PROD-3117,Accesorios,155.0,443.99,226,0.0,Occidente,2026-01-14,False,False,False,Inmediato,False,17,68818.45,0.6858407079646017,False,True
PROD-3118,Laptops,1805.0,1233.14,120,5.0,ZONA_FRANCA,2025-12-20,False,False,False,,True,42,2225817.7,15.041666666666666,True,False
PROD-3119,Laptops,1019.5,598.56,246,0.0,Norte,2025-12-13,True,True,False,Inmediato,False,49,610231.9199999999,4.144308943089431,True,False
PROD-3120,Laptops,593.0,178.18,188,10.0,Occidente,2024-09-04,True,False,False,10,False,514,105660.74,3.154255319148936,True,False
PROD-3121,Accesorios,1480.0,546.23,146,5.0,BOD-EXT-99,2024-07-10,False,False,False,,True,570,808420.4,10.136986301369863,True,False
PROD-3122,Smartphones,1857.0,1473.01,249,3.0,BOD-EXT-99,2024-07-05,False,False,False,3,False,575,2735379.57,7.457831325301205,True,True
PROD-3123,Laptops,847.0,963.04,260,5.0,Norte,2024-06-29,False,False,False,5,False,581,815694.88,3.2576923076923077,True,True
PROD-3124,Tablets,1035.0,653.43,259,0.0,ZONA_FRANCA,2025-04-04,False,False,False,Inmediato,False,302,676300.0499999999,3.996138996138996,True,True
PROD-3125,Laptops,1019.5,291.48,291,5.0,Occidente,2025-09-12,False,True,False,,True,141,297163.86000000004,3.5034364261168385,True,False
PROD-3126,Laptops,1229.0,1479.96,184,5.0,Sur,2025-07-14,False,False,False,,True,201,1818870.84,6.679347826086956,True,False
PROD-3127,Smartphones,620.0,1240.23,266,10.0,ZONA_FRANCA,2025-07-09,False,False,False,10,False,206,768942.6,2.330827067669173,True,True
PROD-3128,Smartphones,1455.0,458.14,227,3.0,Occidente,2024-12-13,False,False,False,3,False,414,666593.7,6.409691629955947,True,True
PROD-3129,Accesorios,668.0,151.6,171,27.5,Norte,2025-06-25,False,False,False,25-30 días,False,220,101268.8,3.9064327485380117,True,True
PROD-3130,Monitores,1021.0,132.11,141,5.0,BOD-EXT-99,2025-02-04,False,False,False,,True,361,134884.31000000003,7.24113475177305,True,False
PROD-3131,Laptops,1905.0,224.55,108,5.0,Norte,2025-11-12,False,False,False,5,False,80,427767.75,17.63888888888889,True,True
PROD-3132,Laptops,1109.0,892.11,124,10.0,Occidente,2024-07-18,False,False,False,10,False,562,989349.99,8.943548387096774,True,True
PROD-3133,Laptops,199.0,1396.71,101,5.0,Norte,2025-04-22,False,False,False,,True,284,277945.29,1.9702970297029703,False,False
PROD-3134,Smartphones,1842.0,770.28,118,5.0,Occidente,2025-01-28,False,False,False,,True,368,1418855.76,15.610169491525424,True,False
PROD-3135,Monitores,1803.0,1272.27,119,10.0,Occidente,2024-09-27,False,False,False,10,False,491,2293902.81,15.15126050420168,True,True
PROD-3136,Laptops,1453.0,696.54,169,10.0,Norte,2025-02-20,False,False,False,10,False,345,1012072.62,8.597633136094675,True,True
PROD-3137,Laptops,1184.0,1077.45,116,0.0,Norte,2025-07-12,True,False,False,Inmediato,False,203,1275700.8,10.206896551724139,True,False
PROD-3138,Laptops,1019.5,1111.22,223,5.0,Sur,2026-01-07,False,True,False,,True,24,1132888.79,4.571748878923767,True,False
PROD-3139,Tablets,532.0,302.25,188,27.5,ZONA_FRANCA,2024-07-28,False,False,False,25-30 días,False,552,160797.0,2.8297872340425534,True,True
PROD-3140,Accesorios,1238.0,573.76,295,5.0,BOD-EXT-99,2025-11-24,False,False,False,5,False,68,710314.88,4.196610169491525,True,True
PROD-3141,Tablets,169.0,974.09,193,3.0,Sur,2024-09-03,False,False,False,3,False,515,164621.21,0.8756476683937824,False,True
PROD-3142,Laptops,1875.0,152.51,183,3.0,ZONA_FRANCA,2024-09-27,False,False,False,3,False,491,285956.25,10.245901639344263,True,True
PROD-3143,Monitores,940.0,574.23,230,27.5,ZONA_FRANCA,2025-06-06,False,False,False,25-30 días,False,239,539776.2000000001,4.086956521739131,True,True
PROD-3144,Laptops,1762.0,825.46,186,10.0,BOD-EXT-99,2025-02-05,False,False,False,10,False,360,1454460.52,9.473118279569892,True,True
PROD-3145,Laptops,807.0,1494.53,150,10.0,Sur,2024-11-17,True,False,False,10,False,440,1206085.71,5.38,True,False
PROD-3146,Laptops,753.0,738.07,181,10.0,BOD-EXT-99,2026-01-01,False,False,False,10,False,30,555766.7100000001,4.1602209944751385,True,True
PROD-3147,Monitores,439.0,1233.28,253,5.0,Occidente,2024-05-13,False,False,False,,True,628,541409.92,1.7351778656126482,False,False
PROD-3148,Laptops,1730.0,676.5,283,10.0,BOD-EXT-99,2024-06-09,False,False,False,10,False,601,1170345.0,6.113074204946996,True,True
PROD-3149,Smartphones,1443.0,1204.77,291,10.0,Norte,2024-03-13,False,False,False,10,False,689,1738483.1099999999,4.958762886597938,True,True
PROD-3150,Laptops,1019.5,913.35,107,5.0,Norte,2024-04-15,False,True,False,,True,656,931160.3250000001,9.52803738317757,True,False
PROD-3151,Smartphones,1655.0,1335.56,264,5.0,Norte,2025-03-16,False,False,False,,True,321,2210351.8,6.268939393939394,True,False
PROD-3152,Laptops,3.0,645.87,220,27.5,Norte,2025-02-22,False,False,False,25-30 días,False,343,1937.6100000000001,0.013636363636363636,False,True
PROD-3153,Laptops,565.0,926.24,254,0.0,Sur,2024-08-14,False,False,False,Inmediato,False,535,523325.6,2.2244094488188977,True,True
PROD-3154,Laptops,1032.0,963.53,272,5.0,Sur,2025-02-11,True,False,False,,True,354,994362.96,3.7941176470588234,True,False
PROD-3155,Accesorios,1798.0,655.21,103,5.0,Occidente,2024-10-18,False,False,False,5,False,470,1178067.58,17.45631067961165,True,True
PROD-3156,Accesorios,904.0,259.25,185,10.0,Norte,2025-10-19,False,False,False,10,False,104,234362.0,4.886486486486486,True,True
PROD-3157,Smartphones,1579.0,185.66,227,0.0,Occidente,2025-03-16,False,False,False,Inmediato,False,321,293157.14,6.955947136563877,True,True
PROD-3158,Tablets,599.0,74.17,209,3.0,Norte,2024-07-09,False,False,False,3,False,571,44427.83,2.8660287081339715,True,True
PROD-3159,Monitores,344.0,1316.62,198,27.5,Sur,2024-08-23,False,False,False,25-30 días,False,526,452917.27999999997,1.7373737373737375,False,True
PROD-3160,Monitores,1309.0,392.89,136,0.0,Norte,2024-09-15,False,False,False,Inmediato,False,503,514293.01,9.625,True,True
PROD-3161,Monitores,320.0,356.68,170,5.0,Norte,2025-11-08,False,False,False,,True,84,114137.6,1.8823529411764706,False,False
PROD-3162,Smartphones,807.0,1117.25,132,10.0,Norte,2025-06-11,False,False,False,10,False,234,901620.75,6.113636363636363,True,True
PROD-3163,Accesorios,740.0,514.02,130,10.0,BOD-EXT-99,2025-05-14,False,False,False,10,False,262,380374.8,5.6923076923076925,True,True
PROD-3164,Laptops,607.0,783.76,282,10.0,Norte,2026-01-26,False,False,False,10,False,5,475742.32,2.152482269503546,True,True
PROD-3165,Smartphones,1342.0,285.64,224,0.0,ZONA_FRANCA,2024-09-25,False,False,False,Inmediato,False,493,383328.88,5.991071428571429,True,True
PROD-3166,Laptops,333.0,1441.63,111,10.0,Norte,2025-04-18,True,False,False,10,False,288,480062.79000000004,3.0,True,False
PROD-3167,Smartphones,188.0,1284.79,110,5.0,Norte,2024-07-11,False,False,False,,True,569,241540.52,1.709090909090909,False,False
PROD-3168,Laptops,144.0,1302.49,187,0.0,ZONA_FRANCA,2024-04-15,False,False,False,Inmediato,False,656,187558.56,0.7700534759358288,False,True
PROD-3169,Laptops,1102.0,639.82,171,10.0,ZONA_FRANCA,2024-07-27,True,False,False,10,False,553,705081.64,6.444444444444445,True,False
PROD-3170,Smartphones,1965.0,1155.42,131,3.0,ZONA_FRANCA,2025-02-16,False,False,False,3,False,349,2270400.3000000003,15.0,True,True
PROD-3171,Laptops,105.0,258.62,156,3.0,Occidente,2025-07-16,False,False,False,3,False,199,27155.100000000002,0.6730769230769231,False,True
PROD-3172,Monitores,872.0,62.5,265,5.0,Occidente,2024-03-17,False,False,False,5,False,685,54500.0,3.290566037735849,True,True
PROD-3173,Tablets,1559.0,78.96,287,10.0,ZONA_FRANCA,2025-03-03,False,False,False,10,False,334,123098.63999999998,5.43205574912892,True,True
PROD-3174,Laptops,924.0,900.57,185,10.0,BOD-EXT-99,2024-06-04,False,False,False,10,False,606,832126.68,4.994594594594594,True,True
PROD-3175,Smartphones,1058.0,710.32,118,0.0,Norte,2025-06-29,False,True,False,Inmediato,False,216,751518.56,8.966101694915254,True,False
PROD-3176,Accesorios,1180.0,801.12,215,0.0,Norte,2024-05-19,False,False,False,Inmediato,False,622,945321.6,5.488372093023256,True,True
PROD-3177,Accesorios,1764.0,60.82,283,10.0,BOD-EXT-99,2025-02-13,False,False,False,10,False,352,107286.48,6.23321554770318,True,True
PROD-3178,Smartphones,787.0,662.9,113,5.0,Sur,2024-03-11,False,False,False,5,False,691,521702.3,6.964601769911504,True,True
PROD-3179,Laptops,1957.0,1091.2,132,10.0,Occidente,2024-03-28,True,False,False,10,False,674,2135478.4,14.825757575757576,True,False
PROD-3180,Accesorios,1313.0,691.91,109,5.0,Norte,2024-05-11,False,False,False,,True,630,908477.83,12.045871559633028,True,False
PROD-3181,Monitores,153.0,1111.72,179,0.0,Norte,2025-03-13,False,False,False,Inmediato,False,324,170093.16,0.8547486033519553,False,True
PROD-3182,Smartphones,110.0,387.88,291,10.0,Sur,2025-06-18,False,False,False,10,False,227,42666.8,0.37800687285223367,False,True
PROD-3183,Laptops,341.0,1229.06,163,0.0,Sur,2025-09-09,False,False,False,Inmediato,False,144,419109.45999999996,2.0920245398773005,True,True
PROD-3184,Monitores,718.0,903.23,289,10.0,Norte,2025-03-30,False,False,False,10,False,307,648519.14,2.4844290657439445,True,True
PROD-3185,Smartphones,1043.0,355.61,167,27.5,Sur,2024-04-18,False,False,False,25-30 días,False,653,370901.23000000004,6.245508982035928,True,True
PROD-3186,Monitores,354.0,393.24,191,0.0,Norte,2024-05-08,False,False,False,Inmediato,False,633,139206.96,1.8534031413612566,False,True
PROD-3187,Laptops,557.0,960.64,224,5.0,BOD-EXT-99,2025-04-22,False,False,False,5,False,284,535076.48,2.486607142857143,True,True
PROD-3188,Tablets,1564.0,1253.41,270,27.5,Sur,2025-01-05,False,False,False,25-30 días,False,391,1960333.2400000002,5.792592592592593,True,True
PROD-3189,Smartphones,1490.0,652.66,179,5.0,BOD-EXT-99,2025-02-06,False,False,False,,True,359,972463.3999999999,8.324022346368714,True,False
PROD-3190,Tablets,1787.0,424.54,158,10.0,BOD-EXT-99,2025-08-20,False,False,False,10,False,164,758652.98,11.310126582278482,True,True
PROD-3191,Laptops,639.0,1307.17,279,5.0,Sur,2024-06-30,False,False,False,,True,580,835281.63,2.2903225806451615,True,False
PROD-3192,Tablets,1190.0,1020.44,196,0.0,Norte,2025-06-22,False,False,False,Inmediato,False,223,1214323.6,6.071428571428571,True,True
PROD-3193,Laptops,315.0,699.72,118,27.5,ZONA_FRANCA,2025-09-30,False,False,False,25-30 días,False,123,220411.80000000002,2.669491525423729,True,True
PROD-3194,Laptops,1672.0,757.46,248,5.0,Norte,2025-02-22,False,False,False,,True,343,1266473.12,6.741935483870968,True,False
PROD-3195,Tablets,404.0,346.17,121,5.0,Norte,2024-08-26,False,False,False,5,False,523,139852.68,3.3388429752066116,True,True
PROD-3196,Smartphones,53.0,958.86,108,0.0,Sur,2025-12-11,False,False,False,Inmediato,False,51,50819.58,0.49074074074074076,False,True
PROD-3197,Laptops,26.0,570.18,108,27.5,Occidente,2025-09-25,True,False,False,25-30 días,False,128,14824.679999999998,0.24074074074074073,False,False
PROD-3198,Laptops,179.0,1493.69,126,5.0,Sur,2025-09-19,False,False,False,,True,134,267370.51,1.4206349206349207,False,False
PROD-3199,Monitores,1887.0,746.27,116,27.5,Norte,2024-04-15,False,False,False,25-30 días,False,656,1408211.49,16.267241379310345,True,True
PROD-3200,Monitores,961.0,754.53,271,27.5,BOD-EXT-99,2025-09-27,False,True,False,25-30 días,False,126,725103.33,3.5461254612546127,True,False
PROD-3201,Laptops,1155.0,870.49,144,5.0,Occidente,2025-11-22,False,False,False,,True,70,1005415.95,8.020833333333334,True,False
PROD-3202,Smartphones,842.0,1379.3,107,3.0,Occidente,2025-05-04,False,False,False,3,False,272,1161370.5999999999,7.869158878504673,True,True
PROD-3203,Smartphones,1523.0,1211.19,245,10.0,Norte,2025-07-29,False,False,False,10,False,186,1844642.37,6.216326530612245,True,True
PROD-3204,Laptops,1625.0,704.14,224,0.0,ZONA_FRANCA,2026-01-29,False,False,False,Inmediato,False,2,1144227.5,7.254464285714286,True,True
PROD-3205,Laptops,248.0,1092.11,222,0.0,Norte,2025-04-22,False,False,False,Inmediato,False,284,270843.27999999997,1.117117117117117,False,True
PROD-3206,Smartphones,906.0,900.04,132,0.0,Occidente,2026-01-10,False,False,False,Inmediato,False,21,815436.24,6.863636363636363,True,True
PROD-3207,Accesorios,1064.0,763.93,100,27.5,Occidente,2025-08-19,False,False,False,25-30 días,False,165,812821.5199999999,10.64,True,True
PROD-3208,Tablets,1424.0,328.86,105,5.0,ZONA_FRANCA,2025-03-28,False,False,False,,True,309,468296.64,13.561904761904762,True,False
PROD-3209,Laptops,314.0,722.71,140,10.0,Sur,2024-10-12,False,False,False,10,False,476,226930.94,2.242857142857143,True,True
PROD-3210,Monitores,1648.0,406.44,282,5.0,ZONA_FRANCA,2024-09-21,False,False,False,5,False,497,669813.12,5.843971631205674,True,True
PROD-3211,Smartphones,300.0,1376.52,104,0.0,BOD-EXT-99,2024-11-24,False,False,False,Inmediato,False,433,412956.0,2.8846153846153846,True,True
PROD-3212,Tablets,1854.0,536.34,286,5.0,Norte,2025-06-12,False,False,False,,True,233,994374.3600000001,6.4825174825174825,True,False
PROD-3213,Smartphones,961.0,1430.78,179,10.0,Sur,2024-04-02,False,False,False,10,False,669,1374979.58,5.368715083798882,True,True
PROD-3214,Tablets,448.0,822.93,117,10.0,Norte,2024-04-09,False,False,False,10,False,662,368672.63999999996,3.8290598290598292,True,True
PROD-3215,Tablets,899.0,965.74,276,3.0,ZONA_FRANCA,2025-01-21,False,False,False,3,False,375,868200.26,3.2572463768115942,True,True
PROD-3216,Laptops,1944.0,837.26,181,5.0,Sur,2025-05-31,False,False,False,,True,245,1627633.44,10.740331491712707,True,False
PROD-3217,Laptops,1996.0,237.6,164,0.0,ZONA_FRANCA,2025-04-04,False,False,False,Inmediato,False,302,474249.6,12.170731707317072,True,True
PROD-3218,Laptops,457.0,594.94,182,27.5,BOD-EXT-99,2024-12-23,True,False,False,25-30 días,False,404,271887.58,2.510989010989011,True,False
PROD-3219,Smartphones,1277.0,193.76,281,10.0,Norte,2024-04-09,False,False,False,10,False,662,247431.52,4.544483985765124,True,True
PROD-3220,Laptops,115.0,953.28,288,10.0,Occidente,2026-01-11,True,False,False,10,False,20,109627.2,0.3993055555555556,False,False
PROD-3221,Smartphones,869.0,697.97,235,5.0,Sur,2025-05-20,False,False,False,5,False,256,606535.93,3.697872340425532,True,True
PROD-3222,Laptops,63.0,1178.08,230,3.0,Occidente,2024-12-29,False,False,False,3,False,398,74219.04,0.27391304347826084,False,True
PROD-3223,Monitores,941.0,369.68,124,10.0,Norte,2024-08-21,False,False,False,10,False,528,347868.88,7.588709677419355,True,True
PROD-3224,Laptops,1901.0,288.62,168,10.0,Sur,2025-12-12,True,False,False,10,False,50,548666.62,11.31547619047619,True,False
PROD-3225,Monitores,961.0,639.18,282,27.5,Occidente,2024-11-11,False,True,False,25-30 días,False,446,614251.98,3.4078014184397163,True,False
PROD-3226,Smartphones,1208.0,1393.55,267,27.5,Occidente,2025-05-07,False,False,False,25-30 días,False,269,1683408.4,4.52434456928839,True,True
PROD-3227,Laptops,464.0,1080.11,181,5.0,Sur,2024-06-16,False,False,False,5,False,594,501171.04,2.56353591160221,True,True
PROD-3228,Laptops,1181.0,657.44,277,5.0,Occidente,2024-05-06,False,False,False,,True,635,776436.64,4.263537906137184,True,False
PROD-3229,Accesorios,658.0,800.04,216,5.0,Occidente,2025-05-15,False,False,False,5,False,261,526426.32,3.0462962962962963,True,True
PROD-3230,Laptops,288.0,172.11,194,5.0,Sur,2025-02-01,False,False,False,5,False,364,49567.68000000001,1.4845360824742269,False,True
PROD-3231,Monitores,17.0,1477.64,132,27.5,Occidente,2025-12-14,False,False,False,25-30 días,False,48,25119.88,0.12878787878787878,False,True
PROD-3232,Tablets,1546.0,1016.29,210,5.0,Occidente,2024-09-01,False,False,False,,True,517,1571184.3399999999,7.3619047619047615,True,False
PROD-3233,Smartphones,1514.0,463.84,245,27.5,Norte,2024-05-13,False,False,False,25-30 días,False,628,702253.76,6.179591836734694,True,True
PROD-3234,Laptops,332.0,899.42,224,3.0,BOD-EXT-99,2025-10-06,False,False,False,3,False,117,298607.44,1.4821428571428572,False,True
PROD-3235,Laptops,1019.5,208.75,284,0.0,Norte,2024-11-05,True,True,False,Inmediato,False,452,212820.625,3.589788732394366,True,False
PROD-3236,Smartphones,522.0,1450.46,115,0.0,Norte,2024-05-01,False,False,False,Inmediato,False,640,757140.12,4.539130434782609,True,True
PROD-3237,Smartphones,1249.0,303.44,179,3.0,Norte,2024-12-31,False,False,False,3,False,396,378996.56,6.977653631284916,True,True
PROD-3238,Accesorios,1893.0,989.64,137,0.0,Norte,2024-03-20,False,False,False,Inmediato,False,682,1873388.52,13.817518248175183,True,True
PROD-3239,Monitores,600.0,405.91,268,5.0,Norte,2026-01-05,False,False,False,,True,26,243546.00000000003,2.2388059701492535,True,False
PROD-3240,Laptops,1595.0,1090.46,234,27.5,Occidente,2025-01-25,False,False,False,25-30 días,False,371,1739283.7,6.816239316239316,True,True
PROD-3241,Smartphones,943.0,1176.39,177,0.0,Occidente,2025-10-27,False,False,False,Inmediato,False,96,1109335.77,5.327683615819209,True,True
PROD-3242,Laptops,1288.0,1026.46,280,5.0,Norte,2024-08-21,False,False,False,,True,528,1322080.48,4.6,True,False
PROD-3243,Tablets,850.0,941.02,162,27.5,Norte,2024-03-18,False,False,False,25-30 días,False,684,799867.0,5.246913580246914,True,True
PROD-3244,Accesorios,1634.0,1344.08,211,5.0,Occidente,2024-05-29,False,False,False,,True,612,2196226.7199999997,7.7440758293838865,True,False
PROD-3245,Tablets,1535.0,164.01,188,3.0,ZONA_FRANCA,2025-07-30,False,False,False,3,False,185,251755.34999999998,8.164893617021276,True,True
PROD-3246,Laptops,1873.0,529.83,259,5.0,Sur,2024-03-07,False,False,False,5,False,695,992371.5900000001,7.231660231660232,True,True
PROD-3247,Smartphones,1731.0,410.02,137,3.0,Sur,2025-07-01,False,False,False,3,False,214,709744.62,12.635036496350365,True,True
PROD-3248,Laptops,1086.0,1482.62,249,0.0,BOD-EXT-99,2025-05-26,True,False,False,Inmediato,False,250,1610125.3199999998,4.36144578313253,True,False
PROD-3249,Laptops,1894.0,614.62,243,27.5,Sur,2025-06-30,False,False,False,25-30 días,False,215,1164090.28,7.794238683127572,True,True
PROD-3250,Monitores,961.0,1112.29,151,5.0,Norte,2026-01-03,False,True,False,,True,28,1068910.69,6.364238410596027,True,False
PROD-3251,Smartphones,987.0,1042.85,128,0.0,Sur,2025-10-22,False,False,False,Inmediato,False,101,1029292.95,7.7109375,True,True
PROD-3252,Smartphones,1688.0,357.52,243,0.0,Sur,2025-10-01,False,False,False,Inmediato,False,122,603493.76,6.946502057613169,True,True
PROD-3253,Tablets,237.0,396.55,175,5.0,ZONA_FRANCA,2025-12-09,False,False,False,5,False,53,93982.35,1.3542857142857143,False,True
PROD-3254,Laptops,1540.0,457.86,244,0.0,Occidente,2025-04-24,True,False,False,Inmediato,False,282,705104.4,6.311475409836065,True,False
PROD-3255,Accesorios,1695.0,646.13,163,5.0,ZONA_FRANCA,2024-05-28,False,False,False,5,False,613,1095190.35,10.39877300613497,True,True
PROD-3256,Smartphones,1048.0,389.77,190,27.5,Norte,2025-10-07,False,False,False,25-30 días,False,116,408478.95999999996,5.515789473684211,True,True
PROD-3257,Laptops,889.0,78.49,188,27.5,Sur,2024-05-26,False,False,False,25-30 días,False,615,69777.61,4.7287234042553195,True,True
PROD-3258,Laptops,1398.0,1325.12,112,5.0,Occidente,2024-07-24,True,False,False,,True,556,1852517.7599999998,12.482142857142858,True,False
PROD-3259,Smartphones,520.0,1450.13,171,5.0,BOD-EXT-99,2025-10-10,False,False,False,5,False,113,754067.6000000001,3.0409356725146197,True,True
PROD-3260,Monitores,950.0,545.28,283,3.0,BOD-EXT-99,2024-08-07,False,False,False,3,False,542,518016.0,3.3568904593639575,True,True
PROD-3261,Laptops,1155.0,540.83,104,27.5,Sur,2024-03-27,True,False,False,25-30 días,False,675,624658.65,11.10576923076923,True,False
PROD-3262,Tablets,867.0,60.28,111,5.0,Sur,2025-04-14,False,False,False,,True,292,52262.76,7.8108108108108105,True,False
PROD-3263,Tablets,1824.0,1036.36,268,3.0,BOD-EXT-99,2025-07-21,False,False,False,3,False,194,1890320.64,6.8059701492537314,True,True
PROD-3264,Laptops,782.0,1246.89,102,27.5,BOD-EXT-99,2025-04-15,False,False,False,25-30 días,False,291,975067.9800000001,7.666666666666667,True,True
PROD-3265,Monitores,1628.0,262.58,132,27.5,Norte,2025-05-16,False,False,False,25-30 días,False,260,427480.24,12.333333333333334,True,True
PROD-3266,Accesorios,565.0,281.52,220,5.0,Sur,2025-07-09,False,False,False,,True,206,159058.8,2.5681818181818183,True,False
PROD-3267,Laptops,355.0,1195.62,149,5.0,BOD-EXT-99,2024-07-17,True,False,False,,True,563,424445.1,2.38255033557047,True,False
PROD-3268,Monitores,1699.0,943.62,283,10.0,Norte,2025-12-14,False,False,False,10,False,48,1603210.3800000001,6.003533568904594,True,True
PROD-3269,Accesorios,42.0,115.05,236,0.0,BOD-EXT-99,2026-01-26,False,False,False,Inmediato,False,5,4832.099999999999,0.17796610169491525,False,True
PROD-3270,Monitores,603.0,952.69,277,0.0,Occidente,2025-01-18,False,False,False,Inmediato,False,378,574472.0700000001,2.1768953068592056,True,True
PROD-3271,Monitores,383.0,497.93,128,3.0,Occidente,2025-01-03,False,False,False,3,False,393,190707.19,2.9921875,True,True
PROD-3272,Laptops,1085.0,584.65,138,0.0,Norte,2025-06-22,False,False,False,Inmediato,False,223,634345.25,7.86231884057971,True,True
PROD-3273,Tablets,324.0,1166.11,190,3.0,Norte,2026-01-09,False,False,False,3,False,22,377819.63999999996,1.7052631578947368,False,True
PROD-3274,Laptops,1016.0,1225.86,199,27.5,Sur,2024-04-15,True,False,False,25-30 días,False,656,1245473.76,5.105527638190955,True,False
PROD-3275,Monitores,961.0,630.52,272,10.0,Sur,2025-10-14,False,True,False,10,False,109,605929.72,3.5330882352941178,True,False
PROD-3276,Laptops,156.0,1423.37,116,10.0,BOD-EXT-99,2024-07-28,True,False,False,10,False,552,222045.71999999997,1.3448275862068966,False,False
PROD-3277,Laptops,729.0,639.37,155,27.5,Occidente,2024-12-29,False,False,False,25-30 días,False,398,466100.73,4.703225806451613,True,True
PROD-3278,Monitores,1269.0,1169.16,145,5.0,Norte,2025-08-13,False,False,False,,True,171,1483664.04,8.751724137931035,True,False
PROD-3279,Smartphones,1091.0,751.62,166,5.0,Norte,2024-03-05,False,False,False,5,False,697,820017.42,6.572289156626506,True,True
PROD-3280,Tablets,481.0,1351.42,296,5.0,Norte,2025-04-01,False,False,False,5,False,305,650033.02,1.625,False,True
PROD-3281,Smartphones,39.0,1366.25,241,0.0,BOD-EXT-99,2024-07-17,False,False,False,Inmediato,False,563,53283.75,0.16182572614107885,False,True
PROD-3282,Laptops,1067.0,176.75,166,5.0,Sur,2024-06-29,True,False,False,,True,581,188592.25,6.427710843373494,True,False
PROD-3283,Laptops,1019.5,1407.92,122,3.0,Norte,2025-09-03,True,True,False,3,False,150,1435374.4400000002,8.35655737704918,True,False
PROD-3284,Tablets,1807.0,1247.03,193,10.0,BOD-EXT-99,2024-11-30,False,False,False,10,False,427,2253383.21,9.362694300518134,True,True
PROD-3285,Laptops,754.0,1197.4,288,0.0,BOD-EXT-99,2024-05-21,True,False,False,Inmediato,False,620,902839.6000000001,2.6180555555555554,True,False
PROD-3286,Smartphones,894.0,341.32,250,27.5,Norte,2024-10-22,False,False,False,25-30 días,False,466,305140.08,3.576,True,True
PROD-3287,Monitores,1807.0,1217.42,254,5.0,ZONA_FRANCA,2024-05-12,False,False,False,,True,629,2199877.94,7.1141732283464565,True,False
PROD-3288,Monitores,1560.0,1282.69,153,10.0,Norte,2024-06-04,False,False,False,10,False,606,2000996.4000000001,10.196078431372548,True,True
PROD-3289,Laptops,1909.0,469.27,237,3.0,ZONA_FRANCA,2024-07-25,False,False,False,3,False,555,895836.4299999999,8.054852320675106,True,True
PROD-3290,Laptops,1002.0,1430.78,176,3.0,Sur,2025-11-26,False,False,False,3,False,66,1433641.56,5.693181818181818,True,True
PROD-3291,Laptops,245.0,122.3,115,5.0,BOD-EXT-99,2025-08-29,True,False,False,5,False,155,29963.5,2.130434782608696,True,False
PROD-3292,Smartphones,875.0,267.37,140,0.0,Norte,2025-07-10,False,False,False,Inmediato,False,205,233948.75,6.25,True,True
PROD-3293,Laptops,589.0,829.49,197,27.5,Occidente,2025-08-30,True,False,False,25-30 días,False,154,488569.61,2.989847715736041,True,False
PROD-3294,Laptops,577.0,884.9,282,10.0,Sur,2024-03-12,True,False,False,10,False,690,510587.3,2.0460992907801416,True,False
PROD-3295,Accesorios,1117.0,985.47,227,3.0,Norte,2024-09-10,False,False,False,3,False,508,1100769.99,4.920704845814978,True,True
PROD-3296,Laptops,891.0,74.61,160,10.0,Norte,2024-07-09,False,False,False,10,False,571,66477.51,5.56875,True,True
PROD-3297,Smartphones,779.0,1442.53,185,27.5,ZONA_FRANCA,2025-11-19,False,False,False,25-30 días,False,73,1123730.8699999999,4.210810810810811,True,True
PROD-3298,Smartphones,1720.0,114.65,217,10.0,BOD-EXT-99,2025-12-14,False,False,False,10,False,48,197198.0,7.926267281105991,True,True
PROD-3299,Laptops,925.0,257.44,199,0.0,ZONA_FRANCA,2024-10-22,True,False,False,Inmediato,False,466,238132.0,4.648241206030151,True,False
PROD-3300,Laptops,1019.5,70.32,148,5.0,Occidente,2024-06-26,False,True,False,5,False,584,71691.23999999999,6.888513513513513,True,False
PROD-3301,Monitores,904.0,871.94,279,10.0,Occidente,2025-08-06,False,False,False,10,False,178,788233.76,3.240143369175627,True,True
PROD-3302,Smartphones,1212.0,1401.79,101,5.0,Norte,2025-12-15,False,False,False,,True,47,1698969.48,12.0,True,False
PROD-3303,Monitores,901.0,1015.62,219,5.0,Norte,2025-11-21,False,False,False,5,False,71,915073.62,4.114155251141552,True,True
PROD-3304,Laptops,893.0,1242.85,277,27.5,Norte,2025-10-11,False,False,False,25-30 días,False,112,1109865.0499999998,3.223826714801444,True,True
PROD-3305,Monitores,1154.0,69.26,222,5.0,Norte,2025-08-26,False,False,False,5,False,158,79926.04000000001,5.198198198198198,True,True
PROD-3306,Tablets,1484.0,835.92,185,10.0,Occidente,2026-01-02,False,False,False,10,False,29,1240505.28,8.021621621621621,True,True
PROD-3307,Accesorios,1046.0,716.37,270,10.0,ZONA_FRANCA,2025-10-27,False,False,False,10,False,96,749323.02,3.8740740740740742,True,True
PROD-3308,Smartphones,128.0,773.5,176,5.0,Occidente,2025-05-26,False,False,False,,True,250,99008.0,0.7272727272727273,False,False
PROD-3309,Smartphones,1778.0,154.71,235,3.0,BOD-EXT-99,2024-08-31,False,False,False,3,False,518,275074.38,7.56595744680851,True,True
PROD-3310,Laptops,1207.0,1042.43,158,5.0,Occidente,2025-11-01,False,False,False,,True,91,1258213.01,7.639240506329114,True,False
PROD-3311,Accesorios,414.0,779.67,292,10.0,Occidente,2025-10-11,False,False,False,10,False,112,322783.38,1.417808219178082,False,True
PROD-3312,Smartphones,1724.0,1159.47,111,5.0,Norte,2025-05-18,False,False,False,5,False,258,1998926.28,15.531531531531531,True,True
PROD-3313,Monitores,1180.0,753.67,103,5.0,Norte,2025-10-17,False,False,False,,True,106,889330.6,11.45631067961165,True,False
PROD-3314,Smartphones,834.0,266.6,216,5.0,Norte,2024-07-06,False,False,False,,True,574,222344.40000000002,3.861111111111111,True,False
PROD-3315,Monitores,1282.0,989.97,194,3.0,Sur,2025-01-07,False,False,False,3,False,389,1269141.54,6.608247422680412,True,True
PROD-3316,Tablets,1604.0,299.96,224,10.0,Occidente,2025-02-08,False,False,False,10,False,357,481135.83999999997,7.160714285714286,True,True
PROD-3317,Laptops,894.0,1314.97,140,10.0,Occidente,2025-07-17,False,False,False,10,False,198,1175583.18,6.385714285714286,True,True
PROD-3318,Smartphones,874.0,939.02,222,27.5,Sur,2024-12-01,False,False,False,25-30 días,False,426,820703.48,3.936936936936937,True,True
PROD-3319,Smartphones,1888.0,277.95,106,3.0,Occidente,2024-10-11,False,False,False,3,False,477,524769.6,17.81132075471698,True,True
PROD-3320,Smartphones,443.0,1445.39,168,27.5,Occidente,2024-09-16,False,False,False,25-30 días,False,502,640307.77,2.636904761904762,True,True
PROD-3321,Tablets,1496.0,801.63,168,27.5,BOD-EXT-99,2024-04-14,False,False,False,25-30 días,False,657,1199238.48,8.904761904761905,True,True
PROD-3322,Tablets,1919.0,155.7,180,27.5,Occidente,2024-07-08,False,False,False,25-30 días,False,572,298788.3,10.661111111111111,True,True
PROD-3323,Laptops,1044.0,958.91,129,0.0,Sur,2025-10-04,True,False,False,Inmediato,False,119,1001102.0399999999,8.093023255813954,True,False
PROD-3324,Smartphones,1775.0,417.14,172,27.5,Norte,2024-07-08,False,False,False,25-30 días,False,572,740423.5,10.319767441860465,True,True
PROD-3325,Monitores,961.0,1215.36,105,5.0,Occidente,2025-03-29,False,True,False,,True,308,1167960.96,9.152380952380952,True,False
PROD-3326,Laptops,712.0,1235.84,188,5.0,Norte,2024-08-12,False,False,False,5,False,537,879918.08,3.7872340425531914,True,True
PROD-3327,Smartphones,1058.0,1469.47,246,5.0,Sur,2024-05-15,False,True,False,,True,626,1554699.26,4.300813008130081,True,False
PROD-3328,Smartphones,855.0,777.71,165,5.0,ZONA_FRANCA,2024-10-14,False,False,False,,True,474,664942.05,5.181818181818182,True,False
PROD-3329,Tablets,513.0,709.69,109,10.0,BOD-EXT-99,2024-07-29,False,False,False,10,False,551,364070.97000000003,4.706422018348624,True,True
PROD-3330,Accesorios,732.0,1142.54,243,0.0,Sur,2025-02-22,False,False,False,Inmediato,False,343,836339.28,3.0123456790123457,True,True
PROD-3331,Tablets,1990.0,242.08,136,27.5,Norte,2024-05-14,False,False,False,25-30 días,False,627,481739.2,14.632352941176471,True,True
PROD-3332,Laptops,1781.0,843.03,176,10.0,Sur,2025-09-18,False,False,False,10,False,135,1501436.43,10.119318181818182,True,True
PROD-3333,Monitores,533.0,842.06,176,3.0,ZONA_FRANCA,2025-04-30,False,False,False,3,False,276,448817.98,3.028409090909091,True,True
PROD-3334,Monitores,1269.0,179.74,131,3.0,BOD-EXT-99,2024-08-17,False,False,False,3,False,532,228090.06,9.687022900763358,True,True
PROD-3335,Accesorios,185.0,656.08,146,10.0,Norte,2026-01-01,False,False,False,10,False,30,121374.8,1.2671232876712328,False,True
PROD-3336,Smartphones,1892.0,1287.26,209,5.0,ZONA_FRANCA,2025-05-30,False,False,False,5,False,246,2435495.92,9.052631578947368,True,True
PROD-3337,Tablets,309.0,1291.42,299,10.0,Sur,2024-12-17,False,False,False,10,False,410,399048.78,1.0334448160535117,False,True
PROD-3338,Laptops,1880.0,193.89,270,10.0,ZONA_FRANCA,2026-01-05,True,False,False,10,False,26,364513.19999999995,6.962962962962963,True,False
PROD-3339,Monitores,59.0,181.55,219,0.0,Sur,2025-11-20,False,False,False,Inmediato,False,72,10711.45,0.2694063926940639,False,True
PROD-3340,Laptops,141.0,430.91,263,3.0,Norte,2025-10-27,False,False,False,3,False,96,60758.310000000005,0.5361216730038023,False,True
PROD-3341,Smartphones,853.0,1318.41,253,3.0,Norte,2024-03-30,False,False,False,3,False,672,1124603.73,3.3715415019762847,True,True
PROD-3342,Laptops,1066.0,236.91,109,27.5,Norte,2025-02-20,False,False,False,25-30 días,False,345,252546.06,9.779816513761467,True,True
PROD-3343,Laptops,811.0,1094.0,258,5.0,Norte,2024-10-13,False,False,False,,True,475,887234.0,3.143410852713178,True,False
PROD-3344,Laptops,1033.0,196.69,196,10.0,Occidente,2025-04-07,False,False,False,10,False,299,203180.77,5.270408163265306,True,True
PROD-3345,Laptops,599.0,953.55,256,10.0,ZONA_FRANCA,2025-04-08,True,False,False,10,False,298,571176.45,2.33984375,True,False
PROD-3346,Smartphones,1058.0,566.3,104,5.0,ZONA_FRANCA,2025-04-20,False,True,False,5,False,286,599145.3999999999,10.173076923076923,True,False
PROD-3347,Tablets,586.0,1193.93,176,3.0,Sur,2024-11-09,False,False,False,3,False,448,699642.98,3.3295454545454546,True,True
PROD-3348,Accesorios,986.0,388.85,100,5.0,Norte,2025-07-04,False,False,False,5,False,211,383406.10000000003,9.86,True,True
PROD-3349,Laptops,1019.5,976.84,230,0.0,Norte,2025-11-17,True,True,False,Inmediato,False,75,995888.38,4.432608695652174,True,False
PROD-3350,Laptops,1019.5,391.74,166,27.5,Norte,2024-12-27,True,True,False,25-30 días,False,400,399378.93,6.141566265060241,True,False
PROD-3351,Monitores,1311.0,1084.81,298,5.0,Norte,2024-04-17,False,False,False,5,False,654,1422185.91,4.399328859060403,True,True
PROD-3352,Smartphones,1933.0,1316.83,262,3.0,BOD-EXT-99,2025-12-29,False,False,False,3,False,33,2545432.3899999997,7.377862595419847,True,True
PROD-3353,Laptops,115.0,233.86,114,0.0,Occidente,2024-09-21,True,False,False,Inmediato,False,497,26893.9,1.0087719298245614,False,False
PROD-3354,Laptops,1829.0,1306.56,294,10.0,Norte,2024-09-03,False,False,False,10,False,515,2389698.2399999998,6.22108843537415,True,True
PROD-3355,Smartphones,1058.0,910.68,192,0.0,Norte,2025-03-10,False,True,False,Inmediato,False,327,963499.44,5.510416666666667,True,False
PROD-3356,Laptops,1019.5,234.31,129,5.0,Occidente,2025-10-26,False,True,False,,True,97,238879.045,7.903100775193798,True,False
PROD-3357,Smartphones,1961.0,669.94,202,5.0,ZONA_FRANCA,2025-01-31,False,False,False,5,False,365,1313752.34,9.707920792079207,True,True
PROD-3358,Tablets,435.0,283.25,181,3.0,Sur,2024-10-26,False,False,False,3,False,462,123213.75,2.403314917127072,True,True
PROD-3359,Laptops,1239.0,1065.5,174,5.0,Norte,2026-01-04,False,False,False,5,False,27,1320154.5,7.120689655172414,True,True
PROD-3360,Laptops,1397.0,1150.36,270,10.0,Norte,2025-01-11,True,False,False,10,False,385,1607052.92,5.174074074074074,True,False
PROD-3361,Tablets,1893.0,203.4,159,10.0,BOD-EXT-99,2025-05-04,False,False,False,10,False,272,385036.2,11.90566037735849,True,True
PROD-3362,Smartphones,1913.0,783.9,139,3.0,ZONA_FRANCA,2025-09-27,False,False,False,3,False,126,1499600.7,13.762589928057555,True,True
PROD-3363,Accesorios,1801.0,1231.21,292,5.0,Norte,2025-07-14,False,False,False,,True,201,2217409.21,6.167808219178082,True,False
PROD-3364,Accesorios,1419.0,1407.44,256,27.5,BOD-EXT-99,2024-08-29,False,False,False,25-30 días,False,520,1997157.36,5.54296875,True,True
PROD-3365,Smartphones,1316.0,794.6,173,0.0,BOD-EXT-99,2025-04-20,False,False,False,Inmediato,False,286,1045693.6,7.606936416184971,True,True
PROD-3366,Laptops,940.0,1427.9,220,0.0,BOD-EXT-99,2024-11-08,False,False,False,Inmediato,False,449,1342226.0,4.2727272727272725,True,True
PROD-3367,Monitores,774.0,826.75,246,10.0,Norte,2025-11-05,False,False,False,10,False,87,639904.5,3.1463414634146343,True,True
PROD-3368,Monitores,1412.0,621.58,102,5.0,Norte,2025-03-20,False,False,False,5,False,317,877670.9600000001,13.843137254901961,True,True
PROD-3369,Laptops,175.0,1279.89,135,5.0,Norte,2026-01-13,False,False,False,5,False,18,223980.75000000003,1.2962962962962963,False,True
PROD-3370,Accesorios,726.0,764.82,142,5.0,Occidente,2024-06-18,False,False,False,,True,592,555259.3200000001,5.112676056338028,True,False
PROD-3371,Accesorios,1062.0,734.26,242,27.5,BOD-EXT-99,2025-10-17,False,False,False,25-30 días,False,106,779784.12,4.3884297520661155,True,True
PROD-3372,Laptops,637.0,760.95,268,5.0,Occidente,2024-10-31,True,False,False,5,False,457,484725.15,2.376865671641791,True,False
PROD-3373,Accesorios,479.0,1277.84,214,0.0,Sur,2025-03-27,False,False,False,Inmediato,False,310,612085.36,2.2383177570093458,True,True
PROD-3374,Tablets,921.0,1256.32,208,5.0,Norte,2024-12-16,False,False,False,5,False,411,1157070.72,4.427884615384615,True,True
PROD-3375,Accesorios,987.0,635.1,189,27.5,ZONA_FRANCA,2024-05-18,False,True,False,25-30 días,False,623,626843.7000000001,5.222222222222222,True,False
PROD-3376,Smartphones,885.0,533.28,263,0.0,Norte,2024-05-07,False,False,False,Inmediato,False,634,471952.8,3.365019011406844,True,True
PROD-3377,Laptops,1372.0,763.3,183,5.0,Sur,2024-09-21,True,False,False,5,False,497,1047247.6,7.497267759562842,True,False
PROD-3378,Laptops,1244.0,880.52,176,0.0,Norte,2025-06-02,False,False,False,Inmediato,False,243,1095366.88,7.068181818181818,True,True
PROD-3379,Accesorios,1948.0,395.59,260,10.0,Norte,2024-03-13,False,False,False,10,False,689,770609.32,7.492307692307692,True,True
PROD-3380,Laptops,1476.0,1201.23,104,10.0,Norte,2024-07-04,False,False,False,10,False,576,1773015.48,14.192307692307692,True,True
PROD-3381,Laptops,628.0,755.4,177,5.0,ZONA_FRANCA,2025-01-17,False,False,False,,True,379,474391.2,3.5480225988700567,True,False
PROD-3382,Tablets,1020.0,534.37,190,10.0,Norte,2024-09-04,False,True,False,10,False,514,545057.4,5.368421052631579,True,False
PROD-3383,Laptops,1055.0,204.89,186,5.0,BOD-EXT-99,2025-07-09,False,False,False,5,False,206,216158.94999999998,5.672043010752688,True,True
PROD-3384,Laptops,794.0,396.33,113,27.5,Norte,2025-01-03,False,False,False,25-30 días,False,393,314686.01999999996,7.0265486725663715,True,True
PROD-3385,Laptops,1693.0,1426.46,203,0.0,Sur,2026-01-11,False,False,False,Inmediato,False,20,2414996.7800000003,8.339901477832512,True,True
PROD-3386,Tablets,396.0,492.39,295,3.0,ZONA_FRANCA,2024-08-23,False,False,False,3,False,526,194986.44,1.3423728813559321,False,True
PROD-3387,Laptops,1184.0,294.85,182,10.0,ZONA_FRANCA,2025-02-23,True,False,False,10,False,342,349102.4,6.5054945054945055,True,False
PROD-3388,Smartphones,1300.0,717.98,274,10.0,Norte,2025-07-14,False,False,False,10,False,201,933374.0,4.744525547445256,True,True
PROD-3389,Tablets,176.0,495.28,153,3.0,ZONA_FRANCA,2025-10-04,False,False,False,3,False,119,87169.28,1.1503267973856208,False,True
PROD-3390,Tablets,1020.0,100.98,231,3.0,Sur,2024-04-23,False,True,False,3,False,648,102999.6,4.415584415584416,True,False
PROD-3391,Laptops,1412.0,518.56,194,5.0,Sur,2025-01-08,False,False,False,5,False,388,732206.72,7.278350515463917,True,True
PROD-3392,Laptops,1780.0,838.96,108,0.0,Sur,2024-08-13,True,False,False,Inmediato,False,536,1493348.8,16.48148148148148,True,False
PROD-3393,Smartphones,136.0,849.98,152,10.0,BOD-EXT-99,2025-06-12,False,False,False,10,False,233,115597.28,0.8947368421052632,False,True
PROD-3394,Monitores,1882.0,567.01,176,27.5,Norte,2024-05-09,False,False,False,25-30 días,False,632,1067112.82,10.693181818181818,True,True
PROD-3395,Accesorios,798.0,698.59,159,5.0,Norte,2024-06-09,False,False,False,5,False,601,557474.8200000001,5.018867924528302,True,True
PROD-3396,Accesorios,1982.0,1450.0,145,5.0,ZONA_FRANCA,2025-03-18,False,False,False,5,False,319,2873900.0,13.668965517241379,True,True
PROD-3397,Smartphones,1202.0,597.16,153,27.5,Sur,2025-08-05,False,False,False,25-30 días,False,179,717786.32,7.856209150326797,True,True
PROD-3398,Smartphones,1363.0,424.43,173,27.5,Norte,2025-01-29,False,False,False,25-30 días,False,367,578498.09,7.878612716763006,True,True
PROD-3399,Accesorios,928.0,403.03,211,5.0,Norte,2025-11-17,False,False,False,,True,75,374011.83999999997,4.398104265402844,True,False
PROD-3400,Monitores,961.0,713.76,194,27.5,Norte,2024-04-23,False,True,False,25-30 días,False,648,685923.36,4.953608247422681,True,False
PROD-3401,Accesorios,1562.0,1151.3,264,3.0,BOD-EXT-99,2024-04-22,False,False,False,3,False,649,1798330.5999999999,5.916666666666667,True,True
PROD-3402,Smartphones,966.0,348.68,122,10.0,ZONA_FRANCA,2024-09-23,False,False,False,10,False,495,336824.88,7.918032786885246,True,True
PROD-3403,Monitores,1831.0,1078.48,126,5.0,BOD-EXT-99,2024-08-28,False,False,False,,True,521,1974696.8800000001,14.531746031746032,True,False
PROD-3404,Smartphones,219.0,80.67,169,3.0,ZONA_FRANCA,2025-07-15,False,False,False,3,False,200,17666.73,1.2958579881656804,False,True
PROD-3405,Laptops,1580.0,657.45,293,5.0,Sur,2025-02-20,False,False,False,,True,345,1038771.0000000001,5.392491467576792,True,False
PROD-3406,Laptops,259.0,1175.0,208,10.0,Sur,2024-10-06,False,False,False,10,False,482,304325.0,1.2451923076923077,False,True
PROD-3407,Smartphones,1993.0,541.16,288,5.0,Norte,2025-06-27,False,False,False,,True,218,1078531.88,6.920138888888889,True,False
PROD-3408,Smartphones,1524.0,867.42,176,3.0,ZONA_FRANCA,2025-12-03,False,False,False,3,False,59,1321948.0799999998,8.659090909090908,True,True
PROD-3409,Laptops,1045.0,347.22,278,0.0,ZONA_FRANCA,2024-04-13,True,False,False,Inmediato,False,658,362844.9,3.758992805755396,True,False
PROD-3410,Smartphones,1645.0,1125.89,149,10.0,BOD-EXT-99,2024-05-23,False,False,False,10,False,618,1852089.0500000003,11.04026845637584,True,True
PROD-3411,Smartphones,1395.0,125.8,223,5.0,Sur,2024-07-31,False,False,False,5,False,549,175491.0,6.255605381165919,True,True
PROD-3412,Tablets,169.0,1286.19,118,10.0,Occidente,2024-04-26,False,False,False,10,False,645,217366.11000000002,1.4322033898305084,False,True
PROD-3413,Smartphones,2.0,337.38,100,10.0,Norte,2025-06-25,False,False,False,10,False,220,674.76,0.02,False,True
PROD-3414,Tablets,1707.0,1317.88,139,10.0,ZONA_FRANCA,2024-09-17,False,False,False,10,False,501,2249621.16,12.280575539568344,True,True
PROD-3415,Tablets,1424.0,561.17,259,0.0,Norte,2025-09-21,False,False,False,Inmediato,False,132,799106.08,5.498069498069498,True,True
PROD-3416,Laptops,1616.0,1097.89,121,3.0,Norte,2025-12-10,False,False,False,3,False,52,1774190.2400000002,13.355371900826446,True,True
PROD-3417,Tablets,1210.0,512.88,211,5.0,Occidente,2024-11-08,False,False,False,5,False,449,620584.8,5.734597156398104,True,True
PROD-3418,Monitores,669.0,1363.57,293,3.0,Sur,2025-12-01,False,False,False,3,False,61,912228.33,2.2832764505119454,True,True
PROD-3419,Accesorios,355.0,233.62,139,5.0,Sur,2026-01-09,False,False,False,,True,22,82935.1,2.553956834532374,True,False
PROD-3420,Laptops,21.0,308.85,137,5.0,Sur,2025-12-19,False,False,False,,True,43,6485.85,0.15328467153284672,False,False
PROD-3421,Smartphones,1803.0,764.89,147,5.0,BOD-EXT-99,2024-07-23,False,False,False,,True,557,1379096.67,12.26530612244898,True,False
PROD-3422,Monitores,1179.0,168.81,282,3.0,Norte,2024-04-13,False,False,False,3,False,658,199026.99,4.180851063829787,True,True
PROD-3423,Laptops,1517.0,334.17,174,27.5,Sur,2025-12-16,False,False,False,25-30 días,False,46,506935.89,8.718390804597702,True,True
PROD-3424,Smartphones,336.0,1418.46,282,0.0,Norte,2026-01-08,False,False,False,Inmediato,False,23,476602.56,1.1914893617021276,False,True
PROD-3425,Smartphones,1058.0,1465.91,278,27.5,Occidente,2024-04-15,False,True,False,25-30 días,False,656,1550932.78,3.805755395683453,True,False
PROD-3426,Smartphones,1741.0,595.58,206,5.0,Norte,2025-11-04,False,False,False,,True,88,1036904.78,8.451456310679612,True,False
PROD-3427,Monitores,648.0,1388.76,287,0.0,BOD-EXT-99,2025-08-11,False,False,False,Inmediato,False,173,899916.48,2.2578397212543555,True,True
PROD-3428,Monitores,1150.0,840.0,107,3.0,ZONA_FRANCA,2024-07-05,False,False,False,3,False,575,966000.0,10.74766355140187,True,True
PROD-3429,Smartphones,776.0,441.13,185,5.0,Occidente,2025-10-05,False,False,False,,True,118,342316.88,4.194594594594594,True,False
PROD-3430,Accesorios,1772.0,1068.48,167,3.0,Norte,2024-04-04,False,False,False,3,False,667,1893346.56,10.610778443113773,True,True
PROD-3431,Laptops,298.0,1005.41,174,0.0,Occidente,2025-08-07,True,False,False,Inmediato,False,177,299612.18,1.7126436781609196,False,False
PROD-3432,Tablets,1228.0,1484.23,299,3.0,ZONA_FRANCA,2025-02-24,False,False,False,3,False,341,1822634.44,4.107023411371237,True,True
PROD-3433,Smartphones,257.0,434.32,236,3.0,BOD-EXT-99,2024-07-13,False,False,False,3,False,567,111620.24,1.0889830508474576,False,True
PROD-3434,Laptops,1100.0,1024.49,189,5.0,Norte,2025-12-04,False,False,False,5,False,58,1126939.0,5.8201058201058204,True,True
PROD-3435,Accesorios,1910.0,125.43,229,27.5,ZONA_FRANCA,2024-11-20,False,False,False,25-30 días,False,437,239571.30000000002,8.34061135371179,True,True
PROD-3436,Laptops,715.0,214.79,179,27.5,BOD-EXT-99,2024-11-30,False,False,False,25-30 días,False,427,153574.85,3.994413407821229,True,True
PROD-3437,Smartphones,674.0,55.68,194,27.5,Norte,2024-12-02,False,False,False,25-30 días,False,425,37528.32,3.4742268041237114,True,True
PROD-3438,Smartphones,1569.0,1499.22,169,10.0,ZONA_FRANCA,2025-01-16,False,False,False,10,False,380,2352276.18,9.284023668639053,True,True
PROD-3439,Smartphones,332.0,1213.3,189,5.0,Occidente,2024-10-03,False,False,False,5,False,485,402815.6,1.7566137566137565,False,True
PROD-3440,Laptops,474.0,1190.75,158,5.0,Sur,2025-07-31,False,False,False,,True,184,564415.5,3.0,True,False
PROD-3441,Laptops,225.0,789.1,246,5.0,Occidente,2024-07-22,False,False,False,,True,558,177547.5,0.9146341463414634,False,False
PROD-3442,Accesorios,286.0,485.1,127,5.0,Norte,2024-10-29,False,False,False,,True,459,138738.6,2.251968503937008,True,False
PROD-3443,Laptops,1923.0,269.33,171,27.5,Norte,2025-10-22,True,False,False,25-30 días,False,101,517921.58999999997,11.24561403508772,True,False
PROD-3444,Accesorios,430.0,462.78,113,27.5,ZONA_FRANCA,2024-07-25,False,False,False,25-30 días,False,555,198995.4,3.8053097345132745,True,True
PROD-3445,Monitores,860.0,595.16,123,5.0,Norte,2026-01-17,False,False,False,5,False,14,511837.6,6.991869918699187,True,True
PROD-3446,Monitores,1946.0,1146.65,211,3.0,Norte,2025-12-12,False,False,False,3,False,50,2231380.9000000004,9.222748815165877,True,True
PROD-3447,Smartphones,1301.0,832.51,143,27.5,ZONA_FRANCA,2025-03-29,False,False,False,25-30 días,False,308,1083095.51,9.097902097902098,True,True
PROD-3448,Laptops,1983.0,162.35,155,5.0,BOD-EXT-99,2025-12-29,True,False,False,,True,33,321940.05,12.793548387096774,True,False
PROD-3449,Monitores,1704.0,76.14,219,3.0,BOD-EXT-99,2024-05-06,False,False,False,3,False,635,129742.56,7.780821917808219,True,True
PROD-3450,Smartphones,1058.0,198.38,278,27.5,Occidente,2024-06-22,False,True,False,25-30 días,False,588,209886.04,3.805755395683453,True,False
PROD-3451,Accesorios,58.0,645.22,131,0.0,Occidente,2024-05-07,False,False,False,Inmediato,False,634,37422.76,0.44274809160305345,False,True
PROD-3452,Laptops,277.0,1403.13,277,10.0,Norte,2025-07-11,False,False,False,10,False,204,388667.01,1.0,False,True
PROD-3453,Smartphones,1749.0,974.23,268,27.5,BOD-EXT-99,2025-11-23,False,False,False,25-30 días,False,69,1703928.27,6.526119402985074,True,True
PROD-3454,Laptops,264.0,1212.65,293,0.0,ZONA_FRANCA,2025-06-16,False,False,False,Inmediato,False,229,320139.60000000003,0.9010238907849829,False,True
PROD-3455,Monitores,1084.0,726.24,124,5.0,BOD-EXT-99,2024-10-09,False,False,False,5,False,479,787244.16,8.741935483870968,True,True
PROD-3456,Smartphones,730.0,574.42,215,0.0,Occidente,2024-08-17,False,False,False,Inmediato,False,532,419326.6,3.395348837209302,True,True
PROD-3457,Smartphones,1470.0,207.18,288,5.0,Norte,2025-10-16,False,False,False,5,False,107,304554.60000000003,5.104166666666667,True,True
PROD-3458,Laptops,105.0,1320.1,165,27.5,BOD-EXT-99,2025-06-05,False,False,False,25-30 días,False,240,138610.5,0.6363636363636364,False,True
PROD-3459,Tablets,1446.0,1185.58,141,5.0,Norte,2025-05-26,False,False,False,5,False,250,1714348.68,10.25531914893617,True,True
PROD-3460,Accesorios,1674.0,293.77,292,0.0,BOD-EXT-99,2025-09-19,False,False,False,Inmediato,False,134,491770.98,5.732876712328767,True,True
PROD-3461,Laptops,836.0,792.78,263,10.0,Norte,2025-11-03,False,False,False,10,False,89,662764.08,3.178707224334601,True,True
PROD-3462,Smartphones,671.0,756.69,175,3.0,BOD-EXT-99,2024-06-20,False,False,False,3,False,590,507738.99000000005,3.834285714285714,True,True
PROD-3463,Tablets,862.0,956.38,236,3.0,Occidente,2024-11-18,False,False,False,3,False,439,824399.5599999999,3.652542372881356,True,True
PROD-3464,Monitores,820.0,1421.97,263,10.0,ZONA_FRANCA,2024-03-14,False,False,False,10,False,688,1166015.4,3.11787072243346,True,True
PROD-3465,Smartphones,1058.0,890.67,137,5.0,Occidente,2025-04-09,False,True,False,,True,297,942328.86,7.7226277372262775,True,False
PROD-3466,Laptops,447.0,833.32,260,3.0,Occidente,2024-12-21,True,False,False,3,False,406,372494.04000000004,1.7192307692307693,False,False
PROD-3467,Laptops,1706.0,122.97,269,27.5,Occidente,2025-03-30,False,False,False,25-30 días,False,307,209786.82,6.342007434944238,True,True
PROD-3468,Laptops,1067.0,141.22,160,5.0,Norte,2025-10-22,False,False,False,,True,101,150681.74,6.66875,True,False
PROD-3469,Laptops,1144.0,321.65,273,27.5,Sur,2025-02-05,True,False,False,25-30 días,False,360,367967.6,4.190476190476191,True,False
PROD-3470,Accesorios,1954.0,97.08,188,0.0,Sur,2024-05-18,False,False,False,Inmediato,False,623,189694.32,10.393617021276595,True,True
PROD-3471,Tablets,1597.0,1127.86,288,0.0,Norte,2024-03-10,False,False,False,Inmediato,False,692,1801192.42,5.545138888888889,True,True
PROD-3472,Smartphones,1540.0,1098.83,117,5.0,Occidente,2024-05-26,False,False,False,,True,615,1692198.2,13.162393162393162,True,False
PROD-3473,Accesorios,1440.0,247.28,169,5.0,Sur,2024-08-22,False,False,False,,True,527,356083.2,8.520710059171599,True,False
PROD-3474,Laptops,92.0,1262.31,181,5.0,Norte,2024-06-03,True,False,False,,True,607,116132.51999999999,0.5082872928176796,False,False
PROD-3475,Smartphones,1058.0,274.44,215,5.0,Norte,2025-04-14,False,True,False,,True,292,290357.52,4.920930232558139,True,False
PROD-3476,Laptops,1174.0,486.7,179,5.0,Occidente,2025-09-08,True,False,False,5,False,145,571385.7999999999,6.558659217877095,True,False
PROD-3477,Accesorios,514.0,411.02,114,5.0,ZONA_FRANCA,2024-12-24,False,False,False,,True,403,211264.28,4.508771929824562,True,False
PROD-3478,Laptops,1665.0,589.85,275,5.0,Norte,2026-01-30,False,False,False,,True,1,982100.25,6.054545454545455,True,False
PROD-3479,Laptops,366.0,419.26,299,0.0,Norte,2025-10-05,False,False,False,Inmediato,False,118,153449.16,1.2240802675585285,False,True
PROD-3480,Laptops,1798.0,758.98,112,27.5,Norte,2024-06-05,False,False,False,25-30 días,False,605,1364646.04,16.053571428571427,True,True
PROD-3481,Monitores,1667.0,640.74,218,0.0,ZONA_FRANCA,2025-07-25,False,False,False,Inmediato,False,190,1068113.58,7.646788990825688,True,True
PROD-3482,Monitores,1340.0,1480.53,142,3.0,Norte,2026-01-29,False,False,False,3,False,2,1983910.2,9.43661971830986,True,True
PROD-3483,Laptops,1017.0,131.09,287,5.0,Norte,2024-10-02,True,False,False,5,False,486,133318.53,3.543554006968641,True,False
PROD-3484,Smartphones,1816.0,256.16,156,5.0,ZONA_FRANCA,2024-05-19,False,False,False,5,False,622,465186.56000000006,11.64102564102564,True,True
PROD-3485,Smartphones,1071.0,126.6,298,27.5,ZONA_FRANCA,2025-08-08,False,False,False,25-30 días,False,176,135588.6,3.5939597315436242,True,True
PROD-3486,Laptops,1238.0,957.47,116,5.0,Norte,2025-05-20,False,False,False,,True,256,1185347.86,10.672413793103448,True,False
PROD-3487,Tablets,1756.0,129.04,277,0.0,ZONA_FRANCA,2024-08-16,False,False,False,Inmediato,False,533,226594.24,6.3393501805054155,True,True
PROD-3488,Accesorios,1454.0,1262.84,131,3.0,Norte,2024-10-12,False,False,False,3,False,476,1836169.3599999999,11.099236641221374,True,True
PROD-3489,Smartphones,966.0,792.31,249,0.0,Occidente,2024-12-30,False,False,False,Inmediato,False,397,765371.46,3.8795180722891565,True,True
PROD-3490,Smartphones,902.0,814.16,154,5.0,ZONA_FRANCA,2024-09-23,False,False,False,,True,495,734372.32,5.857142857142857,True,False
PROD-3491,Monitores,21.0,864.31,284,5.0,Norte,2025-06-26,False,False,False,,True,219,18150.51,0.07394366197183098,False,False
PROD-3492,Laptops,1640.0,297.68,112,10.0,Occidente,2025-08-12,True,False,False,10,False,172,488195.2,14.642857142857142,True,False
PROD-3493,Accesorios,1241.0,336.65,146,0.0,ZONA_FRANCA,2025-01-07,False,False,False,Inmediato,False,389,417782.64999999997,8.5,True,True
PROD-3494,Monitores,1294.0,512.29,186,27.5,Occidente,2024-09-17,False,False,False,25-30 días,False,501,662903.26,6.956989247311828,True,True
PROD-3495,Laptops,832.0,910.57,161,0.0,BOD-EXT-99,2024-07-04,True,False,False,Inmediato,False,576,757594.24,5.167701863354037,True,False
PROD-3496,Accesorios,88.0,354.67,281,5.0,ZONA_FRANCA,2025-05-17,False,False,False,5,False,259,31210.960000000003,0.31316725978647686,False,True
PROD-3497,Tablets,1454.0,218.68,128,3.0,BOD-EXT-99,2025-09-23,False,False,False,3,False,130,317960.72000000003,11.359375,True,True
PROD-3498,Smartphones,682.0,1456.67,121,27.5,Norte,2025-10-11,False,False,False,25-30 días,False,112,993448.9400000001,5.636363636363637,True,True
PROD-3499,Accesorios,1698.0,81.87,164,10.0,Norte,2026-01-12,False,False,False,10,False,19,139015.26,10.353658536585366,True,True
